/* SPDX-License-Identifier: (LGPL-2.1 OR BSD-2-Clause) */

/* THIS FILE IS AUTOGENERATED BY BPFTOOL! */
#ifndef __SSLSNIFF_BPF_SKEL_H__
#define __SSLSNIFF_BPF_SKEL_H__

#include <errno.h>
#include <stdlib.h>
#include <bpf/libbpf.h>

#define BPF_SKEL_SUPPORTS_MAP_AUTO_ATTACH 1

struct sslsniff_bpf {
	struct bpf_object_skeleton *skeleton;
	struct bpf_object *obj;
	struct {
		struct bpf_map *events;
		struct bpf_map *stats;
		struct bpf_map *active_calls;
		struct bpf_map *conns;
	} maps;
	struct {
		struct bpf_program *ssl_write_enter;
		struct bpf_program *ssl_read_enter;
		struct bpf_program *ssl_write_ex_enter;
		struct bpf_program *ssl_read_ex_enter;
		struct bpf_program *ssl_set_fd_enter;
		struct bpf_program *ssl_free_enter;
		struct bpf_program *ssl_write_leave;
		struct bpf_program *ssl_read_leave;
		struct bpf_program *ssl_write_ex_leave;
		struct bpf_program *ssl_read_ex_leave;
	} progs;
	struct {
		struct bpf_link *ssl_write_enter;
		struct bpf_link *ssl_read_enter;
		struct bpf_link *ssl_write_ex_enter;
		struct bpf_link *ssl_read_ex_enter;
		struct bpf_link *ssl_set_fd_enter;
		struct bpf_link *ssl_free_enter;
		struct bpf_link *ssl_write_leave;
		struct bpf_link *ssl_read_leave;
		struct bpf_link *ssl_write_ex_leave;
		struct bpf_link *ssl_read_ex_leave;
	} links;

#ifdef __cplusplus
	static inline struct sslsniff_bpf *open(const struct bpf_object_open_opts *opts = nullptr);
	static inline struct sslsniff_bpf *open_and_load();
	static inline int load(struct sslsniff_bpf *skel);
	static inline int attach(struct sslsniff_bpf *skel);
	static inline void detach(struct sslsniff_bpf *skel);
	static inline void destroy(struct sslsniff_bpf *skel);
	static inline const void *elf_bytes(size_t *sz);
#endif /* __cplusplus */
};

static void
sslsniff_bpf__destroy(struct sslsniff_bpf *obj)
{
	if (!obj)
		return;
	if (obj->skeleton)
		bpf_object__destroy_skeleton(obj->skeleton);
	free(obj);
}

static inline int
sslsniff_bpf__create_skeleton(struct sslsniff_bpf *obj);

static inline struct sslsniff_bpf *
sslsniff_bpf__open_opts(const struct bpf_object_open_opts *opts)
{
	struct sslsniff_bpf *obj;
	int err;

	obj = (struct sslsniff_bpf *)calloc(1, sizeof(*obj));
	if (!obj) {
		errno = ENOMEM;
		return NULL;
	}

	err = sslsniff_bpf__create_skeleton(obj);
	if (err)
		goto err_out;

	err = bpf_object__open_skeleton(obj->skeleton, opts);
	if (err)
		goto err_out;

	return obj;
err_out:
	sslsniff_bpf__destroy(obj);
	errno = -err;
	return NULL;
}

static inline struct sslsniff_bpf *
sslsniff_bpf__open(void)
{
	return sslsniff_bpf__open_opts(NULL);
}

static inline int
sslsniff_bpf__load(struct sslsniff_bpf *obj)
{
	return bpf_object__load_skeleton(obj->skeleton);
}

static inline struct sslsniff_bpf *
sslsniff_bpf__open_and_load(void)
{
	struct sslsniff_bpf *obj;
	int err;

	obj = sslsniff_bpf__open();
	if (!obj)
		return NULL;
	err = sslsniff_bpf__load(obj);
	if (err) {
		sslsniff_bpf__destroy(obj);
		errno = -err;
		return NULL;
	}
	return obj;
}

static inline int
sslsniff_bpf__attach(struct sslsniff_bpf *obj)
{
	return bpf_object__attach_skeleton(obj->skeleton);
}

static inline void
sslsniff_bpf__detach(struct sslsniff_bpf *obj)
{
	bpf_object__detach_skeleton(obj->skeleton);
}

static inline const void *sslsniff_bpf__elf_bytes(size_t *sz);

static inline int
sslsniff_bpf__create_skeleton(struct sslsniff_bpf *obj)
{
	struct bpf_object_skeleton *s;
	struct bpf_map_skeleton *map __attribute__((unused));
	int err;

	s = (struct bpf_object_skeleton *)calloc(1, sizeof(*s));
	if (!s)	{
		err = -ENOMEM;
		goto err;
	}

	s->sz = sizeof(*s);
	s->name = "sslsniff_bpf";
	s->obj = &obj->obj;

	/* maps */
	s->map_cnt = 4;
	s->map_skel_sz = 24;
	s->maps = (struct bpf_map_skeleton *)calloc(s->map_cnt,
			sizeof(*s->maps) > 24 ? sizeof(*s->maps) : 24);
	if (!s->maps) {
		err = -ENOMEM;
		goto err;
	}

	map = (struct bpf_map_skeleton *)((char *)s->maps + 0 * s->map_skel_sz);
	map->name = "events";
	map->map = &obj->maps.events;

	map = (struct bpf_map_skeleton *)((char *)s->maps + 1 * s->map_skel_sz);
	map->name = "stats";
	map->map = &obj->maps.stats;

	map = (struct bpf_map_skeleton *)((char *)s->maps + 2 * s->map_skel_sz);
	map->name = "active_calls";
	map->map = &obj->maps.active_calls;

	map = (struct bpf_map_skeleton *)((char *)s->maps + 3 * s->map_skel_sz);
	map->name = "conns";
	map->map = &obj->maps.conns;

	/* programs */
	s->prog_cnt = 10;
	s->prog_skel_sz = sizeof(*s->progs);
	s->progs = (struct bpf_prog_skeleton *)calloc(s->prog_cnt, s->prog_skel_sz);
	if (!s->progs) {
		err = -ENOMEM;
		goto err;
	}

	s->progs[0].name = "ssl_write_enter";
	s->progs[0].prog = &obj->progs.ssl_write_enter;
	s->progs[0].link = &obj->links.ssl_write_enter;

	s->progs[1].name = "ssl_read_enter";
	s->progs[1].prog = &obj->progs.ssl_read_enter;
	s->progs[1].link = &obj->links.ssl_read_enter;

	s->progs[2].name = "ssl_write_ex_enter";
	s->progs[2].prog = &obj->progs.ssl_write_ex_enter;
	s->progs[2].link = &obj->links.ssl_write_ex_enter;

	s->progs[3].name = "ssl_read_ex_enter";
	s->progs[3].prog = &obj->progs.ssl_read_ex_enter;
	s->progs[3].link = &obj->links.ssl_read_ex_enter;

	s->progs[4].name = "ssl_set_fd_enter";
	s->progs[4].prog = &obj->progs.ssl_set_fd_enter;
	s->progs[4].link = &obj->links.ssl_set_fd_enter;

	s->progs[5].name = "ssl_free_enter";
	s->progs[5].prog = &obj->progs.ssl_free_enter;
	s->progs[5].link = &obj->links.ssl_free_enter;

	s->progs[6].name = "ssl_write_leave";
	s->progs[6].prog = &obj->progs.ssl_write_leave;
	s->progs[6].link = &obj->links.ssl_write_leave;

	s->progs[7].name = "ssl_read_leave";
	s->progs[7].prog = &obj->progs.ssl_read_leave;
	s->progs[7].link = &obj->links.ssl_read_leave;

	s->progs[8].name = "ssl_write_ex_leave";
	s->progs[8].prog = &obj->progs.ssl_write_ex_leave;
	s->progs[8].link = &obj->links.ssl_write_ex_leave;

	s->progs[9].name = "ssl_read_ex_leave";
	s->progs[9].prog = &obj->progs.ssl_read_ex_leave;
	s->progs[9].link = &obj->links.ssl_read_ex_leave;

	s->data = sslsniff_bpf__elf_bytes(&s->data_sz);

	obj->skeleton = s;
	return 0;
err:
	bpf_object__destroy_skeleton(s);
	return err;
}

static inline const void *sslsniff_bpf__elf_bytes(size_t *sz)
{
	static const char data[] __attribute__((__aligned__(8))) = "\
\x7f\x45\x4c\x46\x02\x01\x01\0\0\0\0\0\0\0\0\0\x01\0\xf7\0\x01\0\0\0\0\0\0\0\0\
\0\0\0\0\0\0\0\0\0\0\0\xf8\x2e\x01\0\0\0\0\0\0\0\0\0\x40\0\0\0\0\0\x40\0\x1e\0\
\x01\0\x79\x16\x70\0\0\0\0\0\x79\x17\x68\0\0\0\0\0\x79\x18\x60\0\0\0\0\0\x85\0\
\0\0\x0e\0\0\0\x7b\x0a\xf8\xff\0\0\0\0\x67\x08\0\0\x20\0\0\0\xc7\x08\0\0\x20\0\
\0\0\x7b\x8a\xe8\xff\0\0\0\0\x7b\x7a\xd8\xff\0\0\0\0\x7b\x6a\xd0\xff\0\0\0\0\
\xb7\x01\0\0\0\0\0\0\x7b\x1a\xf0\xff\0\0\0\0\x7b\x1a\xe0\xff\0\0\0\0\xbf\xa2\0\
\0\0\0\0\0\x07\x02\0\0\xf8\xff\xff\xff\xbf\xa3\0\0\0\0\0\0\x07\x03\0\0\xd0\xff\
\xff\xff\x18\x01\0\0\0\0\0\0\0\0\0\0\0\0\0\0\xb7\x04\0\0\0\0\0\0\x85\0\0\0\x02\
\0\0\0\xb4\0\0\0\0\0\0\0\x95\0\0\0\0\0\0\0\x79\x16\x70\0\0\0\0\0\x79\x17\x68\0\
\0\0\0\0\x79\x18\x60\0\0\0\0\0\x85\0\0\0\x0e\0\0\0\x7b\x0a\xf8\xff\0\0\0\0\xb7\
\x01\0\0\x01\0\0\0\x7b\x1a\xf0\xff\0\0\0\0\x67\x08\0\0\x20\0\0\0\xc7\x08\0\0\
\x20\0\0\0\x7b\x8a\xe8\xff\0\0\0\0\x7b\x7a\xd8\xff\0\0\0\0\x7b\x6a\xd0\xff\0\0\
\0\0\xb7\x01\0\0\0\0\0\0\x7b\x1a\xe0\xff\0\0\0\0\xbf\xa2\0\0\0\0\0\0\x07\x02\0\
\0\xf8\xff\xff\xff\xbf\xa3\0\0\0\0\0\0\x07\x03\0\0\xd0\xff\xff\xff\x18\x01\0\0\
\0\0\0\0\0\0\0\0\0\0\0\0\xb7\x04\0\0\0\0\0\0\x85\0\0\0\x02\0\0\0\xb4\0\0\0\0\0\
\0\0\x95\0\0\0\0\0\0\0\x79\x16\x70\0\0\0\0\0\x79\x17\x68\0\0\0\0\0\x79\x18\x58\
\0\0\0\0\0\x79\x19\x60\0\0\0\0\0\x85\0\0\0\x0e\0\0\0\x7b\x0a\xf8\xff\0\0\0\0\
\x18\x01\0\0\0\0\0\0\0\0\0\0\x01\0\0\0\x7b\x1a\xf0\xff\0\0\0\0\x7b\x9a\xe8\xff\
\0\0\0\0\x7b\x8a\xe0\xff\0\0\0\0\x7b\x7a\xd8\xff\0\0\0\0\x7b\x6a\xd0\xff\0\0\0\
\0\xbf\xa2\0\0\0\0\0\0\x07\x02\0\0\xf8\xff\xff\xff\xbf\xa3\0\0\0\0\0\0\x07\x03\
\0\0\xd0\xff\xff\xff\x18\x01\0\0\0\0\0\0\0\0\0\0\0\0\0\0\xb7\x04\0\0\0\0\0\0\
\x85\0\0\0\x02\0\0\0\xb4\0\0\0\0\0\0\0\x95\0\0\0\0\0\0\0\x79\x16\x70\0\0\0\0\0\
\x79\x17\x68\0\0\0\0\0\x79\x18\x58\0\0\0\0\0\x79\x19\x60\0\0\0\0\0\x85\0\0\0\
\x0e\0\0\0\x7b\x0a\xf8\xff\0\0\0\0\x18\x01\0\0\x01\0\0\0\0\0\0\0\x01\0\0\0\x7b\
\x1a\xf0\xff\0\0\0\0\x7b\x9a\xe8\xff\0\0\0\0\x7b\x8a\xe0\xff\0\0\0\0\x7b\x7a\
\xd8\xff\0\0\0\0\x7b\x6a\xd0\xff\0\0\0\0\xbf\xa2\0\0\0\0\0\0\x07\x02\0\0\xf8\
\xff\xff\xff\xbf\xa3\0\0\0\0\0\0\x07\x03\0\0\xd0\xff\xff\xff\x18\x01\0\0\0\0\0\
\0\0\0\0\0\0\0\0\0\xb7\x04\0\0\0\0\0\0\x85\0\0\0\x02\0\0\0\xb4\0\0\0\0\0\0\0\
\x95\0\0\0\0\0\0\0\x79\x17\x68\0\0\0\0\0\x79\x16\x70\0\0\0\0\0\x85\0\0\0\x0e\0\
\0\0\x7b\x6a\xf8\xff\0\0\0\0\xb4\x01\0\0\0\0\0\0\x63\x1a\xf4\xff\0\0\0\0\x77\0\
\0\0\x20\0\0\0\x63\x0a\xf0\xff\0\0\0\0\xbf\xa2\0\0\0\0\0\0\x07\x02\0\0\xf0\xff\
\xff\xff\x18\x01\0\0\0\0\0\0\0\0\0\0\0\0\0\0\x85\0\0\0\x01\0\0\0\x15\0\x01\0\0\
\0\0\0\x05\0\x1e\0\0\0\0\0\xb4\x01\0\0\x02\0\0\0\x63\x1a\xec\xff\0\0\0\0\xbf\
\xa2\0\0\0\0\0\0\x07\x02\0\0\xec\xff\xff\xff\x18\x01\0\0\0\0\0\0\0\0\0\0\0\0\0\
\0\x85\0\0\0\x01\0\0\0\x55\0\x01\0\0\0\0\0\x05\0\x16\0\0\0\0\0\xb7\x01\0\0\x01\
\0\0\0\xdb\x10\0\0\x01\0\0\0\x18\x02\0\0\xff\xff\xff\xff\0\0\0\0\0\0\0\0\x7b\
\x2a\xe0\xff\0\0\0\0\x07\x01\0\0\x01\0\0\0\x7b\x1a\xd8\xff\0\0\0\0\xbf\xa6\0\0\
\0\0\0\0\x07\x06\0\0\xf0\xff\xff\xff\xbf\xa3\0\0\0\0\0\0\x07\x03\0\0\xd8\xff\
\xff\xff\x18\x01\0\0\0\0\0\0\0\0\0\0\0\0\0\0\xbf\x62\0\0\0\0\0\0\xb7\x04\0\0\
\x01\0\0\0\x85\0\0\0\x02\0\0\0\x18\x01\0\0\0\0\0\0\0\0\0\0\0\0\0\0\xbf\x62\0\0\
\0\0\0\0\x85\0\0\0\x01\0\0\0\x15\0\x01\0\0\0\0\0\x63\x70\x08\0\0\0\0\0\xb4\0\0\
\0\0\0\0\0\x95\0\0\0\0\0\0\0\x79\x18\x70\0\0\0\0\0\x85\0\0\0\x0e\0\0\0\xbf\x09\
\0\0\0\0\0\0\xb4\x01\0\0\0\0\0\0\x63\x1a\xec\xff\0\0\0\0\x7b\x8a\xf0\xff\0\0\0\
\0\xbf\x96\0\0\0\0\0\0\x77\x06\0\0\x20\0\0\0\x63\x6a\xe8\xff\0\0\0\0\xbf\xa2\0\
\0\0\0\0\0\x07\x02\0\0\xe8\xff\xff\xff\x18\x01\0\0\0\0\0\0\0\0\0\0\0\0\0\0\x85\
\0\0\0\x01\0\0\0\xbf\x07\0\0\0\0\0\0\x15\x07\x35\0\0\0\0\0\x7b\x8a\xe0\xff\0\0\
\0\0\xb7\x08\0\0\0\0\0\0\x18\x01\0\0\0\0\0\0\0\0\0\0\0\0\0\0\xb7\x02\0\0\x48\
\x10\0\0\xb7\x03\0\0\0\0\0\0\x85\0\0\0\x83\0\0\0\x15\0\x1e\0\0\0\0\0\x7b\x80\
\x40\0\0\0\0\0\x7b\x80\x38\0\0\0\0\0\x7b\x80\x30\0\0\0\0\0\x7b\x80\x28\0\0\0\0\
\0\x7b\x80\x20\0\0\0\0\0\x7b\x80\x18\0\0\0\0\0\x7b\x80\x10\0\0\0\0\0\x7b\x80\
\x08\0\0\0\0\0\x7b\x80\0\0\0\0\0\0\xbf\x08\0\0\0\0\0\0\x85\0\0\0\x05\0\0\0\x7b\
\x08\0\0\0\0\0\0\x79\x71\0\0\0\0\0\0\x7b\x18\x08\0\0\0\0\0\x79\xa1\xe0\xff\0\0\
\0\0\x7b\x18\x10\0\0\0\0\0\x63\x68\x18\0\0\0\0\0\x63\x98\x1c\0\0\0\0\0\x61\x71\
\x08\0\0\0\0\0\x63\x18\x20\0\0\0\0\0\xb4\x01\0\0\x02\0\0\0\x73\x18\x30\0\0\0\0\
\0\xbf\x81\0\0\0\0\0\0\x07\x01\0\0\x38\0\0\0\xb4\x02\0\0\x10\0\0\0\x85\0\0\0\
\x10\0\0\0\xbf\x81\0\0\0\0\0\0\xb7\x02\0\0\0\0\0\0\x85\0\0\0\x84\0\0\0\x05\0\
\x0a\0\0\0\0\0\xb4\x01\0\0\0\0\0\0\x63\x1a\xfc\xff\0\0\0\0\xbf\xa2\0\0\0\0\0\0\
\x07\x02\0\0\xfc\xff\xff\xff\x18\x01\0\0\0\0\0\0\0\0\0\0\0\0\0\0\x85\0\0\0\x01\
\0\0\0\x15\0\x02\0\0\0\0\0\xb7\x01\0\0\x01\0\0\0\xdb\x10\0\0\x01\0\0\0\xbf\xa2\
\0\0\0\0\0\0\x07\x02\0\0\xe8\xff\xff\xff\x18\x01\0\0\0\0\0\0\0\0\0\0\0\0\0\0\
\x85\0\0\0\x03\0\0\0\xb4\0\0\0\0\0\0\0\x95\0\0\0\0\0\0\0\x79\x16\x50\0\0\0\0\0\
\x85\0\0\0\x0e\0\0\0\x7b\x0a\xd0\xff\0\0\0\0\xbf\xa2\0\0\0\0\0\0\x07\x02\0\0\
\xd0\xff\xff\xff\x18\x01\0\0\0\0\0\0\0\0\0\0\0\0\0\0\x85\0\0\0\x01\0\0\0\x15\0\
\x68\0\0\0\0\0\x61\x01\x24\0\0\0\0\0\x16\x01\x25\0\0\0\0\0\x56\x06\x60\0\x01\0\
\0\0\x79\x03\x10\0\0\0\0\0\x15\x03\x5e\0\0\0\0\0\xbf\x07\0\0\0\0\0\0\xb7\x01\0\
\0\0\0\0\0\x7b\x1a\xf0\xff\0\0\0\0\xbf\xa1\0\0\0\0\0\0\x07\x01\0\0\xf0\xff\xff\
\xff\xb4\x02\0\0\x08\0\0\0\x85\0\0\0\x70\0\0\0\x79\xa1\xf0\xff\0\0\0\0\xbf\x12\
\0\0\0\0\0\0\xa5\x01\x01\0\0\0\0\x40\xb7\x02\0\0\0\0\0\x40\x7b\x2a\xc8\xff\0\0\
\0\0\xbf\x70\0\0\0\0\0\0\x15\x01\x50\0\0\0\0\0\x61\x08\x20\0\0\0\0\0\x79\x09\
\x08\0\0\0\0\0\x79\x07\0\0\0\0\0\0\x85\0\0\0\x0e\0\0\0\xb4\x01\0\0\0\0\0\0\x63\
\x1a\xf4\xff\0\0\0\0\x7b\x7a\xf8\xff\0\0\0\0\x7b\x0a\xb0\xff\0\0\0\0\x77\0\0\0\
\x20\0\0\0\x7b\x0a\xa8\xff\0\0\0\0\x63\x0a\xf0\xff\0\0\0\0\xbf\xa2\0\0\0\0\0\0\
\x07\x02\0\0\xf0\xff\xff\xff\x18\x01\0\0\0\0\0\0\0\0\0\0\0\0\0\0\x85\0\0\0\x01\
\0\0\0\x7b\x7a\xb8\xff\0\0\0\0\x63\x8a\xc0\xff\0\0\0\0\x15\0\x04\0\0\0\0\0\x05\
\0\x25\0\0\0\0\0\x7b\x6a\xc8\xff\0\0\0\0\x66\x06\xea\xff\0\0\0\0\x05\0\x39\0\0\
\0\0\0\xb4\x01\0\0\x02\0\0\0\x63\x1a\xec\xff\0\0\0\0\xbf\xa2\0\0\0\0\0\0\x07\
\x02\0\0\xec\xff\xff\xff\x18\x01\0\0\0\0\0\0\0\0\0\0\0\0\0\0\x85\0\0\0\x01\0\0\
\0\x55\0\x03\0\0\0\0\0\xb4\x01\0\0\xff\xff\xff\xff\xb7\x06\0\0\0\0\0\0\x05\0\
\x19\0\0\0\0\0\xb7\x01\0\0\x01\0\0\0\xdb\x10\0\0\x01\0\0\0\x18\x02\0\0\xff\xff\
\xff\xff\0\0\0\0\0\0\0\0\x7b\x2a\xe0\xff\0\0\0\0\x07\x01\0\0\x01\0\0\0\x7b\x1a\
\xd8\xff\0\0\0\0\xbf\xa8\0\0\0\0\0\0\x07\x08\0\0\xf0\xff\xff\xff\xbf\xa3\0\0\0\
\0\0\0\x07\x03\0\0\xd8\xff\xff\xff\x18\x01\0\0\0\0\0\0\0\0\0\0\0\0\0\0\xbf\x82\
\0\0\0\0\0\0\xb7\x04\0\0\x01\0\0\0\x85\0\0\0\x02\0\0\0\x18\x01\0\0\0\0\0\0\0\0\
\0\0\0\0\0\0\xbf\x82\0\0\0\0\0\0\x85\0\0\0\x01\0\0\0\xb4\x01\0\0\xff\xff\xff\
\xff\xb7\x06\0\0\0\0\0\0\x15\0\x02\0\0\0\0\0\x61\x01\x08\0\0\0\0\0\x79\x06\0\0\
\0\0\0\0\x79\xa2\xc8\xff\0\0\0\0\x16\x02\x13\0\0\0\0\0\x63\x1a\x98\xff\0\0\0\0\
\x7b\x9a\xa0\xff\0\0\0\0\x18\x01\0\0\0\0\0\0\0\0\0\0\0\0\0\0\xb7\x02\0\0\x48\
\x10\0\0\xb7\x03\0\0\0\0\0\0\x85\0\0\0\x83\0\0\0\xbf\x09\0\0\0\0\0\0\x55\x09\
\x11\0\0\0\0\0\xb4\x01\0\0\0\0\0\0\x63\x1a\xf0\xff\0\0\0\0\xbf\xa2\0\0\0\0\0\0\
\x07\x02\0\0\xf0\xff\xff\xff\x18\x01\0\0\0\0\0\0\0\0\0\0\0\0\0\0\x85\0\0\0\x01\
\0\0\0\x15\0\x02\0\0\0\0\0\xb7\x01\0\0\x01\0\0\0\xdb\x10\0\0\x01\0\0\0\xbf\xa2\
\0\0\0\0\0\0\x07\x02\0\0\xd0\xff\xff\xff\x18\x01\0\0\0\0\0\0\0\0\0\0\0\0\0\0\
\x85\0\0\0\x03\0\0\0\xb4\0\0\0\0\0\0\0\x95\0\0\0\0\0\0\0\x79\xa7\xc8\xff\0\0\0\
\0\xbc\x78\0\0\0\0\0\0\x54\x08\0\0\xff\x0f\0\0\x85\0\0\0\x05\0\0\0\xbf\x62\0\0\
\0\0\0\0\x61\xa1\xc0\xff\0\0\0\0\x73\x19\x30\0\0\0\0\0\x63\x79\x24\0\0\0\0\0\
\x61\xa1\x98\xff\0\0\0\0\x63\x19\x20\0\0\0\0\0\x79\xa1\xb0\xff\0\0\0\0\x63\x19\
\x1c\0\0\0\0\0\x79\xa1\xa8\xff\0\0\0\0\x63\x19\x18\0\0\0\0\0\x79\xa6\xb8\xff\0\
\0\0\0\x7b\x69\x10\0\0\0\0\0\x7b\x2a\x90\xff\0\0\0\0\x7b\x29\x08\0\0\0\0\0\x7b\
\x09\0\0\0\0\0\0\xb4\x01\0\0\0\0\0\0\x73\x19\x34\0\0\0\0\0\x73\x19\x33\0\0\0\0\
\0\x73\x19\x32\0\0\0\0\0\x73\x19\x31\0\0\0\0\0\x73\x19\x36\0\0\0\0\0\x73\x19\
\x35\0\0\0\0\0\x63\x19\x28\0\0\0\0\0\x73\x19\x37\0\0\0\0\0\xbf\x91\0\0\0\0\0\0\
\x07\x01\0\0\x38\0\0\0\xb4\x02\0\0\x10\0\0\0\x85\0\0\0\x10\0\0\0\xbf\x91\0\0\0\
\0\0\0\x07\x01\0\0\x48\0\0\0\xbc\x82\0\0\0\0\0\0\x79\xa3\xa0\xff\0\0\0\0\x85\0\
\0\0\x70\0\0\0\x15\0\x0c\0\0\0\0\0\xbf\x91\0\0\0\0\0\0\xb7\x02\0\0\0\0\0\0\x85\
\0\0\0\x85\0\0\0\xb4\x01\0\0\x01\0\0\0\x63\x1a\xf0\xff\0\0\0\0\xbf\xa2\0\0\0\0\
\0\0\x07\x02\0\0\xf0\xff\xff\xff\x18\x01\0\0\0\0\0\0\0\0\0\0\0\0\0\0\x85\0\0\0\
\x01\0\0\0\x15\0\xc8\xff\0\0\0\0\x05\0\xc5\xff\0\0\0\0\x61\xa1\xc0\xff\0\0\0\0\
\x63\x89\x2c\0\0\0\0\0\xbf\x91\0\0\0\0\0\0\xb7\x02\0\0\0\0\0\0\x85\0\0\0\x84\0\
\0\0\x79\xa6\x90\xff\0\0\0\0\xa6\x07\xc0\xff\x01\x10\0\0\x18\x01\0\0\0\0\0\0\0\
\0\0\0\0\0\0\0\xb7\x02\0\0\x48\x10\0\0\xb7\x03\0\0\0\0\0\0\x85\0\0\0\x83\0\0\0\
\xbf\x09\0\0\0\0\0\0\x15\x09\xaf\xff\0\0\0\0\x85\0\0\0\x05\0\0\0\x61\xa1\xc0\
\xff\0\0\0\0\x73\x19\x30\0\0\0\0\0\xb4\x01\0\0\x01\0\0\0\x63\x19\x28\0\0\0\0\0\
\x79\xa1\xc8\xff\0\0\0\0\x7b\x1a\xc8\xff\0\0\0\0\x63\x19\x24\0\0\0\0\0\x61\xa1\
\x98\xff\0\0\0\0\x63\x19\x20\0\0\0\0\0\x79\xa1\xb0\xff\0\0\0\0\x63\x19\x1c\0\0\
\0\0\0\x79\xa1\xa8\xff\0\0\0\0\x63\x19\x18\0\0\0\0\0\x79\xa1\xb8\xff\0\0\0\0\
\x7b\x19\x10\0\0\0\0\0\x7b\x69\x08\0\0\0\0\0\x7b\x09\0\0\0\0\0\0\xb4\x01\0\0\0\
\0\0\0\x73\x19\x34\0\0\0\0\0\x73\x19\x33\0\0\0\0\0\x73\x19\x32\0\0\0\0\0\x73\
\x19\x31\0\0\0\0\0\x73\x19\x36\0\0\0\0\0\x73\x19\x35\0\0\0\0\0\x73\x19\x37\0\0\
\0\0\0\xbf\x91\0\0\0\0\0\0\x07\x01\0\0\x38\0\0\0\xb4\x02\0\0\x10\0\0\0\x85\0\0\
\0\x10\0\0\0\xbf\x91\0\0\0\0\0\0\x07\x01\0\0\x48\0\0\0\x79\xa3\xa0\xff\0\0\0\0\
\x07\x03\0\0\0\x10\0\0\xbc\x82\0\0\0\0\0\0\x85\0\0\0\x70\0\0\0\xbf\x67\0\0\0\0\
\0\0\x55\0\xc0\xff\0\0\0\0\x63\x89\x2c\0\0\0\0\0\xbf\x91\0\0\0\0\0\0\xb7\x02\0\
\0\0\0\0\0\x85\0\0\0\x84\0\0\0\x79\xa1\xc8\xff\0\0\0\0\xa6\x01\x8d\xff\x01\x20\
\0\0\x18\x01\0\0\0\0\0\0\0\0\0\0\0\0\0\0\xb7\x02\0\0\x48\x10\0\0\xb7\x03\0\0\0\
\0\0\0\x85\0\0\0\x83\0\0\0\xbf\x09\0\0\0\0\0\0\x15\x09\x7c\xff\0\0\0\0\x85\0\0\
\0\x05\0\0\0\x61\xa1\xc0\xff\0\0\0\0\x73\x19\x30\0\0\0\0\0\xb4\x01\0\0\x02\0\0\
\0\x63\x19\x28\0\0\0\0\0\x79\xa6\xc8\xff\0\0\0\0\x63\x69\x24\0\0\0\0\0\x61\xa1\
\x98\xff\0\0\0\0\x63\x19\x20\0\0\0\0\0\x79\xa1\xb0\xff\0\0\0\0\x63\x19\x1c\0\0\
\0\0\0\x79\xa1\xa8\xff\0\0\0\0\x63\x19\x18\0\0\0\0\0\x79\xa1\xb8\xff\0\0\0\0\
\x7b\x19\x10\0\0\0\0\0\x7b\x79\x08\0\0\0\0\0\x7b\x09\0\0\0\0\0\0\xb4\x01\0\0\0\
\0\0\0\x73\x19\x34\0\0\0\0\0\x73\x19\x33\0\0\0\0\0\x73\x19\x32\0\0\0\0\0\x73\
\x19\x31\0\0\0\0\0\x73\x19\x36\0\0\0\0\0\x73\x19\x35\0\0\0\0\0\x73\x19\x37\0\0\
\0\0\0\xbf\x91\0\0\0\0\0\0\x07\x01\0\0\x38\0\0\0\xb4\x02\0\0\x10\0\0\0\x85\0\0\
\0\x10\0\0\0\xbf\x91\0\0\0\0\0\0\x07\x01\0\0\x48\0\0\0\x79\xa3\xa0\xff\0\0\0\0\
\x07\x03\0\0\0\x20\0\0\xbc\x82\0\0\0\0\0\0\x85\0\0\0\x70\0\0\0\x55\0\x8f\xff\0\
\0\0\0\x63\x89\x2c\0\0\0\0\0\xbf\x91\0\0\0\0\0\0\xb7\x02\0\0\0\0\0\0\x85\0\0\0\
\x84\0\0\0\xa6\x06\x5d\xff\x01\x30\0\0\x18\x01\0\0\0\0\0\0\0\0\0\0\0\0\0\0\xb7\
\x02\0\0\x48\x10\0\0\xb7\x03\0\0\0\0\0\0\x85\0\0\0\x83\0\0\0\xbf\x09\0\0\0\0\0\
\0\x15\x09\x4c\xff\0\0\0\0\x85\0\0\0\x05\0\0\0\x61\xa1\xc0\xff\0\0\0\0\x73\x19\
\x30\0\0\0\0\0\xb4\x01\0\0\x03\0\0\0\x63\x19\x28\0\0\0\0\0\x79\xa6\xc8\xff\0\0\
\0\0\x63\x69\x24\0\0\0\0\0\x61\xa1\x98\xff\0\0\0\0\x63\x19\x20\0\0\0\0\0\x79\
\xa1\xb0\xff\0\0\0\0\x63\x19\x1c\0\0\0\0\0\x79\xa1\xa8\xff\0\0\0\0\x63\x19\x18\
\0\0\0\0\0\x79\xa1\xb8\xff\0\0\0\0\x7b\x19\x10\0\0\0\0\0\x7b\x79\x08\0\0\0\0\0\
\x7b\x09\0\0\0\0\0\0\xb4\x01\0\0\0\0\0\0\x73\x19\x34\0\0\0\0\0\x73\x19\x33\0\0\
\0\0\0\x73\x19\x32\0\0\0\0\0\x73\x19\x31\0\0\0\0\0\x73\x19\x36\0\0\0\0\0\x73\
\x19\x35\0\0\0\0\0\x73\x19\x37\0\0\0\0\0\xbf\x91\0\0\0\0\0\0\x07\x01\0\0\x38\0\
\0\0\xb4\x02\0\0\x10\0\0\0\x85\0\0\0\x10\0\0\0\xbf\x91\0\0\0\0\0\0\x07\x01\0\0\
\x48\0\0\0\x79\xa3\xa0\xff\0\0\0\0\x07\x03\0\0\0\x30\0\0\xbc\x82\0\0\0\0\0\0\
\x85\0\0\0\x70\0\0\0\x55\0\x5f\xff\0\0\0\0\x63\x89\x2c\0\0\0\0\0\xbf\x91\0\0\0\
\0\0\0\xb7\x02\0\0\0\0\0\0\x85\0\0\0\x84\0\0\0\xa6\x06\x2d\xff\x01\x40\0\0\x18\
\x01\0\0\0\0\0\0\0\0\0\0\0\0\0\0\xb7\x02\0\0\x48\x10\0\0\xb7\x03\0\0\0\0\0\0\
\x85\0\0\0\x83\0\0\0\xbf\x09\0\0\0\0\0\0\x15\x09\x1c\xff\0\0\0\0\x85\0\0\0\x05\
\0\0\0\x61\xa1\xc0\xff\0\0\0\0\x73\x19\x30\0\0\0\0\0\xb4\x01\0\0\x04\0\0\0\x63\
\x19\x28\0\0\0\0\0\x79\xa6\xc8\xff\0\0\0\0\x63\x69\x24\0\0\0\0\0\x61\xa1\x98\
\xff\0\0\0\0\x63\x19\x20\0\0\0\0\0\x79\xa1\xb0\xff\0\0\0\0\x63\x19\x1c\0\0\0\0\
\0\x79\xa1\xa8\xff\0\0\0\0\x63\x19\x18\0\0\0\0\0\x79\xa1\xb8\xff\0\0\0\0\x7b\
\x19\x10\0\0\0\0\0\x7b\x79\x08\0\0\0\0\0\x7b\x09\0\0\0\0\0\0\xb4\x01\0\0\0\0\0\
\0\x73\x19\x34\0\0\0\0\0\x73\x19\x33\0\0\0\0\0\x73\x19\x32\0\0\0\0\0\x73\x19\
\x31\0\0\0\0\0\x73\x19\x36\0\0\0\0\0\x73\x19\x35\0\0\0\0\0\x73\x19\x37\0\0\0\0\
\0\xbf\x91\0\0\0\0\0\0\x07\x01\0\0\x38\0\0\0\xb4\x02\0\0\x10\0\0\0\x85\0\0\0\
\x10\0\0\0\xbf\x91\0\0\0\0\0\0\x07\x01\0\0\x48\0\0\0\x79\xa3\xa0\xff\0\0\0\0\
\x07\x03\0\0\0\x40\0\0\xbc\x82\0\0\0\0\0\0\x85\0\0\0\x70\0\0\0\x55\0\x2f\xff\0\
\0\0\0\x63\x89\x2c\0\0\0\0\0\xbf\x91\0\0\0\0\0\0\xb7\x02\0\0\0\0\0\0\x85\0\0\0\
\x84\0\0\0\xa6\x06\xfd\xfe\x01\x50\0\0\x18\x01\0\0\0\0\0\0\0\0\0\0\0\0\0\0\xb7\
\x02\0\0\x48\x10\0\0\xb7\x03\0\0\0\0\0\0\x85\0\0\0\x83\0\0\0\xbf\x09\0\0\0\0\0\
\0\x15\x09\xec\xfe\0\0\0\0\x85\0\0\0\x05\0\0\0\x61\xa1\xc0\xff\0\0\0\0\x73\x19\
\x30\0\0\0\0\0\xb4\x01\0\0\x05\0\0\0\x63\x19\x28\0\0\0\0\0\x79\xa6\xc8\xff\0\0\
\0\0\x63\x69\x24\0\0\0\0\0\x61\xa1\x98\xff\0\0\0\0\x63\x19\x20\0\0\0\0\0\x79\
\xa1\xb0\xff\0\0\0\0\x63\x19\x1c\0\0\0\0\0\x79\xa1\xa8\xff\0\0\0\0\x63\x19\x18\
\0\0\0\0\0\x79\xa1\xb8\xff\0\0\0\0\x7b\x19\x10\0\0\0\0\0\x7b\x79\x08\0\0\0\0\0\
\x7b\x09\0\0\0\0\0\0\xb4\x01\0\0\0\0\0\0\x73\x19\x34\0\0\0\0\0\x73\x19\x33\0\0\
\0\0\0\x73\x19\x32\0\0\0\0\0\x73\x19\x31\0\0\0\0\0\x73\x19\x36\0\0\0\0\0\x73\
\x19\x35\0\0\0\0\0\x73\x19\x37\0\0\0\0\0\xbf\x91\0\0\0\0\0\0\x07\x01\0\0\x38\0\
\0\0\xb4\x02\0\0\x10\0\0\0\x85\0\0\0\x10\0\0\0\xbf\x91\0\0\0\0\0\0\x07\x01\0\0\
\x48\0\0\0\x79\xa3\xa0\xff\0\0\0\0\x07\x03\0\0\0\x50\0\0\xbc\x82\0\0\0\0\0\0\
\x85\0\0\0\x70\0\0\0\x55\0\xff\xfe\0\0\0\0\x63\x89\x2c\0\0\0\0\0\xbf\x91\0\0\0\
\0\0\0\xb7\x02\0\0\0\0\0\0\x85\0\0\0\x84\0\0\0\xa6\x06\xcd\xfe\x01\x60\0\0\x18\
\x01\0\0\0\0\0\0\0\0\0\0\0\0\0\0\xb7\x02\0\0\x48\x10\0\0\xb7\x03\0\0\0\0\0\0\
\x85\0\0\0\x83\0\0\0\xbf\x09\0\0\0\0\0\0\x15\x09\xbc\xfe\0\0\0\0\x85\0\0\0\x05\
\0\0\0\x61\xa1\xc0\xff\0\0\0\0\x73\x19\x30\0\0\0\0\0\xb4\x01\0\0\x06\0\0\0\x63\
\x19\x28\0\0\0\0\0\x79\xa6\xc8\xff\0\0\0\0\x63\x69\x24\0\0\0\0\0\x61\xa1\x98\
\xff\0\0\0\0\x63\x19\x20\0\0\0\0\0\x79\xa1\xb0\xff\0\0\0\0\x63\x19\x1c\0\0\0\0\
\0\x79\xa1\xa8\xff\0\0\0\0\x63\x19\x18\0\0\0\0\0\x79\xa1\xb8\xff\0\0\0\0\x7b\
\x19\x10\0\0\0\0\0\x7b\x79\x08\0\0\0\0\0\x7b\x09\0\0\0\0\0\0\xb4\x01\0\0\0\0\0\
\0\x73\x19\x34\0\0\0\0\0\x73\x19\x33\0\0\0\0\0\x73\x19\x32\0\0\0\0\0\x73\x19\
\x31\0\0\0\0\0\x73\x19\x36\0\0\0\0\0\x73\x19\x35\0\0\0\0\0\x73\x19\x37\0\0\0\0\
\0\xbf\x91\0\0\0\0\0\0\x07\x01\0\0\x38\0\0\0\xb4\x02\0\0\x10\0\0\0\x85\0\0\0\
\x10\0\0\0\xbf\x91\0\0\0\0\0\0\x07\x01\0\0\x48\0\0\0\x79\xa3\xa0\xff\0\0\0\0\
\x07\x03\0\0\0\x60\0\0\xbc\x82\0\0\0\0\0\0\x85\0\0\0\x70\0\0\0\x55\0\xcf\xfe\0\
\0\0\0\x63\x89\x2c\0\0\0\0\0\xbf\x91\0\0\0\0\0\0\xb7\x02\0\0\0\0\0\0\x85\0\0\0\
\x84\0\0\0\xa6\x06\x9d\xfe\x01\x70\0\0\x18\x01\0\0\0\0\0\0\0\0\0\0\0\0\0\0\xb7\
\x02\0\0\x48\x10\0\0\xb7\x03\0\0\0\0\0\0\x85\0\0\0\x83\0\0\0\xbf\x09\0\0\0\0\0\
\0\x15\x09\x8c\xfe\0\0\0\0\x85\0\0\0\x05\0\0\0\x61\xa1\xc0\xff\0\0\0\0\x73\x19\
\x30\0\0\0\0\0\xb4\x01\0\0\x07\0\0\0\x63\x19\x28\0\0\0\0\0\x79\xa1\xc8\xff\0\0\
\0\0\x63\x19\x24\0\0\0\0\0\x61\xa1\x98\xff\0\0\0\0\x63\x19\x20\0\0\0\0\0\x79\
\xa1\xb0\xff\0\0\0\0\x63\x19\x1c\0\0\0\0\0\x79\xa1\xa8\xff\0\0\0\0\x63\x19\x18\
\0\0\0\0\0\x79\xa1\xb8\xff\0\0\0\0\x7b\x19\x10\0\0\0\0\0\x7b\x79\x08\0\0\0\0\0\
\x7b\x09\0\0\0\0\0\0\xb4\x01\0\0\0\0\0\0\x73\x19\x34\0\0\0\0\0\x73\x19\x33\0\0\
\0\0\0\x73\x19\x32\0\0\0\0\0\x73\x19\x31\0\0\0\0\0\x73\x19\x36\0\0\0\0\0\x73\
\x19\x35\0\0\0\0\0\x73\x19\x37\0\0\0\0\0\xbf\x91\0\0\0\0\0\0\x07\x01\0\0\x38\0\
\0\0\xb4\x02\0\0\x10\0\0\0\x85\0\0\0\x10\0\0\0\xbf\x91\0\0\0\0\0\0\x07\x01\0\0\
\x48\0\0\0\x79\xa3\xa0\xff\0\0\0\0\x07\x03\0\0\0\x70\0\0\xbc\x82\0\0\0\0\0\0\
\x85\0\0\0\x70\0\0\0\x55\0\x9f\xfe\0\0\0\0\x63\x89\x2c\0\0\0\0\0\xbf\x91\0\0\0\
\0\0\0\xb7\x02\0\0\0\0\0\0\x85\0\0\0\x84\0\0\0\x05\0\x6d\xfe\0\0\0\0\x79\x16\
\x50\0\0\0\0\0\x85\0\0\0\x0e\0\0\0\x7b\x0a\xd0\xff\0\0\0\0\xbf\xa2\0\0\0\0\0\0\
\x07\x02\0\0\xd0\xff\xff\xff\x18\x01\0\0\0\0\0\0\0\0\0\0\0\0\0\0\x85\0\0\0\x01\
\0\0\0\x15\0\x68\0\0\0\0\0\x61\x01\x24\0\0\0\0\0\x16\x01\x25\0\0\0\0\0\x56\x06\
\x60\0\x01\0\0\0\x79\x03\x10\0\0\0\0\0\x15\x03\x5e\0\0\0\0\0\xbf\x07\0\0\0\0\0\
\0\xb7\x01\0\0\0\0\0\0\x7b\x1a\xf0\xff\0\0\0\0\xbf\xa1\0\0\0\0\0\0\x07\x01\0\0\
\xf0\xff\xff\xff\xb4\x02\0\0\x08\0\0\0\x85\0\0\0\x70\0\0\0\x79\xa1\xf0\xff\0\0\
\0\0\xbf\x12\0\0\0\0\0\0\xa5\x01\x01\0\0\0\0\x40\xb7\x02\0\0\0\0\0\x40\x7b\x2a\
\xc8\xff\0\0\0\0\xbf\x70\0\0\0\0\0\0\x15\x01\x50\0\0\0\0\0\x61\x08\x20\0\0\0\0\
\0\x79\x09\x08\0\0\0\0\0\x79\x07\0\0\0\0\0\0\x85\0\0\0\x0e\0\0\0\xb4\x01\0\0\0\
\0\0\0\x63\x1a\xf4\xff\0\0\0\0\x7b\x7a\xf8\xff\0\0\0\0\x7b\x0a\xb0\xff\0\0\0\0\
\x77\0\0\0\x20\0\0\0\x7b\x0a\xa8\xff\0\0\0\0\x63\x0a\xf0\xff\0\0\0\0\xbf\xa2\0\
\0\0\0\0\0\x07\x02\0\0\xf0\xff\xff\xff\x18\x01\0\0\0\0\0\0\0\0\0\0\0\0\0\0\x85\
\0\0\0\x01\0\0\0\x7b\x7a\xb8\xff\0\0\0\0\x63\x8a\xc0\xff\0\0\0\0\x15\0\x04\0\0\
\0\0\0\x05\0\x25\0\0\0\0\0\x7b\x6a\xc8\xff\0\0\0\0\x66\x06\xea\xff\0\0\0\0\x05\
\0\x39\0\0\0\0\0\xb4\x01\0\0\x02\0\0\0\x63\x1a\xec\xff\0\0\0\0\xbf\xa2\0\0\0\0\
\0\0\x07\x02\0\0\xec\xff\xff\xff\x18\x01\0\0\0\0\0\0\0\0\0\0\0\0\0\0\x85\0\0\0\
\x01\0\0\0\x55\0\x03\0\0\0\0\0\xb4\x01\0\0\xff\xff\xff\xff\xb7\x06\0\0\0\0\0\0\
\x05\0\x19\0\0\0\0\0\xb7\x01\0\0\x01\0\0\0\xdb\x10\0\0\x01\0\0\0\x18\x02\0\0\
\xff\xff\xff\xff\0\0\0\0\0\0\0\0\x7b\x2a\xe0\xff\0\0\0\0\x07\x01\0\0\x01\0\0\0\
\x7b\x1a\xd8\xff\0\0\0\0\xbf\xa8\0\0\0\0\0\0\x07\x08\0\0\xf0\xff\xff\xff\xbf\
\xa3\0\0\0\0\0\0\x07\x03\0\0\xd8\xff\xff\xff\x18\x01\0\0\0\0\0\0\0\0\0\0\0\0\0\
\0\xbf\x82\0\0\0\0\0\0\xb7\x04\0\0\x01\0\0\0\x85\0\0\0\x02\0\0\0\x18\x01\0\0\0\
\0\0\0\0\0\0\0\0\0\0\0\xbf\x82\0\0\0\0\0\0\x85\0\0\0\x01\0\0\0\xb4\x01\0\0\xff\
\xff\xff\xff\xb7\x06\0\0\0\0\0\0\x15\0\x02\0\0\0\0\0\x61\x01\x08\0\0\0\0\0\x79\
\x06\0\0\0\0\0\0\x79\xa2\xc8\xff\0\0\0\0\x16\x02\x13\0\0\0\0\0\x63\x1a\x98\xff\
\0\0\0\0\x7b\x9a\xa0\xff\0\0\0\0\x18\x01\0\0\0\0\0\0\0\0\0\0\0\0\0\0\xb7\x02\0\
\0\x48\x10\0\0\xb7\x03\0\0\0\0\0\0\x85\0\0\0\x83\0\0\0\xbf\x09\0\0\0\0\0\0\x55\
\x09\x11\0\0\0\0\0\xb4\x01\0\0\0\0\0\0\x63\x1a\xf0\xff\0\0\0\0\xbf\xa2\0\0\0\0\
\0\0\x07\x02\0\0\xf0\xff\xff\xff\x18\x01\0\0\0\0\0\0\0\0\0\0\0\0\0\0\x85\0\0\0\
\x01\0\0\0\x15\0\x02\0\0\0\0\0\xb7\x01\0\0\x01\0\0\0\xdb\x10\0\0\x01\0\0\0\xbf\
\xa2\0\0\0\0\0\0\x07\x02\0\0\xd0\xff\xff\xff\x18\x01\0\0\0\0\0\0\0\0\0\0\0\0\0\
\0\x85\0\0\0\x03\0\0\0\xb4\0\0\0\0\0\0\0\x95\0\0\0\0\0\0\0\x79\xa7\xc8\xff\0\0\
\0\0\xbc\x78\0\0\0\0\0\0\x54\x08\0\0\xff\x0f\0\0\x85\0\0\0\x05\0\0\0\xbf\x62\0\
\0\0\0\0\0\x61\xa1\xc0\xff\0\0\0\0\x73\x19\x30\0\0\0\0\0\x63\x79\x24\0\0\0\0\0\
\x61\xa1\x98\xff\0\0\0\0\x63\x19\x20\0\0\0\0\0\x79\xa1\xb0\xff\0\0\0\0\x63\x19\
\x1c\0\0\0\0\0\x79\xa1\xa8\xff\0\0\0\0\x63\x19\x18\0\0\0\0\0\x79\xa6\xb8\xff\0\
\0\0\0\x7b\x69\x10\0\0\0\0\0\x7b\x2a\x90\xff\0\0\0\0\x7b\x29\x08\0\0\0\0\0\x7b\
\x09\0\0\0\0\0\0\xb4\x01\0\0\0\0\0\0\x73\x19\x34\0\0\0\0\0\x73\x19\x33\0\0\0\0\
\0\x73\x19\x32\0\0\0\0\0\x73\x19\x31\0\0\0\0\0\x73\x19\x36\0\0\0\0\0\x73\x19\
\x35\0\0\0\0\0\x63\x19\x28\0\0\0\0\0\x73\x19\x37\0\0\0\0\0\xbf\x91\0\0\0\0\0\0\
\x07\x01\0\0\x38\0\0\0\xb4\x02\0\0\x10\0\0\0\x85\0\0\0\x10\0\0\0\xbf\x91\0\0\0\
\0\0\0\x07\x01\0\0\x48\0\0\0\xbc\x82\0\0\0\0\0\0\x79\xa3\xa0\xff\0\0\0\0\x85\0\
\0\0\x70\0\0\0\x15\0\x0c\0\0\0\0\0\xbf\x91\0\0\0\0\0\0\xb7\x02\0\0\0\0\0\0\x85\
\0\0\0\x85\0\0\0\xb4\x01\0\0\x01\0\0\0\x63\x1a\xf0\xff\0\0\0\0\xbf\xa2\0\0\0\0\
\0\0\x07\x02\0\0\xf0\xff\xff\xff\x18\x01\0\0\0\0\0\0\0\0\0\0\0\0\0\0\x85\0\0\0\
\x01\0\0\0\x15\0\xc8\xff\0\0\0\0\x05\0\xc5\xff\0\0\0\0\x61\xa1\xc0\xff\0\0\0\0\
\x63\x89\x2c\0\0\0\0\0\xbf\x91\0\0\0\0\0\0\xb7\x02\0\0\0\0\0\0\x85\0\0\0\x84\0\
\0\0\x79\xa6\x90\xff\0\0\0\0\xa6\x07\xc0\xff\x01\x10\0\0\x18\x01\0\0\0\0\0\0\0\
\0\0\0\0\0\0\0\xb7\x02\0\0\x48\x10\0\0\xb7\x03\0\0\0\0\0\0\x85\0\0\0\x83\0\0\0\
\xbf\x09\0\0\0\0\0\0\x15\x09\xaf\xff\0\0\0\0\x85\0\0\0\x05\0\0\0\x61\xa1\xc0\
\xff\0\0\0\0\x73\x19\x30\0\0\0\0\0\xb4\x01\0\0\x01\0\0\0\x63\x19\x28\0\0\0\0\0\
\x79\xa1\xc8\xff\0\0\0\0\x7b\x1a\xc8\xff\0\0\0\0\x63\x19\x24\0\0\0\0\0\x61\xa1\
\x98\xff\0\0\0\0\x63\x19\x20\0\0\0\0\0\x79\xa1\xb0\xff\0\0\0\0\x63\x19\x1c\0\0\
\0\0\0\x79\xa1\xa8\xff\0\0\0\0\x63\x19\x18\0\0\0\0\0\x79\xa1\xb8\xff\0\0\0\0\
\x7b\x19\x10\0\0\0\0\0\x7b\x69\x08\0\0\0\0\0\x7b\x09\0\0\0\0\0\0\xb4\x01\0\0\0\
\0\0\0\x73\x19\x34\0\0\0\0\0\x73\x19\x33\0\0\0\0\0\x73\x19\x32\0\0\0\0\0\x73\
\x19\x31\0\0\0\0\0\x73\x19\x36\0\0\0\0\0\x73\x19\x35\0\0\0\0\0\x73\x19\x37\0\0\
\0\0\0\xbf\x91\0\0\0\0\0\0\x07\x01\0\0\x38\0\0\0\xb4\x02\0\0\x10\0\0\0\x85\0\0\
\0\x10\0\0\0\xbf\x91\0\0\0\0\0\0\x07\x01\0\0\x48\0\0\0\x79\xa3\xa0\xff\0\0\0\0\
\x07\x03\0\0\0\x10\0\0\xbc\x82\0\0\0\0\0\0\x85\0\0\0\x70\0\0\0\xbf\x67\0\0\0\0\
\0\0\x55\0\xc0\xff\0\0\0\0\x63\x89\x2c\0\0\0\0\0\xbf\x91\0\0\0\0\0\0\xb7\x02\0\
\0\0\0\0\0\x85\0\0\0\x84\0\0\0\x79\xa1\xc8\xff\0\0\0\0\xa6\x01\x8d\xff\x01\x20\
\0\0\x18\x01\0\0\0\0\0\0\0\0\0\0\0\0\0\0\xb7\x02\0\0\x48\x10\0\0\xb7\x03\0\0\0\
\0\0\0\x85\0\0\0\x83\0\0\0\xbf\x09\0\0\0\0\0\0\x15\x09\x7c\xff\0\0\0\0\x85\0\0\
\0\x05\0\0\0\x61\xa1\xc0\xff\0\0\0\0\x73\x19\x30\0\0\0\0\0\xb4\x01\0\0\x02\0\0\
\0\x63\x19\x28\0\0\0\0\0\x79\xa6\xc8\xff\0\0\0\0\x63\x69\x24\0\0\0\0\0\x61\xa1\
\x98\xff\0\0\0\0\x63\x19\x20\0\0\0\0\0\x79\xa1\xb0\xff\0\0\0\0\x63\x19\x1c\0\0\
\0\0\0\x79\xa1\xa8\xff\0\0\0\0\x63\x19\x18\0\0\0\0\0\x79\xa1\xb8\xff\0\0\0\0\
\x7b\x19\x10\0\0\0\0\0\x7b\x79\x08\0\0\0\0\0\x7b\x09\0\0\0\0\0\0\xb4\x01\0\0\0\
\0\0\0\x73\x19\x34\0\0\0\0\0\x73\x19\x33\0\0\0\0\0\x73\x19\x32\0\0\0\0\0\x73\
\x19\x31\0\0\0\0\0\x73\x19\x36\0\0\0\0\0\x73\x19\x35\0\0\0\0\0\x73\x19\x37\0\0\
\0\0\0\xbf\x91\0\0\0\0\0\0\x07\x01\0\0\x38\0\0\0\xb4\x02\0\0\x10\0\0\0\x85\0\0\
\0\x10\0\0\0\xbf\x91\0\0\0\0\0\0\x07\x01\0\0\x48\0\0\0\x79\xa3\xa0\xff\0\0\0\0\
\x07\x03\0\0\0\x20\0\0\xbc\x82\0\0\0\0\0\0\x85\0\0\0\x70\0\0\0\x55\0\x8f\xff\0\
\0\0\0\x63\x89\x2c\0\0\0\0\0\xbf\x91\0\0\0\0\0\0\xb7\x02\0\0\0\0\0\0\x85\0\0\0\
\x84\0\0\0\xa6\x06\x5d\xff\x01\x30\0\0\x18\x01\0\0\0\0\0\0\0\0\0\0\0\0\0\0\xb7\
\x02\0\0\x48\x10\0\0\xb7\x03\0\0\0\0\0\0\x85\0\0\0\x83\0\0\0\xbf\x09\0\0\0\0\0\
\0\x15\x09\x4c\xff\0\0\0\0\x85\0\0\0\x05\0\0\0\x61\xa1\xc0\xff\0\0\0\0\x73\x19\
\x30\0\0\0\0\0\xb4\x01\0\0\x03\0\0\0\x63\x19\x28\0\0\0\0\0\x79\xa6\xc8\xff\0\0\
\0\0\x63\x69\x24\0\0\0\0\0\x61\xa1\x98\xff\0\0\0\0\x63\x19\x20\0\0\0\0\0\x79\
\xa1\xb0\xff\0\0\0\0\x63\x19\x1c\0\0\0\0\0\x79\xa1\xa8\xff\0\0\0\0\x63\x19\x18\
\0\0\0\0\0\x79\xa1\xb8\xff\0\0\0\0\x7b\x19\x10\0\0\0\0\0\x7b\x79\x08\0\0\0\0\0\
\x7b\x09\0\0\0\0\0\0\xb4\x01\0\0\0\0\0\0\x73\x19\x34\0\0\0\0\0\x73\x19\x33\0\0\
\0\0\0\x73\x19\x32\0\0\0\0\0\x73\x19\x31\0\0\0\0\0\x73\x19\x36\0\0\0\0\0\x73\
\x19\x35\0\0\0\0\0\x73\x19\x37\0\0\0\0\0\xbf\x91\0\0\0\0\0\0\x07\x01\0\0\x38\0\
\0\0\xb4\x02\0\0\x10\0\0\0\x85\0\0\0\x10\0\0\0\xbf\x91\0\0\0\0\0\0\x07\x01\0\0\
\x48\0\0\0\x79\xa3\xa0\xff\0\0\0\0\x07\x03\0\0\0\x30\0\0\xbc\x82\0\0\0\0\0\0\
\x85\0\0\0\x70\0\0\0\x55\0\x5f\xff\0\0\0\0\x63\x89\x2c\0\0\0\0\0\xbf\x91\0\0\0\
\0\0\0\xb7\x02\0\0\0\0\0\0\x85\0\0\0\x84\0\0\0\xa6\x06\x2d\xff\x01\x40\0\0\x18\
\x01\0\0\0\0\0\0\0\0\0\0\0\0\0\0\xb7\x02\0\0\x48\x10\0\0\xb7\x03\0\0\0\0\0\0\
\x85\0\0\0\x83\0\0\0\xbf\x09\0\0\0\0\0\0\x15\x09\x1c\xff\0\0\0\0\x85\0\0\0\x05\
\0\0\0\x61\xa1\xc0\xff\0\0\0\0\x73\x19\x30\0\0\0\0\0\xb4\x01\0\0\x04\0\0\0\x63\
\x19\x28\0\0\0\0\0\x79\xa6\xc8\xff\0\0\0\0\x63\x69\x24\0\0\0\0\0\x61\xa1\x98\
\xff\0\0\0\0\x63\x19\x20\0\0\0\0\0\x79\xa1\xb0\xff\0\0\0\0\x63\x19\x1c\0\0\0\0\
\0\x79\xa1\xa8\xff\0\0\0\0\x63\x19\x18\0\0\0\0\0\x79\xa1\xb8\xff\0\0\0\0\x7b\
\x19\x10\0\0\0\0\0\x7b\x79\x08\0\0\0\0\0\x7b\x09\0\0\0\0\0\0\xb4\x01\0\0\0\0\0\
\0\x73\x19\x34\0\0\0\0\0\x73\x19\x33\0\0\0\0\0\x73\x19\x32\0\0\0\0\0\x73\x19\
\x31\0\0\0\0\0\x73\x19\x36\0\0\0\0\0\x73\x19\x35\0\0\0\0\0\x73\x19\x37\0\0\0\0\
\0\xbf\x91\0\0\0\0\0\0\x07\x01\0\0\x38\0\0\0\xb4\x02\0\0\x10\0\0\0\x85\0\0\0\
\x10\0\0\0\xbf\x91\0\0\0\0\0\0\x07\x01\0\0\x48\0\0\0\x79\xa3\xa0\xff\0\0\0\0\
\x07\x03\0\0\0\x40\0\0\xbc\x82\0\0\0\0\0\0\x85\0\0\0\x70\0\0\0\x55\0\x2f\xff\0\
\0\0\0\x63\x89\x2c\0\0\0\0\0\xbf\x91\0\0\0\0\0\0\xb7\x02\0\0\0\0\0\0\x85\0\0\0\
\x84\0\0\0\xa6\x06\xfd\xfe\x01\x50\0\0\x18\x01\0\0\0\0\0\0\0\0\0\0\0\0\0\0\xb7\
\x02\0\0\x48\x10\0\0\xb7\x03\0\0\0\0\0\0\x85\0\0\0\x83\0\0\0\xbf\x09\0\0\0\0\0\
\0\x15\x09\xec\xfe\0\0\0\0\x85\0\0\0\x05\0\0\0\x61\xa1\xc0\xff\0\0\0\0\x73\x19\
\x30\0\0\0\0\0\xb4\x01\0\0\x05\0\0\0\x63\x19\x28\0\0\0\0\0\x79\xa6\xc8\xff\0\0\
\0\0\x63\x69\x24\0\0\0\0\0\x61\xa1\x98\xff\0\0\0\0\x63\x19\x20\0\0\0\0\0\x79\
\xa1\xb0\xff\0\0\0\0\x63\x19\x1c\0\0\0\0\0\x79\xa1\xa8\xff\0\0\0\0\x63\x19\x18\
\0\0\0\0\0\x79\xa1\xb8\xff\0\0\0\0\x7b\x19\x10\0\0\0\0\0\x7b\x79\x08\0\0\0\0\0\
\x7b\x09\0\0\0\0\0\0\xb4\x01\0\0\0\0\0\0\x73\x19\x34\0\0\0\0\0\x73\x19\x33\0\0\
\0\0\0\x73\x19\x32\0\0\0\0\0\x73\x19\x31\0\0\0\0\0\x73\x19\x36\0\0\0\0\0\x73\
\x19\x35\0\0\0\0\0\x73\x19\x37\0\0\0\0\0\xbf\x91\0\0\0\0\0\0\x07\x01\0\0\x38\0\
\0\0\xb4\x02\0\0\x10\0\0\0\x85\0\0\0\x10\0\0\0\xbf\x91\0\0\0\0\0\0\x07\x01\0\0\
\x48\0\0\0\x79\xa3\xa0\xff\0\0\0\0\x07\x03\0\0\0\x50\0\0\xbc\x82\0\0\0\0\0\0\
\x85\0\0\0\x70\0\0\0\x55\0\xff\xfe\0\0\0\0\x63\x89\x2c\0\0\0\0\0\xbf\x91\0\0\0\
\0\0\0\xb7\x02\0\0\0\0\0\0\x85\0\0\0\x84\0\0\0\xa6\x06\xcd\xfe\x01\x60\0\0\x18\
\x01\0\0\0\0\0\0\0\0\0\0\0\0\0\0\xb7\x02\0\0\x48\x10\0\0\xb7\x03\0\0\0\0\0\0\
\x85\0\0\0\x83\0\0\0\xbf\x09\0\0\0\0\0\0\x15\x09\xbc\xfe\0\0\0\0\x85\0\0\0\x05\
\0\0\0\x61\xa1\xc0\xff\0\0\0\0\x73\x19\x30\0\0\0\0\0\xb4\x01\0\0\x06\0\0\0\x63\
\x19\x28\0\0\0\0\0\x79\xa6\xc8\xff\0\0\0\0\x63\x69\x24\0\0\0\0\0\x61\xa1\x98\
\xff\0\0\0\0\x63\x19\x20\0\0\0\0\0\x79\xa1\xb0\xff\0\0\0\0\x63\x19\x1c\0\0\0\0\
\0\x79\xa1\xa8\xff\0\0\0\0\x63\x19\x18\0\0\0\0\0\x79\xa1\xb8\xff\0\0\0\0\x7b\
\x19\x10\0\0\0\0\0\x7b\x79\x08\0\0\0\0\0\x7b\x09\0\0\0\0\0\0\xb4\x01\0\0\0\0\0\
\0\x73\x19\x34\0\0\0\0\0\x73\x19\x33\0\0\0\0\0\x73\x19\x32\0\0\0\0\0\x73\x19\
\x31\0\0\0\0\0\x73\x19\x36\0\0\0\0\0\x73\x19\x35\0\0\0\0\0\x73\x19\x37\0\0\0\0\
\0\xbf\x91\0\0\0\0\0\0\x07\x01\0\0\x38\0\0\0\xb4\x02\0\0\x10\0\0\0\x85\0\0\0\
\x10\0\0\0\xbf\x91\0\0\0\0\0\0\x07\x01\0\0\x48\0\0\0\x79\xa3\xa0\xff\0\0\0\0\
\x07\x03\0\0\0\x60\0\0\xbc\x82\0\0\0\0\0\0\x85\0\0\0\x70\0\0\0\x55\0\xcf\xfe\0\
\0\0\0\x63\x89\x2c\0\0\0\0\0\xbf\x91\0\0\0\0\0\0\xb7\x02\0\0\0\0\0\0\x85\0\0\0\
\x84\0\0\0\xa6\x06\x9d\xfe\x01\x70\0\0\x18\x01\0\0\0\0\0\0\0\0\0\0\0\0\0\0\xb7\
\x02\0\0\x48\x10\0\0\xb7\x03\0\0\0\0\0\0\x85\0\0\0\x83\0\0\0\xbf\x09\0\0\0\0\0\
\0\x15\x09\x8c\xfe\0\0\0\0\x85\0\0\0\x05\0\0\0\x61\xa1\xc0\xff\0\0\0\0\x73\x19\
\x30\0\0\0\0\0\xb4\x01\0\0\x07\0\0\0\x63\x19\x28\0\0\0\0\0\x79\xa1\xc8\xff\0\0\
\0\0\x63\x19\x24\0\0\0\0\0\x61\xa1\x98\xff\0\0\0\0\x63\x19\x20\0\0\0\0\0\x79\
\xa1\xb0\xff\0\0\0\0\x63\x19\x1c\0\0\0\0\0\x79\xa1\xa8\xff\0\0\0\0\x63\x19\x18\
\0\0\0\0\0\x79\xa1\xb8\xff\0\0\0\0\x7b\x19\x10\0\0\0\0\0\x7b\x79\x08\0\0\0\0\0\
\x7b\x09\0\0\0\0\0\0\xb4\x01\0\0\0\0\0\0\x73\x19\x34\0\0\0\0\0\x73\x19\x33\0\0\
\0\0\0\x73\x19\x32\0\0\0\0\0\x73\x19\x31\0\0\0\0\0\x73\x19\x36\0\0\0\0\0\x73\
\x19\x35\0\0\0\0\0\x73\x19\x37\0\0\0\0\0\xbf\x91\0\0\0\0\0\0\x07\x01\0\0\x38\0\
\0\0\xb4\x02\0\0\x10\0\0\0\x85\0\0\0\x10\0\0\0\xbf\x91\0\0\0\0\0\0\x07\x01\0\0\
\x48\0\0\0\x79\xa3\xa0\xff\0\0\0\0\x07\x03\0\0\0\x70\0\0\xbc\x82\0\0\0\0\0\0\
\x85\0\0\0\x70\0\0\0\x55\0\x9f\xfe\0\0\0\0\x63\x89\x2c\0\0\0\0\0\xbf\x91\0\0\0\
\0\0\0\xb7\x02\0\0\0\0\0\0\x85\0\0\0\x84\0\0\0\x05\0\x6d\xfe\0\0\0\0\x79\x16\
\x50\0\0\0\0\0\x85\0\0\0\x0e\0\0\0\x7b\x0a\xd0\xff\0\0\0\0\xbf\xa2\0\0\0\0\0\0\
\x07\x02\0\0\xd0\xff\xff\xff\x18\x01\0\0\0\0\0\0\0\0\0\0\0\0\0\0\x85\0\0\0\x01\
\0\0\0\x15\0\x68\0\0\0\0\0\x61\x01\x24\0\0\0\0\0\x16\x01\x25\0\0\0\0\0\x56\x06\
\x60\0\x01\0\0\0\x79\x03\x10\0\0\0\0\0\x15\x03\x5e\0\0\0\0\0\xbf\x07\0\0\0\0\0\
\0\xb7\x01\0\0\0\0\0\0\x7b\x1a\xf0\xff\0\0\0\0\xbf\xa1\0\0\0\0\0\0\x07\x01\0\0\
\xf0\xff\xff\xff\xb4\x02\0\0\x08\0\0\0\x85\0\0\0\x70\0\0\0\x79\xa1\xf0\xff\0\0\
\0\0\xbf\x12\0\0\0\0\0\0\xa5\x01\x01\0\0\0\0\x40\xb7\x02\0\0\0\0\0\x40\x7b\x2a\
\xc8\xff\0\0\0\0\xbf\x70\0\0\0\0\0\0\x15\x01\x50\0\0\0\0\0\x61\x08\x20\0\0\0\0\
\0\x79\x09\x08\0\0\0\0\0\x79\x07\0\0\0\0\0\0\x85\0\0\0\x0e\0\0\0\xb4\x01\0\0\0\
\0\0\0\x63\x1a\xf4\xff\0\0\0\0\x7b\x7a\xf8\xff\0\0\0\0\x7b\x0a\xb0\xff\0\0\0\0\
\x77\0\0\0\x20\0\0\0\x7b\x0a\xa8\xff\0\0\0\0\x63\x0a\xf0\xff\0\0\0\0\xbf\xa2\0\
\0\0\0\0\0\x07\x02\0\0\xf0\xff\xff\xff\x18\x01\0\0\0\0\0\0\0\0\0\0\0\0\0\0\x85\
\0\0\0\x01\0\0\0\x7b\x7a\xb8\xff\0\0\0\0\x63\x8a\xc0\xff\0\0\0\0\x15\0\x04\0\0\
\0\0\0\x05\0\x25\0\0\0\0\0\x7b\x6a\xc8\xff\0\0\0\0\x66\x06\xea\xff\0\0\0\0\x05\
\0\x39\0\0\0\0\0\xb4\x01\0\0\x02\0\0\0\x63\x1a\xec\xff\0\0\0\0\xbf\xa2\0\0\0\0\
\0\0\x07\x02\0\0\xec\xff\xff\xff\x18\x01\0\0\0\0\0\0\0\0\0\0\0\0\0\0\x85\0\0\0\
\x01\0\0\0\x55\0\x03\0\0\0\0\0\xb4\x01\0\0\xff\xff\xff\xff\xb7\x06\0\0\0\0\0\0\
\x05\0\x19\0\0\0\0\0\xb7\x01\0\0\x01\0\0\0\xdb\x10\0\0\x01\0\0\0\x18\x02\0\0\
\xff\xff\xff\xff\0\0\0\0\0\0\0\0\x7b\x2a\xe0\xff\0\0\0\0\x07\x01\0\0\x01\0\0\0\
\x7b\x1a\xd8\xff\0\0\0\0\xbf\xa8\0\0\0\0\0\0\x07\x08\0\0\xf0\xff\xff\xff\xbf\
\xa3\0\0\0\0\0\0\x07\x03\0\0\xd8\xff\xff\xff\x18\x01\0\0\0\0\0\0\0\0\0\0\0\0\0\
\0\xbf\x82\0\0\0\0\0\0\xb7\x04\0\0\x01\0\0\0\x85\0\0\0\x02\0\0\0\x18\x01\0\0\0\
\0\0\0\0\0\0\0\0\0\0\0\xbf\x82\0\0\0\0\0\0\x85\0\0\0\x01\0\0\0\xb4\x01\0\0\xff\
\xff\xff\xff\xb7\x06\0\0\0\0\0\0\x15\0\x02\0\0\0\0\0\x61\x01\x08\0\0\0\0\0\x79\
\x06\0\0\0\0\0\0\x79\xa2\xc8\xff\0\0\0\0\x16\x02\x13\0\0\0\0\0\x63\x1a\x98\xff\
\0\0\0\0\x7b\x9a\xa0\xff\0\0\0\0\x18\x01\0\0\0\0\0\0\0\0\0\0\0\0\0\0\xb7\x02\0\
\0\x48\x10\0\0\xb7\x03\0\0\0\0\0\0\x85\0\0\0\x83\0\0\0\xbf\x09\0\0\0\0\0\0\x55\
\x09\x11\0\0\0\0\0\xb4\x01\0\0\0\0\0\0\x63\x1a\xf0\xff\0\0\0\0\xbf\xa2\0\0\0\0\
\0\0\x07\x02\0\0\xf0\xff\xff\xff\x18\x01\0\0\0\0\0\0\0\0\0\0\0\0\0\0\x85\0\0\0\
\x01\0\0\0\x15\0\x02\0\0\0\0\0\xb7\x01\0\0\x01\0\0\0\xdb\x10\0\0\x01\0\0\0\xbf\
\xa2\0\0\0\0\0\0\x07\x02\0\0\xd0\xff\xff\xff\x18\x01\0\0\0\0\0\0\0\0\0\0\0\0\0\
\0\x85\0\0\0\x03\0\0\0\xb4\0\0\0\0\0\0\0\x95\0\0\0\0\0\0\0\x79\xa7\xc8\xff\0\0\
\0\0\xbc\x78\0\0\0\0\0\0\x54\x08\0\0\xff\x0f\0\0\x85\0\0\0\x05\0\0\0\xbf\x62\0\
\0\0\0\0\0\x61\xa1\xc0\xff\0\0\0\0\x73\x19\x30\0\0\0\0\0\x63\x79\x24\0\0\0\0\0\
\x61\xa1\x98\xff\0\0\0\0\x63\x19\x20\0\0\0\0\0\x79\xa1\xb0\xff\0\0\0\0\x63\x19\
\x1c\0\0\0\0\0\x79\xa1\xa8\xff\0\0\0\0\x63\x19\x18\0\0\0\0\0\x79\xa6\xb8\xff\0\
\0\0\0\x7b\x69\x10\0\0\0\0\0\x7b\x2a\x90\xff\0\0\0\0\x7b\x29\x08\0\0\0\0\0\x7b\
\x09\0\0\0\0\0\0\xb4\x01\0\0\0\0\0\0\x73\x19\x34\0\0\0\0\0\x73\x19\x33\0\0\0\0\
\0\x73\x19\x32\0\0\0\0\0\x73\x19\x31\0\0\0\0\0\x73\x19\x36\0\0\0\0\0\x73\x19\
\x35\0\0\0\0\0\x63\x19\x28\0\0\0\0\0\x73\x19\x37\0\0\0\0\0\xbf\x91\0\0\0\0\0\0\
\x07\x01\0\0\x38\0\0\0\xb4\x02\0\0\x10\0\0\0\x85\0\0\0\x10\0\0\0\xbf\x91\0\0\0\
\0\0\0\x07\x01\0\0\x48\0\0\0\xbc\x82\0\0\0\0\0\0\x79\xa3\xa0\xff\0\0\0\0\x85\0\
\0\0\x70\0\0\0\x15\0\x0c\0\0\0\0\0\xbf\x91\0\0\0\0\0\0\xb7\x02\0\0\0\0\0\0\x85\
\0\0\0\x85\0\0\0\xb4\x01\0\0\x01\0\0\0\x63\x1a\xf0\xff\0\0\0\0\xbf\xa2\0\0\0\0\
\0\0\x07\x02\0\0\xf0\xff\xff\xff\x18\x01\0\0\0\0\0\0\0\0\0\0\0\0\0\0\x85\0\0\0\
\x01\0\0\0\x15\0\xc8\xff\0\0\0\0\x05\0\xc5\xff\0\0\0\0\x61\xa1\xc0\xff\0\0\0\0\
\x63\x89\x2c\0\0\0\0\0\xbf\x91\0\0\0\0\0\0\xb7\x02\0\0\0\0\0\0\x85\0\0\0\x84\0\
\0\0\x79\xa6\x90\xff\0\0\0\0\xa6\x07\xc0\xff\x01\x10\0\0\x18\x01\0\0\0\0\0\0\0\
\0\0\0\0\0\0\0\xb7\x02\0\0\x48\x10\0\0\xb7\x03\0\0\0\0\0\0\x85\0\0\0\x83\0\0\0\
\xbf\x09\0\0\0\0\0\0\x15\x09\xaf\xff\0\0\0\0\x85\0\0\0\x05\0\0\0\x61\xa1\xc0\
\xff\0\0\0\0\x73\x19\x30\0\0\0\0\0\xb4\x01\0\0\x01\0\0\0\x63\x19\x28\0\0\0\0\0\
\x79\xa1\xc8\xff\0\0\0\0\x7b\x1a\xc8\xff\0\0\0\0\x63\x19\x24\0\0\0\0\0\x61\xa1\
\x98\xff\0\0\0\0\x63\x19\x20\0\0\0\0\0\x79\xa1\xb0\xff\0\0\0\0\x63\x19\x1c\0\0\
\0\0\0\x79\xa1\xa8\xff\0\0\0\0\x63\x19\x18\0\0\0\0\0\x79\xa1\xb8\xff\0\0\0\0\
\x7b\x19\x10\0\0\0\0\0\x7b\x69\x08\0\0\0\0\0\x7b\x09\0\0\0\0\0\0\xb4\x01\0\0\0\
\0\0\0\x73\x19\x34\0\0\0\0\0\x73\x19\x33\0\0\0\0\0\x73\x19\x32\0\0\0\0\0\x73\
\x19\x31\0\0\0\0\0\x73\x19\x36\0\0\0\0\0\x73\x19\x35\0\0\0\0\0\x73\x19\x37\0\0\
\0\0\0\xbf\x91\0\0\0\0\0\0\x07\x01\0\0\x38\0\0\0\xb4\x02\0\0\x10\0\0\0\x85\0\0\
\0\x10\0\0\0\xbf\x91\0\0\0\0\0\0\x07\x01\0\0\x48\0\0\0\x79\xa3\xa0\xff\0\0\0\0\
\x07\x03\0\0\0\x10\0\0\xbc\x82\0\0\0\0\0\0\x85\0\0\0\x70\0\0\0\xbf\x67\0\0\0\0\
\0\0\x55\0\xc0\xff\0\0\0\0\x63\x89\x2c\0\0\0\0\0\xbf\x91\0\0\0\0\0\0\xb7\x02\0\
\0\0\0\0\0\x85\0\0\0\x84\0\0\0\x79\xa1\xc8\xff\0\0\0\0\xa6\x01\x8d\xff\x01\x20\
\0\0\x18\x01\0\0\0\0\0\0\0\0\0\0\0\0\0\0\xb7\x02\0\0\x48\x10\0\0\xb7\x03\0\0\0\
\0\0\0\x85\0\0\0\x83\0\0\0\xbf\x09\0\0\0\0\0\0\x15\x09\x7c\xff\0\0\0\0\x85\0\0\
\0\x05\0\0\0\x61\xa1\xc0\xff\0\0\0\0\x73\x19\x30\0\0\0\0\0\xb4\x01\0\0\x02\0\0\
\0\x63\x19\x28\0\0\0\0\0\x79\xa6\xc8\xff\0\0\0\0\x63\x69\x24\0\0\0\0\0\x61\xa1\
\x98\xff\0\0\0\0\x63\x19\x20\0\0\0\0\0\x79\xa1\xb0\xff\0\0\0\0\x63\x19\x1c\0\0\
\0\0\0\x79\xa1\xa8\xff\0\0\0\0\x63\x19\x18\0\0\0\0\0\x79\xa1\xb8\xff\0\0\0\0\
\x7b\x19\x10\0\0\0\0\0\x7b\x79\x08\0\0\0\0\0\x7b\x09\0\0\0\0\0\0\xb4\x01\0\0\0\
\0\0\0\x73\x19\x34\0\0\0\0\0\x73\x19\x33\0\0\0\0\0\x73\x19\x32\0\0\0\0\0\x73\
\x19\x31\0\0\0\0\0\x73\x19\x36\0\0\0\0\0\x73\x19\x35\0\0\0\0\0\x73\x19\x37\0\0\
\0\0\0\xbf\x91\0\0\0\0\0\0\x07\x01\0\0\x38\0\0\0\xb4\x02\0\0\x10\0\0\0\x85\0\0\
\0\x10\0\0\0\xbf\x91\0\0\0\0\0\0\x07\x01\0\0\x48\0\0\0\x79\xa3\xa0\xff\0\0\0\0\
\x07\x03\0\0\0\x20\0\0\xbc\x82\0\0\0\0\0\0\x85\0\0\0\x70\0\0\0\x55\0\x8f\xff\0\
\0\0\0\x63\x89\x2c\0\0\0\0\0\xbf\x91\0\0\0\0\0\0\xb7\x02\0\0\0\0\0\0\x85\0\0\0\
\x84\0\0\0\xa6\x06\x5d\xff\x01\x30\0\0\x18\x01\0\0\0\0\0\0\0\0\0\0\0\0\0\0\xb7\
\x02\0\0\x48\x10\0\0\xb7\x03\0\0\0\0\0\0\x85\0\0\0\x83\0\0\0\xbf\x09\0\0\0\0\0\
\0\x15\x09\x4c\xff\0\0\0\0\x85\0\0\0\x05\0\0\0\x61\xa1\xc0\xff\0\0\0\0\x73\x19\
\x30\0\0\0\0\0\xb4\x01\0\0\x03\0\0\0\x63\x19\x28\0\0\0\0\0\x79\xa6\xc8\xff\0\0\
\0\0\x63\x69\x24\0\0\0\0\0\x61\xa1\x98\xff\0\0\0\0\x63\x19\x20\0\0\0\0\0\x79\
\xa1\xb0\xff\0\0\0\0\x63\x19\x1c\0\0\0\0\0\x79\xa1\xa8\xff\0\0\0\0\x63\x19\x18\
\0\0\0\0\0\x79\xa1\xb8\xff\0\0\0\0\x7b\x19\x10\0\0\0\0\0\x7b\x79\x08\0\0\0\0\0\
\x7b\x09\0\0\0\0\0\0\xb4\x01\0\0\0\0\0\0\x73\x19\x34\0\0\0\0\0\x73\x19\x33\0\0\
\0\0\0\x73\x19\x32\0\0\0\0\0\x73\x19\x31\0\0\0\0\0\x73\x19\x36\0\0\0\0\0\x73\
\x19\x35\0\0\0\0\0\x73\x19\x37\0\0\0\0\0\xbf\x91\0\0\0\0\0\0\x07\x01\0\0\x38\0\
\0\0\xb4\x02\0\0\x10\0\0\0\x85\0\0\0\x10\0\0\0\xbf\x91\0\0\0\0\0\0\x07\x01\0\0\
\x48\0\0\0\x79\xa3\xa0\xff\0\0\0\0\x07\x03\0\0\0\x30\0\0\xbc\x82\0\0\0\0\0\0\
\x85\0\0\0\x70\0\0\0\x55\0\x5f\xff\0\0\0\0\x63\x89\x2c\0\0\0\0\0\xbf\x91\0\0\0\
\0\0\0\xb7\x02\0\0\0\0\0\0\x85\0\0\0\x84\0\0\0\xa6\x06\x2d\xff\x01\x40\0\0\x18\
\x01\0\0\0\0\0\0\0\0\0\0\0\0\0\0\xb7\x02\0\0\x48\x10\0\0\xb7\x03\0\0\0\0\0\0\
\x85\0\0\0\x83\0\0\0\xbf\x09\0\0\0\0\0\0\x15\x09\x1c\xff\0\0\0\0\x85\0\0\0\x05\
\0\0\0\x61\xa1\xc0\xff\0\0\0\0\x73\x19\x30\0\0\0\0\0\xb4\x01\0\0\x04\0\0\0\x63\
\x19\x28\0\0\0\0\0\x79\xa6\xc8\xff\0\0\0\0\x63\x69\x24\0\0\0\0\0\x61\xa1\x98\
\xff\0\0\0\0\x63\x19\x20\0\0\0\0\0\x79\xa1\xb0\xff\0\0\0\0\x63\x19\x1c\0\0\0\0\
\0\x79\xa1\xa8\xff\0\0\0\0\x63\x19\x18\0\0\0\0\0\x79\xa1\xb8\xff\0\0\0\0\x7b\
\x19\x10\0\0\0\0\0\x7b\x79\x08\0\0\0\0\0\x7b\x09\0\0\0\0\0\0\xb4\x01\0\0\0\0\0\
\0\x73\x19\x34\0\0\0\0\0\x73\x19\x33\0\0\0\0\0\x73\x19\x32\0\0\0\0\0\x73\x19\
\x31\0\0\0\0\0\x73\x19\x36\0\0\0\0\0\x73\x19\x35\0\0\0\0\0\x73\x19\x37\0\0\0\0\
\0\xbf\x91\0\0\0\0\0\0\x07\x01\0\0\x38\0\0\0\xb4\x02\0\0\x10\0\0\0\x85\0\0\0\
\x10\0\0\0\xbf\x91\0\0\0\0\0\0\x07\x01\0\0\x48\0\0\0\x79\xa3\xa0\xff\0\0\0\0\
\x07\x03\0\0\0\x40\0\0\xbc\x82\0\0\0\0\0\0\x85\0\0\0\x70\0\0\0\x55\0\x2f\xff\0\
\0\0\0\x63\x89\x2c\0\0\0\0\0\xbf\x91\0\0\0\0\0\0\xb7\x02\0\0\0\0\0\0\x85\0\0\0\
\x84\0\0\0\xa6\x06\xfd\xfe\x01\x50\0\0\x18\x01\0\0\0\0\0\0\0\0\0\0\0\0\0\0\xb7\
\x02\0\0\x48\x10\0\0\xb7\x03\0\0\0\0\0\0\x85\0\0\0\x83\0\0\0\xbf\x09\0\0\0\0\0\
\0\x15\x09\xec\xfe\0\0\0\0\x85\0\0\0\x05\0\0\0\x61\xa1\xc0\xff\0\0\0\0\x73\x19\
\x30\0\0\0\0\0\xb4\x01\0\0\x05\0\0\0\x63\x19\x28\0\0\0\0\0\x79\xa6\xc8\xff\0\0\
\0\0\x63\x69\x24\0\0\0\0\0\x61\xa1\x98\xff\0\0\0\0\x63\x19\x20\0\0\0\0\0\x79\
\xa1\xb0\xff\0\0\0\0\x63\x19\x1c\0\0\0\0\0\x79\xa1\xa8\xff\0\0\0\0\x63\x19\x18\
\0\0\0\0\0\x79\xa1\xb8\xff\0\0\0\0\x7b\x19\x10\0\0\0\0\0\x7b\x79\x08\0\0\0\0\0\
\x7b\x09\0\0\0\0\0\0\xb4\x01\0\0\0\0\0\0\x73\x19\x34\0\0\0\0\0\x73\x19\x33\0\0\
\0\0\0\x73\x19\x32\0\0\0\0\0\x73\x19\x31\0\0\0\0\0\x73\x19\x36\0\0\0\0\0\x73\
\x19\x35\0\0\0\0\0\x73\x19\x37\0\0\0\0\0\xbf\x91\0\0\0\0\0\0\x07\x01\0\0\x38\0\
\0\0\xb4\x02\0\0\x10\0\0\0\x85\0\0\0\x10\0\0\0\xbf\x91\0\0\0\0\0\0\x07\x01\0\0\
\x48\0\0\0\x79\xa3\xa0\xff\0\0\0\0\x07\x03\0\0\0\x50\0\0\xbc\x82\0\0\0\0\0\0\
\x85\0\0\0\x70\0\0\0\x55\0\xff\xfe\0\0\0\0\x63\x89\x2c\0\0\0\0\0\xbf\x91\0\0\0\
\0\0\0\xb7\x02\0\0\0\0\0\0\x85\0\0\0\x84\0\0\0\xa6\x06\xcd\xfe\x01\x60\0\0\x18\
\x01\0\0\0\0\0\0\0\0\0\0\0\0\0\0\xb7\x02\0\0\x48\x10\0\0\xb7\x03\0\0\0\0\0\0\
\x85\0\0\0\x83\0\0\0\xbf\x09\0\0\0\0\0\0\x15\x09\xbc\xfe\0\0\0\0\x85\0\0\0\x05\
\0\0\0\x61\xa1\xc0\xff\0\0\0\0\x73\x19\x30\0\0\0\0\0\xb4\x01\0\0\x06\0\0\0\x63\
\x19\x28\0\0\0\0\0\x79\xa6\xc8\xff\0\0\0\0\x63\x69\x24\0\0\0\0\0\x61\xa1\x98\
\xff\0\0\0\0\x63\x19\x20\0\0\0\0\0\x79\xa1\xb0\xff\0\0\0\0\x63\x19\x1c\0\0\0\0\
\0\x79\xa1\xa8\xff\0\0\0\0\x63\x19\x18\0\0\0\0\0\x79\xa1\xb8\xff\0\0\0\0\x7b\
\x19\x10\0\0\0\0\0\x7b\x79\x08\0\0\0\0\0\x7b\x09\0\0\0\0\0\0\xb4\x01\0\0\0\0\0\
\0\x73\x19\x34\0\0\0\0\0\x73\x19\x33\0\0\0\0\0\x73\x19\x32\0\0\0\0\0\x73\x19\
\x31\0\0\0\0\0\x73\x19\x36\0\0\0\0\0\x73\x19\x35\0\0\0\0\0\x73\x19\x37\0\0\0\0\
\0\xbf\x91\0\0\0\0\0\0\x07\x01\0\0\x38\0\0\0\xb4\x02\0\0\x10\0\0\0\x85\0\0\0\
\x10\0\0\0\xbf\x91\0\0\0\0\0\0\x07\x01\0\0\x48\0\0\0\x79\xa3\xa0\xff\0\0\0\0\
\x07\x03\0\0\0\x60\0\0\xbc\x82\0\0\0\0\0\0\x85\0\0\0\x70\0\0\0\x55\0\xcf\xfe\0\
\0\0\0\x63\x89\x2c\0\0\0\0\0\xbf\x91\0\0\0\0\0\0\xb7\x02\0\0\0\0\0\0\x85\0\0\0\
\x84\0\0\0\xa6\x06\x9d\xfe\x01\x70\0\0\x18\x01\0\0\0\0\0\0\0\0\0\0\0\0\0\0\xb7\
\x02\0\0\x48\x10\0\0\xb7\x03\0\0\0\0\0\0\x85\0\0\0\x83\0\0\0\xbf\x09\0\0\0\0\0\
\0\x15\x09\x8c\xfe\0\0\0\0\x85\0\0\0\x05\0\0\0\x61\xa1\xc0\xff\0\0\0\0\x73\x19\
\x30\0\0\0\0\0\xb4\x01\0\0\x07\0\0\0\x63\x19\x28\0\0\0\0\0\x79\xa1\xc8\xff\0\0\
\0\0\x63\x19\x24\0\0\0\0\0\x61\xa1\x98\xff\0\0\0\0\x63\x19\x20\0\0\0\0\0\x79\
\xa1\xb0\xff\0\0\0\0\x63\x19\x1c\0\0\0\0\0\x79\xa1\xa8\xff\0\0\0\0\x63\x19\x18\
\0\0\0\0\0\x79\xa1\xb8\xff\0\0\0\0\x7b\x19\x10\0\0\0\0\0\x7b\x79\x08\0\0\0\0\0\
\x7b\x09\0\0\0\0\0\0\xb4\x01\0\0\0\0\0\0\x73\x19\x34\0\0\0\0\0\x73\x19\x33\0\0\
\0\0\0\x73\x19\x32\0\0\0\0\0\x73\x19\x31\0\0\0\0\0\x73\x19\x36\0\0\0\0\0\x73\
\x19\x35\0\0\0\0\0\x73\x19\x37\0\0\0\0\0\xbf\x91\0\0\0\0\0\0\x07\x01\0\0\x38\0\
\0\0\xb4\x02\0\0\x10\0\0\0\x85\0\0\0\x10\0\0\0\xbf\x91\0\0\0\0\0\0\x07\x01\0\0\
\x48\0\0\0\x79\xa3\xa0\xff\0\0\0\0\x07\x03\0\0\0\x70\0\0\xbc\x82\0\0\0\0\0\0\
\x85\0\0\0\x70\0\0\0\x55\0\x9f\xfe\0\0\0\0\x63\x89\x2c\0\0\0\0\0\xbf\x91\0\0\0\
\0\0\0\xb7\x02\0\0\0\0\0\0\x85\0\0\0\x84\0\0\0\x05\0\x6d\xfe\0\0\0\0\x79\x16\
\x50\0\0\0\0\0\x85\0\0\0\x0e\0\0\0\x7b\x0a\xd0\xff\0\0\0\0\xbf\xa2\0\0\0\0\0\0\
\x07\x02\0\0\xd0\xff\xff\xff\x18\x01\0\0\0\0\0\0\0\0\0\0\0\0\0\0\x85\0\0\0\x01\
\0\0\0\x15\0\x68\0\0\0\0\0\x61\x01\x24\0\0\0\0\0\x16\x01\x25\0\0\0\0\0\x56\x06\
\x60\0\x01\0\0\0\x79\x03\x10\0\0\0\0\0\x15\x03\x5e\0\0\0\0\0\xbf\x07\0\0\0\0\0\
\0\xb7\x01\0\0\0\0\0\0\x7b\x1a\xf0\xff\0\0\0\0\xbf\xa1\0\0\0\0\0\0\x07\x01\0\0\
\xf0\xff\xff\xff\xb4\x02\0\0\x08\0\0\0\x85\0\0\0\x70\0\0\0\x79\xa1\xf0\xff\0\0\
\0\0\xbf\x12\0\0\0\0\0\0\xa5\x01\x01\0\0\0\0\x40\xb7\x02\0\0\0\0\0\x40\x7b\x2a\
\xc8\xff\0\0\0\0\xbf\x70\0\0\0\0\0\0\x15\x01\x50\0\0\0\0\0\x61\x08\x20\0\0\0\0\
\0\x79\x09\x08\0\0\0\0\0\x79\x07\0\0\0\0\0\0\x85\0\0\0\x0e\0\0\0\xb4\x01\0\0\0\
\0\0\0\x63\x1a\xf4\xff\0\0\0\0\x7b\x7a\xf8\xff\0\0\0\0\x7b\x0a\xb0\xff\0\0\0\0\
\x77\0\0\0\x20\0\0\0\x7b\x0a\xa8\xff\0\0\0\0\x63\x0a\xf0\xff\0\0\0\0\xbf\xa2\0\
\0\0\0\0\0\x07\x02\0\0\xf0\xff\xff\xff\x18\x01\0\0\0\0\0\0\0\0\0\0\0\0\0\0\x85\
\0\0\0\x01\0\0\0\x7b\x7a\xb8\xff\0\0\0\0\x63\x8a\xc0\xff\0\0\0\0\x15\0\x04\0\0\
\0\0\0\x05\0\x25\0\0\0\0\0\x7b\x6a\xc8\xff\0\0\0\0\x66\x06\xea\xff\0\0\0\0\x05\
\0\x39\0\0\0\0\0\xb4\x01\0\0\x02\0\0\0\x63\x1a\xec\xff\0\0\0\0\xbf\xa2\0\0\0\0\
\0\0\x07\x02\0\0\xec\xff\xff\xff\x18\x01\0\0\0\0\0\0\0\0\0\0\0\0\0\0\x85\0\0\0\
\x01\0\0\0\x55\0\x03\0\0\0\0\0\xb4\x01\0\0\xff\xff\xff\xff\xb7\x06\0\0\0\0\0\0\
\x05\0\x19\0\0\0\0\0\xb7\x01\0\0\x01\0\0\0\xdb\x10\0\0\x01\0\0\0\x18\x02\0\0\
\xff\xff\xff\xff\0\0\0\0\0\0\0\0\x7b\x2a\xe0\xff\0\0\0\0\x07\x01\0\0\x01\0\0\0\
\x7b\x1a\xd8\xff\0\0\0\0\xbf\xa8\0\0\0\0\0\0\x07\x08\0\0\xf0\xff\xff\xff\xbf\
\xa3\0\0\0\0\0\0\x07\x03\0\0\xd8\xff\xff\xff\x18\x01\0\0\0\0\0\0\0\0\0\0\0\0\0\
\0\xbf\x82\0\0\0\0\0\0\xb7\x04\0\0\x01\0\0\0\x85\0\0\0\x02\0\0\0\x18\x01\0\0\0\
\0\0\0\0\0\0\0\0\0\0\0\xbf\x82\0\0\0\0\0\0\x85\0\0\0\x01\0\0\0\xb4\x01\0\0\xff\
\xff\xff\xff\xb7\x06\0\0\0\0\0\0\x15\0\x02\0\0\0\0\0\x61\x01\x08\0\0\0\0\0\x79\
\x06\0\0\0\0\0\0\x79\xa2\xc8\xff\0\0\0\0\x16\x02\x13\0\0\0\0\0\x63\x1a\x98\xff\
\0\0\0\0\x7b\x9a\xa0\xff\0\0\0\0\x18\x01\0\0\0\0\0\0\0\0\0\0\0\0\0\0\xb7\x02\0\
\0\x48\x10\0\0\xb7\x03\0\0\0\0\0\0\x85\0\0\0\x83\0\0\0\xbf\x09\0\0\0\0\0\0\x55\
\x09\x11\0\0\0\0\0\xb4\x01\0\0\0\0\0\0\x63\x1a\xf0\xff\0\0\0\0\xbf\xa2\0\0\0\0\
\0\0\x07\x02\0\0\xf0\xff\xff\xff\x18\x01\0\0\0\0\0\0\0\0\0\0\0\0\0\0\x85\0\0\0\
\x01\0\0\0\x15\0\x02\0\0\0\0\0\xb7\x01\0\0\x01\0\0\0\xdb\x10\0\0\x01\0\0\0\xbf\
\xa2\0\0\0\0\0\0\x07\x02\0\0\xd0\xff\xff\xff\x18\x01\0\0\0\0\0\0\0\0\0\0\0\0\0\
\0\x85\0\0\0\x03\0\0\0\xb4\0\0\0\0\0\0\0\x95\0\0\0\0\0\0\0\x79\xa7\xc8\xff\0\0\
\0\0\xbc\x78\0\0\0\0\0\0\x54\x08\0\0\xff\x0f\0\0\x85\0\0\0\x05\0\0\0\xbf\x62\0\
\0\0\0\0\0\x61\xa1\xc0\xff\0\0\0\0\x73\x19\x30\0\0\0\0\0\x63\x79\x24\0\0\0\0\0\
\x61\xa1\x98\xff\0\0\0\0\x63\x19\x20\0\0\0\0\0\x79\xa1\xb0\xff\0\0\0\0\x63\x19\
\x1c\0\0\0\0\0\x79\xa1\xa8\xff\0\0\0\0\x63\x19\x18\0\0\0\0\0\x79\xa6\xb8\xff\0\
\0\0\0\x7b\x69\x10\0\0\0\0\0\x7b\x2a\x90\xff\0\0\0\0\x7b\x29\x08\0\0\0\0\0\x7b\
\x09\0\0\0\0\0\0\xb4\x01\0\0\0\0\0\0\x73\x19\x34\0\0\0\0\0\x73\x19\x33\0\0\0\0\
\0\x73\x19\x32\0\0\0\0\0\x73\x19\x31\0\0\0\0\0\x73\x19\x36\0\0\0\0\0\x73\x19\
\x35\0\0\0\0\0\x63\x19\x28\0\0\0\0\0\x73\x19\x37\0\0\0\0\0\xbf\x91\0\0\0\0\0\0\
\x07\x01\0\0\x38\0\0\0\xb4\x02\0\0\x10\0\0\0\x85\0\0\0\x10\0\0\0\xbf\x91\0\0\0\
\0\0\0\x07\x01\0\0\x48\0\0\0\xbc\x82\0\0\0\0\0\0\x79\xa3\xa0\xff\0\0\0\0\x85\0\
\0\0\x70\0\0\0\x15\0\x0c\0\0\0\0\0\xbf\x91\0\0\0\0\0\0\xb7\x02\0\0\0\0\0\0\x85\
\0\0\0\x85\0\0\0\xb4\x01\0\0\x01\0\0\0\x63\x1a\xf0\xff\0\0\0\0\xbf\xa2\0\0\0\0\
\0\0\x07\x02\0\0\xf0\xff\xff\xff\x18\x01\0\0\0\0\0\0\0\0\0\0\0\0\0\0\x85\0\0\0\
\x01\0\0\0\x15\0\xc8\xff\0\0\0\0\x05\0\xc5\xff\0\0\0\0\x61\xa1\xc0\xff\0\0\0\0\
\x63\x89\x2c\0\0\0\0\0\xbf\x91\0\0\0\0\0\0\xb7\x02\0\0\0\0\0\0\x85\0\0\0\x84\0\
\0\0\x79\xa6\x90\xff\0\0\0\0\xa6\x07\xc0\xff\x01\x10\0\0\x18\x01\0\0\0\0\0\0\0\
\0\0\0\0\0\0\0\xb7\x02\0\0\x48\x10\0\0\xb7\x03\0\0\0\0\0\0\x85\0\0\0\x83\0\0\0\
\xbf\x09\0\0\0\0\0\0\x15\x09\xaf\xff\0\0\0\0\x85\0\0\0\x05\0\0\0\x61\xa1\xc0\
\xff\0\0\0\0\x73\x19\x30\0\0\0\0\0\xb4\x01\0\0\x01\0\0\0\x63\x19\x28\0\0\0\0\0\
\x79\xa1\xc8\xff\0\0\0\0\x7b\x1a\xc8\xff\0\0\0\0\x63\x19\x24\0\0\0\0\0\x61\xa1\
\x98\xff\0\0\0\0\x63\x19\x20\0\0\0\0\0\x79\xa1\xb0\xff\0\0\0\0\x63\x19\x1c\0\0\
\0\0\0\x79\xa1\xa8\xff\0\0\0\0\x63\x19\x18\0\0\0\0\0\x79\xa1\xb8\xff\0\0\0\0\
\x7b\x19\x10\0\0\0\0\0\x7b\x69\x08\0\0\0\0\0\x7b\x09\0\0\0\0\0\0\xb4\x01\0\0\0\
\0\0\0\x73\x19\x34\0\0\0\0\0\x73\x19\x33\0\0\0\0\0\x73\x19\x32\0\0\0\0\0\x73\
\x19\x31\0\0\0\0\0\x73\x19\x36\0\0\0\0\0\x73\x19\x35\0\0\0\0\0\x73\x19\x37\0\0\
\0\0\0\xbf\x91\0\0\0\0\0\0\x07\x01\0\0\x38\0\0\0\xb4\x02\0\0\x10\0\0\0\x85\0\0\
\0\x10\0\0\0\xbf\x91\0\0\0\0\0\0\x07\x01\0\0\x48\0\0\0\x79\xa3\xa0\xff\0\0\0\0\
\x07\x03\0\0\0\x10\0\0\xbc\x82\0\0\0\0\0\0\x85\0\0\0\x70\0\0\0\xbf\x67\0\0\0\0\
\0\0\x55\0\xc0\xff\0\0\0\0\x63\x89\x2c\0\0\0\0\0\xbf\x91\0\0\0\0\0\0\xb7\x02\0\
\0\0\0\0\0\x85\0\0\0\x84\0\0\0\x79\xa1\xc8\xff\0\0\0\0\xa6\x01\x8d\xff\x01\x20\
\0\0\x18\x01\0\0\0\0\0\0\0\0\0\0\0\0\0\0\xb7\x02\0\0\x48\x10\0\0\xb7\x03\0\0\0\
\0\0\0\x85\0\0\0\x83\0\0\0\xbf\x09\0\0\0\0\0\0\x15\x09\x7c\xff\0\0\0\0\x85\0\0\
\0\x05\0\0\0\x61\xa1\xc0\xff\0\0\0\0\x73\x19\x30\0\0\0\0\0\xb4\x01\0\0\x02\0\0\
\0\x63\x19\x28\0\0\0\0\0\x79\xa6\xc8\xff\0\0\0\0\x63\x69\x24\0\0\0\0\0\x61\xa1\
\x98\xff\0\0\0\0\x63\x19\x20\0\0\0\0\0\x79\xa1\xb0\xff\0\0\0\0\x63\x19\x1c\0\0\
\0\0\0\x79\xa1\xa8\xff\0\0\0\0\x63\x19\x18\0\0\0\0\0\x79\xa1\xb8\xff\0\0\0\0\
\x7b\x19\x10\0\0\0\0\0\x7b\x79\x08\0\0\0\0\0\x7b\x09\0\0\0\0\0\0\xb4\x01\0\0\0\
\0\0\0\x73\x19\x34\0\0\0\0\0\x73\x19\x33\0\0\0\0\0\x73\x19\x32\0\0\0\0\0\x73\
\x19\x31\0\0\0\0\0\x73\x19\x36\0\0\0\0\0\x73\x19\x35\0\0\0\0\0\x73\x19\x37\0\0\
\0\0\0\xbf\x91\0\0\0\0\0\0\x07\x01\0\0\x38\0\0\0\xb4\x02\0\0\x10\0\0\0\x85\0\0\
\0\x10\0\0\0\xbf\x91\0\0\0\0\0\0\x07\x01\0\0\x48\0\0\0\x79\xa3\xa0\xff\0\0\0\0\
\x07\x03\0\0\0\x20\0\0\xbc\x82\0\0\0\0\0\0\x85\0\0\0\x70\0\0\0\x55\0\x8f\xff\0\
\0\0\0\x63\x89\x2c\0\0\0\0\0\xbf\x91\0\0\0\0\0\0\xb7\x02\0\0\0\0\0\0\x85\0\0\0\
\x84\0\0\0\xa6\x06\x5d\xff\x01\x30\0\0\x18\x01\0\0\0\0\0\0\0\0\0\0\0\0\0\0\xb7\
\x02\0\0\x48\x10\0\0\xb7\x03\0\0\0\0\0\0\x85\0\0\0\x83\0\0\0\xbf\x09\0\0\0\0\0\
\0\x15\x09\x4c\xff\0\0\0\0\x85\0\0\0\x05\0\0\0\x61\xa1\xc0\xff\0\0\0\0\x73\x19\
\x30\0\0\0\0\0\xb4\x01\0\0\x03\0\0\0\x63\x19\x28\0\0\0\0\0\x79\xa6\xc8\xff\0\0\
\0\0\x63\x69\x24\0\0\0\0\0\x61\xa1\x98\xff\0\0\0\0\x63\x19\x20\0\0\0\0\0\x79\
\xa1\xb0\xff\0\0\0\0\x63\x19\x1c\0\0\0\0\0\x79\xa1\xa8\xff\0\0\0\0\x63\x19\x18\
\0\0\0\0\0\x79\xa1\xb8\xff\0\0\0\0\x7b\x19\x10\0\0\0\0\0\x7b\x79\x08\0\0\0\0\0\
\x7b\x09\0\0\0\0\0\0\xb4\x01\0\0\0\0\0\0\x73\x19\x34\0\0\0\0\0\x73\x19\x33\0\0\
\0\0\0\x73\x19\x32\0\0\0\0\0\x73\x19\x31\0\0\0\0\0\x73\x19\x36\0\0\0\0\0\x73\
\x19\x35\0\0\0\0\0\x73\x19\x37\0\0\0\0\0\xbf\x91\0\0\0\0\0\0\x07\x01\0\0\x38\0\
\0\0\xb4\x02\0\0\x10\0\0\0\x85\0\0\0\x10\0\0\0\xbf\x91\0\0\0\0\0\0\x07\x01\0\0\
\x48\0\0\0\x79\xa3\xa0\xff\0\0\0\0\x07\x03\0\0\0\x30\0\0\xbc\x82\0\0\0\0\0\0\
\x85\0\0\0\x70\0\0\0\x55\0\x5f\xff\0\0\0\0\x63\x89\x2c\0\0\0\0\0\xbf\x91\0\0\0\
\0\0\0\xb7\x02\0\0\0\0\0\0\x85\0\0\0\x84\0\0\0\xa6\x06\x2d\xff\x01\x40\0\0\x18\
\x01\0\0\0\0\0\0\0\0\0\0\0\0\0\0\xb7\x02\0\0\x48\x10\0\0\xb7\x03\0\0\0\0\0\0\
\x85\0\0\0\x83\0\0\0\xbf\x09\0\0\0\0\0\0\x15\x09\x1c\xff\0\0\0\0\x85\0\0\0\x05\
\0\0\0\x61\xa1\xc0\xff\0\0\0\0\x73\x19\x30\0\0\0\0\0\xb4\x01\0\0\x04\0\0\0\x63\
\x19\x28\0\0\0\0\0\x79\xa6\xc8\xff\0\0\0\0\x63\x69\x24\0\0\0\0\0\x61\xa1\x98\
\xff\0\0\0\0\x63\x19\x20\0\0\0\0\0\x79\xa1\xb0\xff\0\0\0\0\x63\x19\x1c\0\0\0\0\
\0\x79\xa1\xa8\xff\0\0\0\0\x63\x19\x18\0\0\0\0\0\x79\xa1\xb8\xff\0\0\0\0\x7b\
\x19\x10\0\0\0\0\0\x7b\x79\x08\0\0\0\0\0\x7b\x09\0\0\0\0\0\0\xb4\x01\0\0\0\0\0\
\0\x73\x19\x34\0\0\0\0\0\x73\x19\x33\0\0\0\0\0\x73\x19\x32\0\0\0\0\0\x73\x19\
\x31\0\0\0\0\0\x73\x19\x36\0\0\0\0\0\x73\x19\x35\0\0\0\0\0\x73\x19\x37\0\0\0\0\
\0\xbf\x91\0\0\0\0\0\0\x07\x01\0\0\x38\0\0\0\xb4\x02\0\0\x10\0\0\0\x85\0\0\0\
\x10\0\0\0\xbf\x91\0\0\0\0\0\0\x07\x01\0\0\x48\0\0\0\x79\xa3\xa0\xff\0\0\0\0\
\x07\x03\0\0\0\x40\0\0\xbc\x82\0\0\0\0\0\0\x85\0\0\0\x70\0\0\0\x55\0\x2f\xff\0\
\0\0\0\x63\x89\x2c\0\0\0\0\0\xbf\x91\0\0\0\0\0\0\xb7\x02\0\0\0\0\0\0\x85\0\0\0\
\x84\0\0\0\xa6\x06\xfd\xfe\x01\x50\0\0\x18\x01\0\0\0\0\0\0\0\0\0\0\0\0\0\0\xb7\
\x02\0\0\x48\x10\0\0\xb7\x03\0\0\0\0\0\0\x85\0\0\0\x83\0\0\0\xbf\x09\0\0\0\0\0\
\0\x15\x09\xec\xfe\0\0\0\0\x85\0\0\0\x05\0\0\0\x61\xa1\xc0\xff\0\0\0\0\x73\x19\
\x30\0\0\0\0\0\xb4\x01\0\0\x05\0\0\0\x63\x19\x28\0\0\0\0\0\x79\xa6\xc8\xff\0\0\
\0\0\x63\x69\x24\0\0\0\0\0\x61\xa1\x98\xff\0\0\0\0\x63\x19\x20\0\0\0\0\0\x79\
\xa1\xb0\xff\0\0\0\0\x63\x19\x1c\0\0\0\0\0\x79\xa1\xa8\xff\0\0\0\0\x63\x19\x18\
\0\0\0\0\0\x79\xa1\xb8\xff\0\0\0\0\x7b\x19\x10\0\0\0\0\0\x7b\x79\x08\0\0\0\0\0\
\x7b\x09\0\0\0\0\0\0\xb4\x01\0\0\0\0\0\0\x73\x19\x34\0\0\0\0\0\x73\x19\x33\0\0\
\0\0\0\x73\x19\x32\0\0\0\0\0\x73\x19\x31\0\0\0\0\0\x73\x19\x36\0\0\0\0\0\x73\
\x19\x35\0\0\0\0\0\x73\x19\x37\0\0\0\0\0\xbf\x91\0\0\0\0\0\0\x07\x01\0\0\x38\0\
\0\0\xb4\x02\0\0\x10\0\0\0\x85\0\0\0\x10\0\0\0\xbf\x91\0\0\0\0\0\0\x07\x01\0\0\
\x48\0\0\0\x79\xa3\xa0\xff\0\0\0\0\x07\x03\0\0\0\x50\0\0\xbc\x82\0\0\0\0\0\0\
\x85\0\0\0\x70\0\0\0\x55\0\xff\xfe\0\0\0\0\x63\x89\x2c\0\0\0\0\0\xbf\x91\0\0\0\
\0\0\0\xb7\x02\0\0\0\0\0\0\x85\0\0\0\x84\0\0\0\xa6\x06\xcd\xfe\x01\x60\0\0\x18\
\x01\0\0\0\0\0\0\0\0\0\0\0\0\0\0\xb7\x02\0\0\x48\x10\0\0\xb7\x03\0\0\0\0\0\0\
\x85\0\0\0\x83\0\0\0\xbf\x09\0\0\0\0\0\0\x15\x09\xbc\xfe\0\0\0\0\x85\0\0\0\x05\
\0\0\0\x61\xa1\xc0\xff\0\0\0\0\x73\x19\x30\0\0\0\0\0\xb4\x01\0\0\x06\0\0\0\x63\
\x19\x28\0\0\0\0\0\x79\xa6\xc8\xff\0\0\0\0\x63\x69\x24\0\0\0\0\0\x61\xa1\x98\
\xff\0\0\0\0\x63\x19\x20\0\0\0\0\0\x79\xa1\xb0\xff\0\0\0\0\x63\x19\x1c\0\0\0\0\
\0\x79\xa1\xa8\xff\0\0\0\0\x63\x19\x18\0\0\0\0\0\x79\xa1\xb8\xff\0\0\0\0\x7b\
\x19\x10\0\0\0\0\0\x7b\x79\x08\0\0\0\0\0\x7b\x09\0\0\0\0\0\0\xb4\x01\0\0\0\0\0\
\0\x73\x19\x34\0\0\0\0\0\x73\x19\x33\0\0\0\0\0\x73\x19\x32\0\0\0\0\0\x73\x19\
\x31\0\0\0\0\0\x73\x19\x36\0\0\0\0\0\x73\x19\x35\0\0\0\0\0\x73\x19\x37\0\0\0\0\
\0\xbf\x91\0\0\0\0\0\0\x07\x01\0\0\x38\0\0\0\xb4\x02\0\0\x10\0\0\0\x85\0\0\0\
\x10\0\0\0\xbf\x91\0\0\0\0\0\0\x07\x01\0\0\x48\0\0\0\x79\xa3\xa0\xff\0\0\0\0\
\x07\x03\0\0\0\x60\0\0\xbc\x82\0\0\0\0\0\0\x85\0\0\0\x70\0\0\0\x55\0\xcf\xfe\0\
\0\0\0\x63\x89\x2c\0\0\0\0\0\xbf\x91\0\0\0\0\0\0\xb7\x02\0\0\0\0\0\0\x85\0\0\0\
\x84\0\0\0\xa6\x06\x9d\xfe\x01\x70\0\0\x18\x01\0\0\0\0\0\0\0\0\0\0\0\0\0\0\xb7\
\x02\0\0\x48\x10\0\0\xb7\x03\0\0\0\0\0\0\x85\0\0\0\x83\0\0\0\xbf\x09\0\0\0\0\0\
\0\x15\x09\x8c\xfe\0\0\0\0\x85\0\0\0\x05\0\0\0\x61\xa1\xc0\xff\0\0\0\0\x73\x19\
\x30\0\0\0\0\0\xb4\x01\0\0\x07\0\0\0\x63\x19\x28\0\0\0\0\0\x79\xa1\xc8\xff\0\0\
\0\0\x63\x19\x24\0\0\0\0\0\x61\xa1\x98\xff\0\0\0\0\x63\x19\x20\0\0\0\0\0\x79\
\xa1\xb0\xff\0\0\0\0\x63\x19\x1c\0\0\0\0\0\x79\xa1\xa8\xff\0\0\0\0\x63\x19\x18\
\0\0\0\0\0\x79\xa1\xb8\xff\0\0\0\0\x7b\x19\x10\0\0\0\0\0\x7b\x79\x08\0\0\0\0\0\
\x7b\x09\0\0\0\0\0\0\xb4\x01\0\0\0\0\0\0\x73\x19\x34\0\0\0\0\0\x73\x19\x33\0\0\
\0\0\0\x73\x19\x32\0\0\0\0\0\x73\x19\x31\0\0\0\0\0\x73\x19\x36\0\0\0\0\0\x73\
\x19\x35\0\0\0\0\0\x73\x19\x37\0\0\0\0\0\xbf\x91\0\0\0\0\0\0\x07\x01\0\0\x38\0\
\0\0\xb4\x02\0\0\x10\0\0\0\x85\0\0\0\x10\0\0\0\xbf\x91\0\0\0\0\0\0\x07\x01\0\0\
\x48\0\0\0\x79\xa3\xa0\xff\0\0\0\0\x07\x03\0\0\0\x70\0\0\xbc\x82\0\0\0\0\0\0\
\x85\0\0\0\x70\0\0\0\x55\0\x9f\xfe\0\0\0\0\x63\x89\x2c\0\0\0\0\0\xbf\x91\0\0\0\
\0\0\0\xb7\x02\0\0\0\0\0\0\x85\0\0\0\x84\0\0\0\x05\0\x6d\xfe\0\0\0\0\x47\x50\
\x4c\0\0\0\0\0\0\0\0\0\0\0\0\0\0\0\0\0\0\0\0\0\0\0\0\0\0\0\0\0\0\0\0\0\0\0\0\0\
\0\0\0\0\0\0\0\0\0\0\0\0\0\0\0\0\0\0\0\0\0\0\0\0\0\0\0\0\0\0\0\0\0\0\0\0\0\0\0\
\0\0\0\0\0\0\0\0\0\0\0\0\0\0\0\0\0\0\0\0\0\0\0\0\0\0\0\0\0\0\0\0\0\0\0\0\0\0\0\
\0\0\x8b\x0f\0\0\x05\0\x08\0\x7f\0\0\0\xfc\x01\0\0\x02\x02\0\0\x16\x02\0\0\x66\
\x02\0\0\x6f\x02\0\0\x78\x02\0\0\x81\x02\0\0\x87\x02\0\0\x93\x02\0\0\xa3\x02\0\
\0\xb3\x02\0\0\xc3\x02\0\0\xe4\x02\0\0\x0d\x03\0\0\x1e\x03\0\0\x2f\x03\0\0\x4a\
\x03\0\0\x6c\x03\0\0\xae\x03\0\0\xc6\x03\0\0\xe1\x03\0\0\xf2\x03\0\0\x03\x04\0\
\0\x15\x04\0\0\x1f\x04\0\0\x85\x04\0\0\xec\x04\0\0\xf6\x04\0\0\x07\x05\0\0\x11\
\x05\0\0\x1b\x05\0\0\x25\x05\0\0\x3b\x05\0\0\x98\x05\0\0\xa2\x05\0\0\xac\x05\0\
\0\xb6\x05\0\0\xc0\x05\0\0\xcc\x05\0\0\xdd\x05\0\0\xee\x05\0\0\xff\x05\0\0\x21\
\x06\0\0\x4a\x06\0\0\x5b\x06\0\0\x6c\x06\0\0\x87\x06\0\0\xa9\x06\0\0\xeb\x06\0\
\0\x03\x07\0\0\x1e\x07\0\0\x2f\x07\0\0\x40\x07\0\0\x52\x07\0\0\x5c\x07\0\0\xc2\
\x07\0\0\x29\x08\0\0\x33\x08\0\0\x44\x08\0\0\x4e\x08\0\0\x58\x08\0\0\x62\x08\0\
\0\xbd\x08\0\0\xc7\x08\0\0\xd3\x08\0\0\xe4\x08\0\0\xf5\x08\0\0\x06\x09\0\0\x28\
\x09\0\0\x51\x09\0\0\x62\x09\0\0\x73\x09\0\0\x8e\x09\0\0\xb0\x09\0\0\xf2\x09\0\
\0\x0a\x0a\0\0\x25\x0a\0\0\x36\x0a\0\0\x47\x0a\0\0\x59\x0a\0\0\x63\x0a\0\0\xc9\
\x0a\0\0\x30\x0b\0\0\x3a\x0b\0\0\x4b\x0b\0\0\x55\x0b\0\0\x5f\x0b\0\0\x69\x0b\0\
\0\xc4\x0b\0\0\xce\x0b\0\0\xda\x0b\0\0\xeb\x0b\0\0\xfc\x0b\0\0\x0d\x0c\0\0\x2f\
\x0c\0\0\x58\x0c\0\0\x69\x0c\0\0\x7a\x0c\0\0\x95\x0c\0\0\xb7\x0c\0\0\xf9\x0c\0\
\0\x11\x0d\0\0\x2c\x0d\0\0\x3d\x0d\0\0\x4e\x0d\0\0\x60\x0d\0\0\x6a\x0d\0\0\xd0\
\x0d\0\0\x37\x0e\0\0\x41\x0e\0\0\x52\x0e\0\0\x5c\x0e\0\0\x66\x0e\0\0\x70\x0e\0\
\0\x7a\x0e\0\0\xb1\x0e\0\0\xc9\x0e\0\0\xd3\x0e\0\0\xe4\x0e\0\0\xf5\x0e\0\0\xff\
\x0e\0\0\x09\x0f\0\0\x13\x0f\0\0\x54\x0f\0\0\x5e\x0f\0\0\x68\x0f\0\0\x79\x0f\0\
\0\x03\x05\x20\x01\x51\0\x01\x05\x04\x18\x30\x0d\x78\0\xa8\xaf\x80\x80\0\xa8\
\xb3\x80\x80\0\x9f\0\x01\x05\x04\x18\x38\x02\x7a\0\x04\x38\x40\x0c\x7a\0\x93\
\x10\x7a\x10\x93\x08\x7a\x18\x93\x10\x04\x40\x58\x08\x7a\0\x93\x08\x7a\x08\x93\
\x20\x04\x58\x60\x0c\x7a\0\x93\x18\x7a\x18\x93\x08\x7a\x20\x93\x08\x04\x60\x68\
\x0a\x93\x08\x7a\x08\x93\x08\x7a\x10\x93\x18\x04\x68\xb8\x01\x08\x7a\0\x93\x24\
\x7a\x24\x93\x04\0\x01\x05\x04\x28\xb8\x01\x01\x56\0\x01\x05\x04\x28\xb8\x01\
\x01\x57\0\x01\x05\x04\x38\xb8\x01\x01\x58\0\x03\x07\x10\x01\x51\0\x01\x07\x04\
\x88\x01\xc0\x01\x03\x7a\xe0\0\0\x01\x07\x04\x48\xe8\x03\x01\x56\x04\xf0\x03\
\xa0\x05\x01\x56\0\x01\x07\x04\x48\xe8\x03\x01\x56\x04\xf0\x03\xa0\x05\x01\x56\
\0\x01\x07\x04\x40\xa8\x01\x01\x50\x04\x80\x03\x98\x03\x01\x50\0\x01\x07\x04\
\x48\xc8\x01\x02\x30\x9f\x04\xc8\x01\xd0\x01\x01\x52\x04\xd0\x01\xe0\x01\x02\
\x7a\x38\x04\x80\x03\x98\x03\x02\x30\x9f\0\x01\x07\x04\xf8\x01\x80\x03\x0d\x78\
\0\xa8\xb3\x80\x80\0\xa8\xb7\x80\x80\0\x9f\x04\x98\x03\xb0\x04\x0d\x78\0\xa8\
\xb3\x80\x80\0\xa8\xb7\x80\x80\0\x9f\0\x01\x07\x04\xf8\x01\x80\x03\x01\x57\x04\
\x98\x03\x90\x06\x01\x57\0\x01\x07\x04\xf8\x01\x80\x03\x01\x59\x04\x98\x03\x88\
\x06\x01\x59\0\x01\x07\x04\xf8\x01\x80\x03\x02\x7a\x38\x04\x98\x03\xe0\x06\x02\
\x7a\x38\x04\x98\x07\xf8\x1f\x02\x7a\x38\0\x01\x07\x04\x80\x02\xa0\x02\x01\x50\
\x04\xa0\x02\x80\x03\x02\x7a\x20\x04\x98\x03\xe0\x06\x02\x7a\x20\x04\x98\x07\
\xf8\x1f\x02\x7a\x20\0\x01\x07\x04\x88\x02\xf8\x02\x03\x7a\xc8\0\x04\x98\x03\
\xd8\x03\x03\x7a\xc8\0\x04\xf0\x03\x90\x04\x03\x7a\xc8\0\x04\x90\x04\xa8\x04\
\x0c\x7a\xc8\0\x93\x08\x7a\xc8\0\x23\x08\x93\x08\x04\xa8\x04\xa8\x05\x0c\x7a\
\xc8\0\x93\x0c\x7a\xc8\0\x23\x0c\x93\x04\0\x01\x07\x04\x88\x02\xf8\x02\x01\x57\
\x04\x98\x03\xd8\x03\x01\x57\x04\xf0\x03\xa8\x05\x01\x57\0\x01\x07\x04\xb0\x02\
\xf8\x02\x02\x7a\x18\x04\x98\x03\xd8\x03\x02\x7a\x18\x04\xf0\x03\xa8\x05\x02\
\x7a\x18\0\x01\x07\x04\xe0\x02\xf8\x02\x01\x50\x04\x98\x03\xd0\x03\x01\x50\0\
\x01\x07\x04\xd0\x03\xd8\x03\x01\x50\x04\xf0\x03\xf0\x04\x01\x50\0\x01\x07\x04\
\xe8\x03\xf0\x03\x02\x30\x9f\x04\x90\x05\xa8\x05\x01\x50\0\x01\x07\x04\xb8\x05\
\xe8\x05\x01\x51\0\x01\x07\x04\xb8\x05\x90\x06\x03\x11\0\x9f\x04\x98\x07\xc8\
\x09\x03\x11\0\x9f\x04\xa8\x0a\xd0\x0a\x03\x11\0\x9f\x04\xd0\x0a\xe8\x0d\x03\
\x11\x01\x9f\x04\xe8\x0d\xf0\x10\x03\x11\x02\x9f\x04\xf0\x10\xf0\x13\x03\x11\
\x03\x9f\x04\xf0\x13\xf0\x16\x03\x11\x04\x9f\x04\xf0\x16\xf0\x19\x03\x11\x05\
\x9f\x04\xf0\x19\xf0\x1c\x03\x11\x06\x9f\x04\xf0\x1c\xf0\x1f\x03\x11\x07\x9f\
\x04\xf0\x1f\xf8\x1f\x03\x11\x08\x9f\0\x01\x07\x04\xb8\x05\x90\x06\x04\x30\x3c\
\x24\x9f\x04\x98\x07\xc8\x09\x04\x30\x3c\x24\x9f\x04\xa8\x0a\xd0\x0a\x04\x30\
\x3c\x24\x9f\x04\xd0\x0a\xe8\x0d\x04\x31\x3c\x24\x9f\x04\xe8\x0d\xf0\x10\x04\
\x32\x3c\x24\x9f\x04\xf0\x10\xf0\x13\x04\x33\x3c\x24\x9f\x04\xf0\x13\xf0\x16\
\x04\x34\x3c\x24\x9f\x04\xf0\x16\xf0\x19\x04\x35\x3c\x24\x9f\x04\xf0\x19\xf0\
\x1c\x04\x36\x3c\x24\x9f\x04\xf0\x1c\xf8\x1f\x04\x37\x3c\x24\x9f\0\x01\x07\x04\
\xb0\x07\xf8\x1f\x01\x58\0\x01\x07\x04\x88\x06\xe0\x06\x01\x59\x04\x98\x07\xf8\
\x1f\x01\x59\0\x01\x07\x04\xc8\x06\xd0\x06\x01\x50\0\x01\x07\x04\x98\x0a\xa0\
\x0a\x01\x50\0\x01\x05\x04\xb8\x01\xd8\x01\x01\x51\0\x01\x05\x04\xd0\x01\xf8\
\x01\x0d\x78\0\xa8\xaf\x80\x80\0\xa8\xb3\x80\x80\0\x9f\0\x01\x05\x04\xd0\x01\
\xe8\x01\x02\x7a\0\x04\xe8\x01\x80\x02\x0c\x7a\0\x93\x18\x7a\x18\x93\x08\x7a\
\x20\x93\x08\x04\x80\x02\x88\x02\x0c\x7a\0\x93\x10\x7a\x10\x93\x08\x7a\x18\x93\
\x10\x04\x88\x02\xa0\x02\x08\x7a\0\x93\x08\x7a\x08\x93\x20\x04\xa0\x02\xa8\x02\
\x0c\x7a\0\x93\x08\x7a\x08\x93\x08\x7a\x10\x93\x18\x04\xa8\x02\xf8\x02\x08\x7a\
\0\x93\x24\x7a\x24\x93\x04\0\x01\x05\x04\xf0\x01\xf8\x02\x01\x56\0\x01\x05\x04\
\xf0\x01\xf8\x02\x01\x57\0\x01\x05\x04\x80\x02\xf8\x02\x01\x58\0\x01\x07\x04\
\xf8\x1f\x88\x20\x01\x51\0\x01\x07\x04\x80\x21\xb8\x21\x03\x7a\xe0\0\0\x01\x07\
\x04\xc0\x20\xe0\x23\x01\x56\x04\xe8\x23\x98\x25\x01\x56\0\x01\x07\x04\xc0\x20\
\xe0\x23\x01\x56\x04\xe8\x23\x98\x25\x01\x56\0\x01\x07\x04\xb8\x20\xa0\x21\x01\
\x50\x04\xf8\x22\x90\x23\x01\x50\0\x01\x07\x04\xc0\x20\xc0\x21\x02\x30\x9f\x04\
\xc0\x21\xc8\x21\x01\x52\x04\xc8\x21\xd8\x21\x02\x7a\x38\x04\xf8\x22\x90\x23\
\x02\x30\x9f\0\x01\x07\x04\xf0\x21\xf8\x22\x0d\x78\0\xa8\xb3\x80\x80\0\xa8\xb7\
\x80\x80\0\x9f\x04\x90\x23\xa8\x24\x0d\x78\0\xa8\xb3\x80\x80\0\xa8\xb7\x80\x80\
\0\x9f\0\x01\x07\x04\xf0\x21\xf8\x22\x01\x57\x04\x90\x23\x88\x26\x01\x57\0\x01\
\x07\x04\xf0\x21\xf8\x22\x01\x59\x04\x90\x23\x80\x26\x01\x59\0\x01\x07\x04\xf0\
\x21\xf8\x22\x02\x7a\x38\x04\x90\x23\xd8\x26\x02\x7a\x38\x04\x90\x27\xf0\x3f\
\x02\x7a\x38\0\x01\x07\x04\xf8\x21\x98\x22\x01\x50\x04\x98\x22\xf8\x22\x02\x7a\
\x20\x04\x90\x23\xd8\x26\x02\x7a\x20\x04\x90\x27\xf0\x3f\x02\x7a\x20\0\x01\x07\
\x04\x80\x22\xf0\x22\x03\x7a\xc8\0\x04\x90\x23\xd0\x23\x03\x7a\xc8\0\x04\xe8\
\x23\x88\x24\x03\x7a\xc8\0\x04\x88\x24\xa0\x24\x0c\x7a\xc8\0\x93\x08\x7a\xc8\0\
\x23\x08\x93\x08\x04\xa0\x24\xa0\x25\x0c\x7a\xc8\0\x93\x0c\x7a\xc8\0\x23\x0c\
\x93\x04\0\x01\x07\x04\x80\x22\xf0\x22\x01\x57\x04\x90\x23\xd0\x23\x01\x57\x04\
\xe8\x23\xa0\x25\x01\x57\0\x01\x07\x04\xa8\x22\xf0\x22\x02\x7a\x18\x04\x90\x23\
\xd0\x23\x02\x7a\x18\x04\xe8\x23\xa0\x25\x02\x7a\x18\0\x01\x07\x04\xd8\x22\xf0\
\x22\x01\x50\x04\x90\x23\xc8\x23\x01\x50\0\x01\x07\x04\xc8\x23\xd0\x23\x01\x50\
\x04\xe8\x23\xe8\x24\x01\x50\0\x01\x07\x04\xe0\x23\xe8\x23\x02\x30\x9f\x04\x88\
\x25\xa0\x25\x01\x50\0\x01\x07\x04\xb0\x25\xe0\x25\x01\x51\0\x01\x07\x04\xb0\
\x25\x88\x26\x03\x11\0\x9f\x04\x90\x27\xc0\x29\x03\x11\0\x9f\x04\xa0\x2a\xc8\
\x2a\x03\x11\0\x9f\x04\xc8\x2a\xe0\x2d\x03\x11\x01\x9f\x04\xe0\x2d\xe8\x30\x03\
\x11\x02\x9f\x04\xe8\x30\xe8\x33\x03\x11\x03\x9f\x04\xe8\x33\xe8\x36\x03\x11\
\x04\x9f\x04\xe8\x36\xe8\x39\x03\x11\x05\x9f\x04\xe8\x39\xe8\x3c\x03\x11\x06\
\x9f\x04\xe8\x3c\xe8\x3f\x03\x11\x07\x9f\x04\xe8\x3f\xf0\x3f\x03\x11\x08\x9f\0\
\x01\x07\x04\xb0\x25\x88\x26\x04\x30\x3c\x24\x9f\x04\x90\x27\xc0\x29\x04\x30\
\x3c\x24\x9f\x04\xa0\x2a\xc8\x2a\x04\x30\x3c\x24\x9f\x04\xc8\x2a\xe0\x2d\x04\
\x31\x3c\x24\x9f\x04\xe0\x2d\xe8\x30\x04\x32\x3c\x24\x9f\x04\xe8\x30\xe8\x33\
\x04\x33\x3c\x24\x9f\x04\xe8\x33\xe8\x36\x04\x34\x3c\x24\x9f\x04\xe8\x36\xe8\
\x39\x04\x35\x3c\x24\x9f\x04\xe8\x39\xe8\x3c\x04\x36\x3c\x24\x9f\x04\xe8\x3c\
\xf0\x3f\x04\x37\x3c\x24\x9f\0\x01\x07\x04\xa8\x27\xf0\x3f\x01\x58\0\x01\x07\
\x04\x80\x26\xd8\x26\x01\x59\x04\x90\x27\xf0\x3f\x01\x59\0\x01\x07\x04\xc0\x26\
\xc8\x26\x01\x50\0\x01\x07\x04\x90\x2a\x98\x2a\x01\x50\0\x01\x05\x04\xf8\x02\
\xa0\x03\x01\x51\0\x01\x05\x04\x98\x03\xb8\x03\x02\x7a\0\x04\xb8\x03\xc0\x03\
\x0c\x7a\0\x93\x18\x7a\x18\x93\x08\x7a\x20\x93\x08\x04\xc0\x03\xc8\x03\x0c\x7a\
\0\x93\x10\x7a\x10\x93\x08\x7a\x18\x93\x10\x04\xc8\x03\xd0\x03\x0a\x93\x08\x7a\
\x08\x93\x08\x7a\x10\x93\x18\x04\xd0\x03\xe0\x03\x08\x7a\0\x93\x08\x7a\x08\x93\
\x20\x04\xe0\x03\xb0\x04\x08\x7a\0\x93\x24\x7a\x24\x93\x04\0\x01\x07\x04\xf0\
\x3f\x80\x40\x01\x51\0\x01\x07\x04\xf8\x40\xb0\x41\x03\x7a\xe0\0\0\x01\x07\x04\
\xb8\x40\xd8\x43\x01\x56\x04\xe0\x43\x90\x45\x01\x56\0\x01\x07\x04\xb8\x40\xd8\
\x43\x01\x56\x04\xe0\x43\x90\x45\x01\x56\0\x01\x07\x04\xb0\x40\x98\x41\x01\x50\
\x04\xf0\x42\x88\x43\x01\x50\0\x01\x07\x04\xb8\x40\xb8\x41\x02\x30\x9f\x04\xb8\
\x41\xc0\x41\x01\x52\x04\xc0\x41\xd0\x41\x02\x7a\x38\x04\xf0\x42\x88\x43\x02\
\x30\x9f\0\x01\x07\x04\xe8\x41\xf0\x42\x0d\x78\0\xa8\xb3\x80\x80\0\xa8\xb7\x80\
\x80\0\x9f\x04\x88\x43\xa0\x44\x0d\x78\0\xa8\xb3\x80\x80\0\xa8\xb7\x80\x80\0\
\x9f\0\x01\x07\x04\xe8\x41\xf0\x42\x01\x57\x04\x88\x43\x80\x46\x01\x57\0\x01\
\x07\x04\xe8\x41\xf0\x42\x01\x59\x04\x88\x43\xf8\x45\x01\x59\0\x01\x07\x04\xe8\
\x41\xf0\x42\x02\x7a\x38\x04\x88\x43\xd0\x46\x02\x7a\x38\x04\x88\x47\xe8\x5f\
\x02\x7a\x38\0\x01\x07\x04\xf0\x41\x90\x42\x01\x50\x04\x90\x42\xf0\x42\x02\x7a\
\x20\x04\x88\x43\xd0\x46\x02\x7a\x20\x04\x88\x47\xe8\x5f\x02\x7a\x20\0\x01\x07\
\x04\xf8\x41\xe8\x42\x03\x7a\xc8\0\x04\x88\x43\xc8\x43\x03\x7a\xc8\0\x04\xe0\
\x43\x80\x44\x03\x7a\xc8\0\x04\x80\x44\x98\x44\x0c\x7a\xc8\0\x93\x08\x7a\xc8\0\
\x23\x08\x93\x08\x04\x98\x44\x98\x45\x0c\x7a\xc8\0\x93\x0c\x7a\xc8\0\x23\x0c\
\x93\x04\0\x01\x07\x04\xf8\x41\xe8\x42\x01\x57\x04\x88\x43\xc8\x43\x01\x57\x04\
\xe0\x43\x98\x45\x01\x57\0\x01\x07\x04\xa0\x42\xe8\x42\x02\x7a\x18\x04\x88\x43\
\xc8\x43\x02\x7a\x18\x04\xe0\x43\x98\x45\x02\x7a\x18\0\x01\x07\x04\xd0\x42\xe8\
\x42\x01\x50\x04\x88\x43\xc0\x43\x01\x50\0\x01\x07\x04\xc0\x43\xc8\x43\x01\x50\
\x04\xe0\x43\xe0\x44\x01\x50\0\x01\x07\x04\xd8\x43\xe0\x43\x02\x30\x9f\x04\x80\
\x45\x98\x45\x01\x50\0\x01\x07\x04\xa8\x45\xd8\x45\x01\x51\0\x01\x07\x04\xa8\
\x45\x80\x46\x03\x11\0\x9f\x04\x88\x47\xb8\x49\x03\x11\0\x9f\x04\x98\x4a\xc0\
\x4a\x03\x11\0\x9f\x04\xc0\x4a\xd8\x4d\x03\x11\x01\x9f\x04\xd8\x4d\xe0\x50\x03\
\x11\x02\x9f\x04\xe0\x50\xe0\x53\x03\x11\x03\x9f\x04\xe0\x53\xe0\x56\x03\x11\
\x04\x9f\x04\xe0\x56\xe0\x59\x03\x11\x05\x9f\x04\xe0\x59\xe0\x5c\x03\x11\x06\
\x9f\x04\xe0\x5c\xe0\x5f\x03\x11\x07\x9f\x04\xe0\x5f\xe8\x5f\x03\x11\x08\x9f\0\
\x01\x07\x04\xa8\x45\x80\x46\x04\x30\x3c\x24\x9f\x04\x88\x47\xb8\x49\x04\x30\
\x3c\x24\x9f\x04\x98\x4a\xc0\x4a\x04\x30\x3c\x24\x9f\x04\xc0\x4a\xd8\x4d\x04\
\x31\x3c\x24\x9f\x04\xd8\x4d\xe0\x50\x04\x32\x3c\x24\x9f\x04\xe0\x50\xe0\x53\
\x04\x33\x3c\x24\x9f\x04\xe0\x53\xe0\x56\x04\x34\x3c\x24\x9f\x04\xe0\x56\xe0\
\x59\x04\x35\x3c\x24\x9f\x04\xe0\x59\xe0\x5c\x04\x36\x3c\x24\x9f\x04\xe0\x5c\
\xe8\x5f\x04\x37\x3c\x24\x9f\0\x01\x07\x04\xa0\x47\xe8\x5f\x01\x58\0\x01\x07\
\x04\xf8\x45\xd0\x46\x01\x59\x04\x88\x47\xe8\x5f\x01\x59\0\x01\x07\x04\xb8\x46\
\xc0\x46\x01\x50\0\x01\x07\x04\x88\x4a\x90\x4a\x01\x50\0\x01\x05\x04\xb0\x04\
\xd8\x04\x01\x51\0\x01\x05\x04\xd0\x04\xf0\x04\x02\x7a\0\x04\xf0\x04\xf8\x04\
\x0c\x7a\0\x93\x18\x7a\x18\x93\x08\x7a\x20\x93\x08\x04\xf8\x04\x80\x05\x0c\x7a\
\0\x93\x10\x7a\x10\x93\x08\x7a\x18\x93\x10\x04\x80\x05\x88\x05\x0a\x93\x08\x7a\
\x08\x93\x08\x7a\x10\x93\x18\x04\x88\x05\x98\x05\x08\x7a\0\x93\x08\x7a\x08\x93\
\x20\x04\x98\x05\xe8\x05\x08\x7a\0\x93\x24\x7a\x24\x93\x04\0\x01\x07\x04\xe8\
\x5f\xf8\x5f\x01\x51\0\x01\x07\x04\xf0\x60\xa8\x61\x03\x7a\xe0\0\0\x01\x07\x04\
\xb0\x60\xd0\x63\x01\x56\x04\xd8\x63\x88\x65\x01\x56\0\x01\x07\x04\xb0\x60\xd0\
\x63\x01\x56\x04\xd8\x63\x88\x65\x01\x56\0\x01\x07\x04\xa8\x60\x90\x61\x01\x50\
\x04\xe8\x62\x80\x63\x01\x50\0\x01\x07\x04\xb0\x60\xb0\x61\x02\x30\x9f\x04\xb0\
\x61\xb8\x61\x01\x52\x04\xb8\x61\xc8\x61\x02\x7a\x38\x04\xe8\x62\x80\x63\x02\
\x30\x9f\0\x01\x07\x04\xe0\x61\xe8\x62\x0d\x78\0\xa8\xb3\x80\x80\0\xa8\xb7\x80\
\x80\0\x9f\x04\x80\x63\x98\x64\x0d\x78\0\xa8\xb3\x80\x80\0\xa8\xb7\x80\x80\0\
\x9f\0\x01\x07\x04\xe0\x61\xe8\x62\x01\x57\x04\x80\x63\xf8\x65\x01\x57\0\x01\
\x07\x04\xe0\x61\xe8\x62\x01\x59\x04\x80\x63\xf0\x65\x01\x59\0\x01\x07\x04\xe0\
\x61\xe8\x62\x02\x7a\x38\x04\x80\x63\xc8\x66\x02\x7a\x38\x04\x80\x67\xe0\x7f\
\x02\x7a\x38\0\x01\x07\x04\xe8\x61\x88\x62\x01\x50\x04\x88\x62\xe8\x62\x02\x7a\
\x20\x04\x80\x63\xc8\x66\x02\x7a\x20\x04\x80\x67\xe0\x7f\x02\x7a\x20\0\x01\x07\
\x04\xf0\x61\xe0\x62\x03\x7a\xc8\0\x04\x80\x63\xc0\x63\x03\x7a\xc8\0\x04\xd8\
\x63\xf8\x63\x03\x7a\xc8\0\x04\xf8\x63\x90\x64\x0c\x7a\xc8\0\x93\x08\x7a\xc8\0\
\x23\x08\x93\x08\x04\x90\x64\x90\x65\x0c\x7a\xc8\0\x93\x0c\x7a\xc8\0\x23\x0c\
\x93\x04\0\x01\x07\x04\xf0\x61\xe0\x62\x01\x57\x04\x80\x63\xc0\x63\x01\x57\x04\
\xd8\x63\x90\x65\x01\x57\0\x01\x07\x04\x98\x62\xe0\x62\x02\x7a\x18\x04\x80\x63\
\xc0\x63\x02\x7a\x18\x04\xd8\x63\x90\x65\x02\x7a\x18\0\x01\x07\x04\xc8\x62\xe0\
\x62\x01\x50\x04\x80\x63\xb8\x63\x01\x50\0\x01\x07\x04\xb8\x63\xc0\x63\x01\x50\
\x04\xd8\x63\xd8\x64\x01\x50\0\x01\x07\x04\xd0\x63\xd8\x63\x02\x30\x9f\x04\xf8\
\x64\x90\x65\x01\x50\0\x01\x07\x04\xa0\x65\xd0\x65\x01\x51\0\x01\x07\x04\xa0\
\x65\xf8\x65\x03\x11\0\x9f\x04\x80\x67\xb0\x69\x03\x11\0\x9f\x04\x90\x6a\xb8\
\x6a\x03\x11\0\x9f\x04\xb8\x6a\xd0\x6d\x03\x11\x01\x9f\x04\xd0\x6d\xd8\x70\x03\
\x11\x02\x9f\x04\xd8\x70\xd8\x73\x03\x11\x03\x9f\x04\xd8\x73\xd8\x76\x03\x11\
\x04\x9f\x04\xd8\x76\xd8\x79\x03\x11\x05\x9f\x04\xd8\x79\xd8\x7c\x03\x11\x06\
\x9f\x04\xd8\x7c\xd8\x7f\x03\x11\x07\x9f\x04\xd8\x7f\xe0\x7f\x03\x11\x08\x9f\0\
\x01\x07\x04\xa0\x65\xf8\x65\x04\x30\x3c\x24\x9f\x04\x80\x67\xb0\x69\x04\x30\
\x3c\x24\x9f\x04\x90\x6a\xb8\x6a\x04\x30\x3c\x24\x9f\x04\xb8\x6a\xd0\x6d\x04\
\x31\x3c\x24\x9f\x04\xd0\x6d\xd8\x70\x04\x32\x3c\x24\x9f\x04\xd8\x70\xd8\x73\
\x04\x33\x3c\x24\x9f\x04\xd8\x73\xd8\x76\x04\x34\x3c\x24\x9f\x04\xd8\x76\xd8\
\x79\x04\x35\x3c\x24\x9f\x04\xd8\x79\xd8\x7c\x04\x36\x3c\x24\x9f\x04\xd8\x7c\
\xe0\x7f\x04\x37\x3c\x24\x9f\0\x01\x07\x04\x98\x67\xe0\x7f\x01\x58\0\x01\x07\
\x04\xf0\x65\xc8\x66\x01\x59\x04\x80\x67\xe0\x7f\x01\x59\0\x01\x07\x04\xb0\x66\
\xb8\x66\x01\x50\0\x01\x07\x04\x80\x6a\x88\x6a\x01\x50\0\x01\x05\x04\xe8\x05\
\x80\x06\x01\x51\0\x01\x05\x04\xf8\x05\xe8\x07\x01\x56\0\x01\x05\x04\x80\x06\
\xd8\x06\x02\x7a\0\x04\xe0\x06\xa0\x07\x02\x7a\0\x04\xa8\x07\xc8\x07\x02\x7a\0\
\x04\xc8\x07\xe0\x07\x08\x7a\0\x93\x08\x7a\x08\x93\x08\x04\xe0\x07\xd0\x08\x08\
\x7a\0\x93\x0c\x7a\x0c\x93\x04\0\x01\x05\x04\x80\x06\xd8\x06\x01\x56\x04\xe0\
\x06\xa0\x07\x01\x56\x04\xa8\x07\xe8\x07\x01\x56\0\x01\x05\x04\xd0\x08\xd8\x08\
\x01\x57\0\x01\x05\x04\xd0\x06\xd8\x06\x01\x50\x04\xe0\x06\x98\x07\x01\x50\0\
\x01\x05\x04\x98\x07\xa0\x07\x01\x50\x04\xa8\x07\xa8\x08\x01\x50\0\x01\x05\x04\
\xc8\x08\xd0\x08\x01\x50\0\x01\x05\x04\xe8\x08\xf8\x08\x01\x51\0\x01\x05\x04\
\xf0\x08\xf8\x09\x01\x58\0\x01\x05\x04\xf0\x08\x88\x09\x02\x7a\x08\x04\x88\x09\
\x90\x09\x0a\x7a\x08\x93\x04\x7a\x08\x23\x04\x93\x0c\x04\x90\x09\xb0\x09\x10\
\x7a\x08\x93\x04\x7a\x08\x23\x04\x93\x04\x7a\x08\x23\x08\x93\x08\x04\xb0\x09\
\x90\x0d\x0a\x7a\x08\x93\x08\x7a\x08\x23\x08\x93\x08\0\x01\x05\x04\x80\x09\x90\
\x0d\x01\x59\0\x01\x05\x04\xe0\x09\x90\x0d\x01\x57\0\x01\x05\x04\xa0\x0a\x80\
\x0b\x01\x50\x04\x98\x0c\xd0\x0c\x01\x50\0\x01\x05\x04\xd0\x0c\xe8\x0c\x01\x50\
\0\x01\x11\x01\x25\x25\x13\x05\x03\x25\x72\x17\x10\x17\x1b\x25\x11\x01\x55\x23\
\x73\x17\x74\x17\x8c\x01\x17\0\0\x02\x24\0\x03\x25\x3e\x0b\x0b\x0b\0\0\x03\x34\
\0\x03\x25\x49\x13\x3f\x19\x3a\x0b\x3b\x0b\x02\x18\0\0\x04\x01\x01\x49\x13\0\0\
\x05\x21\0\x49\x13\x37\x0b\0\0\x06\x24\0\x03\x25\x0b\x0b\x3e\x0b\0\0\x07\x13\
\x01\x0b\x0b\x3a\x0b\x3b\x0b\0\0\x08\x0d\0\x03\x25\x49\x13\x3a\x0b\x3b\x0b\x38\
\x0b\0\0\x09\x0f\0\x49\x13\0\0\x0a\x21\0\x49\x13\x37\x06\0\0\x0b\x16\0\x49\x13\
\x03\x25\x3a\x0b\x3b\x05\0\0\x0c\x21\0\x49\x13\x37\x05\0\0\x0d\x13\x01\x03\x25\
\x0b\x0b\x3a\x0b\x3b\x0b\0\0\x0e\x34\0\x03\x25\x49\x13\x3a\x0b\x3b\x05\0\0\x0f\
\x26\0\x49\x13\0\0\x10\x15\0\x49\x13\x27\x19\0\0\x11\x34\0\x03\x25\x49\x13\x3a\
\x0b\x3b\x0b\0\0\x12\x15\x01\x49\x13\x27\x19\0\0\x13\x05\0\x49\x13\0\0\x14\x0f\
\0\0\0\x15\x26\0\0\0\x16\x15\x01\x27\x19\0\0\x17\x04\x01\x49\x13\x03\x25\x0b\
\x0b\x3a\x0b\x3b\x0b\0\0\x18\x28\0\x03\x25\x1c\x0f\0\0\x19\x04\x01\x49\x13\x0b\
\x0b\x3a\x0b\x3b\x05\0\0\x1a\x2e\x01\x03\x25\x3a\x0b\x3b\x0b\x27\x19\x49\x13\
\x20\x21\x01\0\0\x1b\x05\0\x03\x25\x3a\x0b\x3b\x0b\x49\x13\0\0\x1c\x34\0\x03\
\x25\x3a\x0b\x3b\x0b\x49\x13\0\0\x1d\x13\x01\x03\x25\x0b\x0b\x3a\x0b\x3b\x05\0\
\0\x1e\x0d\0\x03\x25\x49\x13\x3a\x0b\x3b\x05\x38\x0b\0\0\x1f\x0d\0\x49\x13\x3a\
\x0b\x3b\x05\x38\x0b\0\0\x20\x17\x01\x0b\x0b\x3a\x0b\x3b\x05\0\0\x21\x0d\0\x03\
\x25\x49\x13\x3a\x0b\x3b\x05\x0d\x0b\x6b\x0b\0\0\x22\x2e\x01\x11\x1b\x12\x06\
\x40\x18\x7a\x19\x03\x25\x3a\x0b\x3b\x0b\x27\x19\x49\x13\x3f\x19\0\0\x23\x05\0\
\x02\x22\x03\x25\x3a\x0b\x3b\x0b\x49\x13\0\0\x24\x1d\x01\x31\x13\x11\x1b\x12\
\x06\x58\x0b\x59\x0b\x57\x0b\0\0\x25\x05\0\x02\x22\x31\x13\0\0\x26\x1d\x01\x31\
\x13\x55\x23\x58\x0b\x59\x0b\x57\x0b\0\0\x27\x05\0\x02\x18\x31\x13\0\0\x28\x05\
\0\x1c\x0f\x31\x13\0\0\x29\x34\0\x02\x18\x31\x13\0\0\x2a\x34\0\x02\x22\x31\x13\
\0\0\x2b\x0b\x01\0\0\x2c\x2e\x01\x03\x25\x3a\x0b\x3b\x0b\x27\x19\x20\x21\x01\0\
\0\x2d\x13\x01\x03\x25\x0b\x05\x3a\x0b\x3b\x0b\0\0\x2e\x0b\x01\x11\x1b\x12\x06\
\x31\x13\0\0\x2f\x34\0\x31\x13\0\0\x30\x0b\x01\x55\x23\x31\x13\0\0\x31\x1d\0\
\x31\x13\x11\x1b\x12\x06\x58\x0b\x59\x0b\0\0\0\x02\x11\0\0\x05\0\x01\x08\0\0\0\
\0\x01\0\x1d\0\x01\x08\0\0\0\0\0\0\0\x02\0\0\0\0\0\0\0\0\x13\x08\0\0\0\x0c\0\0\
\0\x0c\0\0\0\x02\x96\x07\x08\x02\x95\x07\x04\x02\x94\x07\x01\x03\x03\x46\0\0\0\
\0\x0c\x02\xa1\0\x04\x52\0\0\0\x05\x56\0\0\0\x04\0\x02\x04\x06\x01\x06\x05\x08\
\x07\x03\x06\x65\0\0\0\0\x16\x02\xa1\x01\x07\x10\0\x10\x08\x07\x7c\0\0\0\0\x12\
\0\x08\x09\x91\0\0\0\0\x14\x08\0\x09\x81\0\0\0\x04\x8d\0\0\0\x05\x56\0\0\0\x1b\
\0\x02\x08\x05\x04\x09\x96\0\0\0\x04\x8d\0\0\0\x0a\x56\0\0\0\0\0\0\x01\0\x03\
\x0a\xb0\0\0\0\0\x24\x02\xa1\x02\x07\x20\0\x1a\x08\x07\xd9\0\0\0\0\x1c\0\x08\
\x09\xea\0\0\0\0\x1e\x08\x08\x0b\xfb\0\0\0\0\x20\x10\x08\x0e\x0d\x01\0\0\0\x22\
\x18\0\x09\xde\0\0\0\x04\x8d\0\0\0\x05\x56\0\0\0\x02\0\x09\xef\0\0\0\x04\x8d\0\
\0\0\x05\x56\0\0\0\x03\0\x09\0\x01\0\0\x0b\x09\x01\0\0\x0d\x01\x3d\x80\x02\x0c\
\x07\x04\x09\x12\x01\0\0\x0b\x1b\x01\0\0\x10\x01\xd1\x7e\x02\x0f\x07\x08\x03\
\x11\x2a\x01\0\0\0\x3c\x02\xa1\x03\x07\x20\0\x32\x08\x07\x53\x01\0\0\0\x34\0\
\x08\x09\x64\x01\0\0\0\x36\x08\x08\x0b\x0d\x01\0\0\0\x38\x10\x08\x0e\x76\x01\0\
\0\0\x3a\x18\0\x09\x58\x01\0\0\x04\x8d\0\0\0\x05\x56\0\0\0\x09\0\x09\x69\x01\0\
\0\x04\x8d\0\0\0\x0c\x56\0\0\0\0\x28\0\x09\x7b\x01\0\0\x0d\x18\x28\0\x28\x08\
\x12\x12\x01\0\0\0\x2a\0\x08\x13\x12\x01\0\0\0\x2a\x08\x08\x14\x12\x01\0\0\0\
\x2a\x10\x08\x15\x12\x01\0\0\0\x2a\x18\x08\x16\0\x01\0\0\0\x2c\x20\x08\x17\0\
\x01\0\0\0\x2c\x24\0\x03\x19\xc2\x01\0\0\0\x4f\x02\xa1\x04\x07\x20\0\x46\x08\
\x07\x53\x01\0\0\0\x48\0\x08\x09\xeb\x01\0\0\0\x4a\x08\x08\x0b\xff\x01\0\0\0\
\x4c\x10\x08\x0e\x25\x02\0\0\0\x4e\x18\0\x09\xf0\x01\0\0\x04\x8d\0\0\0\x0a\x56\
\0\0\0\0\0\x01\0\0\x09\x04\x02\0\0\x0d\x1c\x10\0\x40\x08\x1a\0\x01\0\0\0\x40\0\
\x08\x1b\0\x01\0\0\0\x40\x04\x08\x12\x12\x01\0\0\0\x40\x08\0\x09\x2a\x02\0\0\
\x0d\x20\x10\0\x42\x08\x1d\x12\x01\0\0\0\x42\0\x08\x1e\x4b\x02\0\0\0\x42\x08\
\x08\x1b\x4b\x02\0\0\0\x42\x0c\0\x0b\x8d\0\0\0\x1f\x01\x4f\x7e\x0e\x21\x5d\x02\
\0\0\x02\x7f\x01\x0f\x62\x02\0\0\x09\x67\x02\0\0\x10\x12\x01\0\0\x11\x22\x74\
\x02\0\0\x02\x56\x0f\x79\x02\0\0\x09\x7e\x02\0\0\x12\x98\x02\0\0\x13\x9c\x02\0\
\0\x13\x9d\x02\0\0\x13\x9d\x02\0\0\x13\x12\x01\0\0\0\x02\x23\x05\x08\x14\x09\
\xa2\x02\0\0\x15\x11\x24\xab\x02\0\0\x02\x40\x0f\xb0\x02\0\0\x09\xb5\x02\0\0\
\x12\x9c\x02\0\0\x13\x9c\x02\0\0\x13\x9d\x02\0\0\0\x0e\x25\xce\x02\0\0\x02\xf9\
\x0a\x0f\xd3\x02\0\0\x09\xd8\x02\0\0\x12\x98\x02\0\0\x13\x9c\x02\0\0\x13\0\x01\
\0\0\x13\x9d\x02\0\0\0\x11\x26\xf5\x02\0\0\x02\x60\x0f\xfa\x02\0\0\x09\xff\x02\
\0\0\x12\x98\x02\0\0\x13\x9c\x02\0\0\x13\x9d\x02\0\0\0\x0e\x27\x18\x03\0\0\x02\
\x75\x0c\x0f\x1d\x03\0\0\x09\x22\x03\0\0\x12\x9c\x02\0\0\x13\x9c\x02\0\0\x13\
\x12\x01\0\0\x13\x12\x01\0\0\0\x11\x28\x5d\x02\0\0\x02\x7a\x0e\x29\x48\x03\0\0\
\x02\x99\x01\x0f\x4d\x03\0\0\x09\x52\x03\0\0\x12\x98\x02\0\0\x13\x9c\x02\0\0\
\x13\0\x01\0\0\0\x0e\x2a\x6b\x03\0\0\x02\x99\x0c\x0f\x70\x03\0\0\x09\x75\x03\0\
\0\x16\x13\x9c\x02\0\0\x13\x12\x01\0\0\0\x0e\x2b\x6b\x03\0\0\x02\x87\x0c\x17\
\x09\x01\0\0\x2f\x04\x03\x0f\x18\x2c\0\x18\x2d\x01\x18\x2e\x02\0\x19\x09\x01\0\
\0\x04\x01\x6c\x03\x18\x30\0\x18\x31\x01\x18\x32\x02\x18\x33\x04\x18\x34\x08\
\x18\x35\x10\0\x17\x09\x01\0\0\x3a\x04\x03\x11\x18\x36\0\x18\x37\x01\x18\x38\
\x02\x18\x39\x03\0\x09\xd4\x03\0\0\x0f\x52\0\0\0\x1a\x3b\0\x96\x8d\0\0\0\x1b\
\x12\0\x96\x9c\x02\0\0\x1b\x13\0\x96\x9d\x02\0\0\x1b\x15\0\x96\x12\x01\0\0\x1b\
\x14\0\x97\x12\x01\0\0\x1b\x16\0\x97\0\x01\0\0\x1b\x17\0\x97\0\x01\0\0\x1c\x3c\
\0\x99\x12\x01\0\0\x1c\x3d\0\x9a\x7b\x01\0\0\0\x1a\x3e\0\xb8\x8d\0\0\0\x1b\x3f\
\0\xb8\x4b\x04\0\0\x1b\x12\0\xb8\x9c\x02\0\0\x1b\x13\0\xb8\x9d\x02\0\0\x1b\x15\
\0\xb8\x8d\0\0\0\0\x09\x50\x04\0\0\x1d\x68\xa8\x01\x08\x8c\x1e\x40\x6f\x05\0\0\
\x01\x09\x8c\0\x1e\x42\x6f\x05\0\0\x01\x0a\x8c\x08\x1e\x43\x6f\x05\0\0\x01\x0b\
\x8c\x10\x1e\x44\x6f\x05\0\0\x01\x0c\x8c\x18\x1e\x45\x6f\x05\0\0\x01\x0d\x8c\
\x20\x1e\x46\x6f\x05\0\0\x01\x0e\x8c\x28\x1e\x47\x6f\x05\0\0\x01\x0f\x8c\x30\
\x1e\x48\x6f\x05\0\0\x01\x10\x8c\x38\x1e\x49\x6f\x05\0\0\x01\x11\x8c\x40\x1e\
\x4a\x6f\x05\0\0\x01\x12\x8c\x48\x1e\x4b\x6f\x05\0\0\x01\x13\x8c\x50\x1e\x4c\
\x6f\x05\0\0\x01\x14\x8c\x58\x1e\x4d\x6f\x05\0\0\x01\x15\x8c\x60\x1e\x4e\x6f\
\x05\0\0\x01\x16\x8c\x68\x1e\x4f\x6f\x05\0\0\x01\x17\x8c\x70\x1e\x50\x6f\x05\0\
\0\x01\x18\x8c\x78\x1e\x51\x6f\x05\0\0\x01\x19\x8c\x80\x1f\x09\x05\0\0\x01\x1a\
\x8c\x88\x20\x08\x01\x1a\x8c\x1e\x52\x73\x05\0\0\x01\x1b\x8c\0\x1e\x56\x89\x05\
\0\0\x01\x1c\x8c\0\x1e\x58\x92\x05\0\0\x01\x1d\x8c\0\0\x1e\x5b\x6f\x05\0\0\x01\
\x1f\x8c\x90\x1e\x5c\x6f\x05\0\0\x01\x20\x8c\x98\x1f\x4a\x05\0\0\x01\x21\x8c\
\xa0\x20\x08\x01\x21\x8c\x1e\x5d\x73\x05\0\0\x01\x22\x8c\0\x1e\x5e\x89\x05\0\0\
\x01\x23\x8c\0\x1e\x5f\xba\x05\0\0\x01\x24\x8c\0\0\0\x02\x41\x07\x08\x0b\x7c\
\x05\0\0\x55\x01\x97\x7f\x0b\x85\x05\0\0\x54\x01\x8d\x7f\x02\x53\x07\x02\x0b\
\x12\x01\0\0\x57\x01\xd9\x7e\x1d\x58\x08\x01\xf1\x8b\x21\x52\x89\x05\0\0\x01\
\xf2\x8b\x10\0\x21\x59\x89\x05\0\0\x01\xf3\x8b\x02\x10\x21\x5a\x89\x05\0\0\x01\
\xf4\x8b\x01\x12\0\x1d\x5f\x08\x01\xf7\x8b\x21\x5d\x89\x05\0\0\x01\xf8\x8b\x10\
\0\x21\x60\x89\x05\0\0\x01\xf9\x8b\x01\x10\x21\x61\x89\x05\0\0\x01\xfa\x8b\x01\
\x11\x21\x62\x89\x05\0\0\x01\xfb\x8b\x01\x12\x21\x63\x89\x05\0\0\x01\xfd\x8b\
\x08\x20\x21\x07\x89\x05\0\0\x01\xff\x8b\x04\x30\x21\x64\x89\x05\0\0\x01\x01\
\x8c\x01\x38\x21\x65\x89\x05\0\0\x01\x02\x8c\x01\x39\x21\x66\x89\x05\0\0\x01\
\x03\x8c\x01\x3a\x21\x67\x89\x05\0\0\x01\x05\x8c\x04\x3c\0\x22\x05\xb8\0\0\0\
\x01\x5a\x97\0\xb8\x8d\0\0\0\x23\0\x3f\0\xb8\x4b\x04\0\0\x24\x22\x04\0\0\x06\
\x90\0\0\0\0\xb8\x05\x25\x03\x32\x04\0\0\x25\x04\x3a\x04\0\0\x25\x01\x42\x04\0\
\0\x26\xd9\x03\0\0\0\0\xb9\x0a\x27\x01\x56\xe1\x03\0\0\x27\x01\x57\xe9\x03\0\0\
\x25\x05\xf1\x03\0\0\x28\0\xf9\x03\0\0\x28\0\x01\x04\0\0\x28\0\x09\x04\0\0\x29\
\x02\x91\x28\x11\x04\0\0\x2a\x02\x19\x04\0\0\0\0\0\x1a\x69\0\xa0\x8d\0\0\0\x1b\
\x6a\0\xa0\x8d\0\0\0\x1c\x3c\0\xa2\x12\x01\0\0\x1c\x3d\0\xa3\x76\x01\0\0\x1c\
\x6b\0\xa7\0\x01\0\0\x2b\x1c\x6c\0\xaa\x12\x01\0\0\0\0\x1a\x6d\0\xbb\x8d\0\0\0\
\x1b\x3f\0\xbb\x4b\x04\0\0\x1b\x6a\0\xbb\x8d\0\0\0\0\x2c\x6e\0\x68\x1b\x12\0\
\x68\x12\x01\0\0\x1b\x13\0\x68\x9d\x02\0\0\x1b\x6f\0\x68\0\x01\0\0\x1b\x16\0\
\x68\x5b\x07\0\0\x1c\x3c\0\x6a\x12\x01\0\0\x1c\x72\0\x6b\x25\x02\0\0\x1c\x1d\0\
\x6c\x12\x01\0\0\x1c\x1e\0\x6d\x4b\x02\0\0\x2b\x1c\x73\0\x70\x8d\0\0\0\x2b\x1c\
\x74\0\x71\0\x01\0\0\x1c\x75\0\x75\0\x01\0\0\x1c\x76\0\x7b\x68\x07\0\0\0\0\0\
\x0b\x64\x07\0\0\x71\x01\xff\x7f\x02\x70\x08\x01\x09\x6d\x07\0\0\x2d\x7f\x48\
\x10\x03\x13\x08\x77\x12\x01\0\0\x03\x15\0\x08\x1d\x12\x01\0\0\x03\x17\x08\x08\
\x78\x12\x01\0\0\x03\x19\x10\x08\x1a\0\x01\0\0\x03\x1b\x18\x08\x79\0\x01\0\0\
\x03\x1d\x1c\x08\x1e\x4b\x02\0\0\x03\x1f\x20\x08\x7a\0\x01\0\0\x03\x21\x24\x08\
\x7b\0\x01\0\0\x03\x23\x28\x08\x7c\0\x01\0\0\x03\x25\x2c\x08\x16\x5b\x07\0\0\
\x03\x27\x30\x08\x1b\xe9\x07\0\0\x03\x29\x31\x08\x7d\xf5\x07\0\0\x03\x2b\x38\
\x08\x7e\x01\x08\0\0\x03\x2d\x48\0\x04\x5b\x07\0\0\x05\x56\0\0\0\x07\0\x04\x52\
\0\0\0\x05\x56\0\0\0\x10\0\x04\x5b\x07\0\0\x0c\x56\0\0\0\0\x10\0\x1a\x80\0\x58\
\x25\x02\0\0\x1b\x1a\0\x58\0\x01\0\0\x1b\x12\0\x58\x12\x01\0\0\x1c\x81\0\x5a\
\x04\x02\0\0\x1c\x82\0\x5f\0\x01\0\0\x1c\x83\0\x63\x2a\x02\0\0\x1c\x72\0\x5b\
\x25\x02\0\0\x1c\x84\0\x60\x0d\x01\0\0\0\x2c\x85\0\x51\x1b\x82\0\x51\0\x01\0\0\
\x1c\x86\0\x53\x0d\x01\0\0\0\x22\x07\xf8\x0f\0\0\x01\x5a\x98\0\xbb\x8d\0\0\0\
\x23\x06\x3f\0\xbb\x4b\x04\0\0\x26\xd9\x06\0\0\x01\0\xbb\x05\x25\x08\xe9\x06\0\
\0\x26\xa6\x06\0\0\x01\0\xbb\x36\x25\x09\xae\x06\0\0\x29\x03\x91\xc0\0\xb6\x06\
\0\0\x2a\x0a\xbe\x06\0\0\x2a\x0b\xc6\x06\0\0\x2e\x08\x40\0\0\0\xce\x06\0\0\x2a\
\x07\xcf\x06\0\0\0\x26\xf2\x06\0\0\x02\0\xb2\x09\x25\x0d\xf6\x06\0\0\x25\x0e\
\xfe\x06\0\0\x25\x0f\x06\x07\0\0\x25\x0c\x0e\x07\0\0\x2a\x10\x16\x07\0\0\x2a\
\x16\x1e\x07\0\0\x2f\x26\x07\0\0\x2a\x17\x2e\x07\0\0\x26\x0e\x08\0\0\x03\0\x6b\
\x1c\x25\x13\x16\x08\0\0\x25\x12\x1e\x08\0\0\x29\x03\x91\xe0\0\x26\x08\0\0\x29\
\x03\x91\xdc\0\x2e\x08\0\0\x2a\x11\x36\x08\0\0\x2a\x14\x3e\x08\0\0\x2a\x15\x46\
\x08\0\0\0\x30\x04\x36\x07\0\0\x2a\x18\x37\x07\0\0\x30\x04\x3f\x07\0\0\x2a\x19\
\x40\x07\0\0\x2a\x1a\x48\x07\0\0\x2a\x1b\x50\x07\0\0\x24\x4f\x08\0\0\x09\x20\0\
\0\0\0\x7d\x0d\x27\x03\x91\xe0\0\x53\x08\0\0\x2a\x1c\x5b\x08\0\0\0\x31\x4f\x08\
\0\0\x0a\x08\0\0\0\0\0\x24\x4f\x08\0\0\x0b\x20\0\0\0\0\x8e\x0d\x27\x03\x91\xe0\
\0\x53\x08\0\0\x2a\x1d\x5b\x08\0\0\0\0\0\0\0\0\0\x1a\x87\0\xbe\x8d\0\0\0\x1b\
\x3f\0\xbe\x4b\x04\0\0\x1b\x12\0\xbe\x9c\x02\0\0\x1b\x13\0\xbe\x9c\x02\0\0\x1b\
\x15\0\xbe\x8d\0\0\0\0\x22\x0c\xc0\0\0\0\x01\x5a\x99\0\xbe\x8d\0\0\0\x23\x1e\
\x3f\0\xbe\x4b\x04\0\0\x24\xa2\x09\0\0\x0d\x98\0\0\0\0\xbe\x05\x25\x21\xb2\x09\
\0\0\x25\x22\xba\x09\0\0\x25\x1f\xc2\x09\0\0\x26\xd9\x03\0\0\x05\0\xbf\x0a\x27\
\x01\x56\xe1\x03\0\0\x27\x01\x57\xe9\x03\0\0\x25\x23\xf1\x03\0\0\x28\0\xf9\x03\
\0\0\x28\x01\x01\x04\0\0\x28\0\x09\x04\0\0\x29\x02\x91\x28\x11\x04\0\0\x2a\x20\
\x19\x04\0\0\0\0\0\x1a\x88\0\xc1\x8d\0\0\0\x1b\x3f\0\xc1\x4b\x04\0\0\x1b\x6a\0\
\xc1\x8d\0\0\0\0\x22\x0e\xf8\x0f\0\0\x01\x5a\x9a\0\xc1\x8d\0\0\0\x23\x24\x3f\0\
\xc1\x4b\x04\0\0\x26\x42\x0a\0\0\x06\0\xc1\x05\x25\x26\x52\x0a\0\0\x26\xa6\x06\
\0\0\x06\0\xc1\x35\x25\x27\xae\x06\0\0\x29\x03\x91\xc0\0\xb6\x06\0\0\x2a\x28\
\xbe\x06\0\0\x2a\x29\xc6\x06\0\0\x2e\x0f\x40\0\0\0\xce\x06\0\0\x2a\x25\xcf\x06\
\0\0\0\x26\xf2\x06\0\0\x07\0\xb2\x09\x25\x2b\xf6\x06\0\0\x25\x2c\xfe\x06\0\0\
\x25\x2d\x06\x07\0\0\x25\x2a\x0e\x07\0\0\x2a\x2e\x16\x07\0\0\x2a\x34\x1e\x07\0\
\0\x2f\x26\x07\0\0\x2a\x35\x2e\x07\0\0\x26\x0e\x08\0\0\x08\0\x6b\x1c\x25\x31\
\x16\x08\0\0\x25\x30\x1e\x08\0\0\x29\x03\x91\xe0\0\x26\x08\0\0\x29\x03\x91\xdc\
\0\x2e\x08\0\0\x2a\x2f\x36\x08\0\0\x2a\x32\x3e\x08\0\0\x2a\x33\x46\x08\0\0\0\
\x30\x09\x36\x07\0\0\x2a\x36\x37\x07\0\0\x30\x09\x3f\x07\0\0\x2a\x37\x40\x07\0\
\0\x2a\x38\x48\x07\0\0\x2a\x39\x50\x07\0\0\x24\x4f\x08\0\0\x10\x20\0\0\0\0\x7d\
\x0d\x27\x03\x91\xe0\0\x53\x08\0\0\x2a\x3a\x5b\x08\0\0\0\x31\x4f\x08\0\0\x11\
\x08\0\0\0\0\0\x24\x4f\x08\0\0\x12\x20\0\0\0\0\x8e\x0d\x27\x03\x91\xe0\0\x53\
\x08\0\0\x2a\x3b\x5b\x08\0\0\0\0\0\0\0\0\0\x1a\x89\0\xc4\x8d\0\0\0\x1b\x3f\0\
\xc4\x4b\x04\0\0\x1b\x12\0\xc4\x9c\x02\0\0\x1b\x13\0\xc4\x9d\x02\0\0\x1b\x15\0\
\xc4\xca\x0b\0\0\x1b\x8d\0\xc4\xe5\x0b\0\0\0\x0b\xd3\x0b\0\0\x8c\x01\x35\x7f\
\x0b\xdc\x0b\0\0\x8b\x01\x33\x7f\x0b\x6f\x05\0\0\x8a\x01\x31\x7f\x09\xca\x0b\0\
\0\x22\x13\xb8\0\0\0\x01\x5a\x9b\0\xc4\x8d\0\0\0\x23\x3c\x3f\0\xc4\x4b\x04\0\0\
\x24\x99\x0b\0\0\x14\x88\0\0\0\0\xc4\x05\x27\x01\x56\xa9\x0b\0\0\x27\x01\x57\
\xb1\x0b\0\0\x27\x01\x59\xb9\x0b\0\0\x27\x01\x58\xc1\x0b\0\0\x24\xd9\x03\0\0\
\x14\x88\0\0\0\0\xc6\x0a\x27\x01\x56\xe1\x03\0\0\x27\x01\x57\xe9\x03\0\0\x27\
\x01\x59\xf1\x03\0\0\x27\x01\x58\xf9\x03\0\0\x28\0\x01\x04\0\0\x28\x01\x09\x04\
\0\0\x29\x02\x91\x28\x11\x04\0\0\x2a\x3d\x19\x04\0\0\0\0\0\x1a\x8e\0\xc8\x8d\0\
\0\0\x1b\x3f\0\xc8\x4b\x04\0\0\x1b\x6a\0\xc8\x8d\0\0\0\0\x22\x15\xf8\x0f\0\0\
\x01\x5a\x9c\0\xc8\x8d\0\0\0\x23\x3e\x3f\0\xc8\x4b\x04\0\0\x26\x71\x0c\0\0\x0a\
\0\xc8\x05\x25\x40\x81\x0c\0\0\x26\xa6\x06\0\0\x0a\0\xc8\x39\x25\x41\xae\x06\0\
\0\x29\x03\x91\xc0\0\xb6\x06\0\0\x2a\x42\xbe\x06\0\0\x2a\x43\xc6\x06\0\0\x2e\
\x16\x40\0\0\0\xce\x06\0\0\x2a\x3f\xcf\x06\0\0\0\x26\xf2\x06\0\0\x0b\0\xb2\x09\
\x25\x45\xf6\x06\0\0\x25\x46\xfe\x06\0\0\x25\x47\x06\x07\0\0\x25\x44\x0e\x07\0\
\0\x2a\x48\x16\x07\0\0\x2a\x4e\x1e\x07\0\0\x2f\x26\x07\0\0\x2a\x4f\x2e\x07\0\0\
\x26\x0e\x08\0\0\x0c\0\x6b\x1c\x25\x4b\x16\x08\0\0\x25\x4a\x1e\x08\0\0\x29\x03\
\x91\xe0\0\x26\x08\0\0\x29\x03\x91\xdc\0\x2e\x08\0\0\x2a\x49\x36\x08\0\0\x2a\
\x4c\x3e\x08\0\0\x2a\x4d\x46\x08\0\0\0\x30\x0d\x36\x07\0\0\x2a\x50\x37\x07\0\0\
\x30\x0d\x3f\x07\0\0\x2a\x51\x40\x07\0\0\x2a\x52\x48\x07\0\0\x2a\x53\x50\x07\0\
\0\x24\x4f\x08\0\0\x17\x20\0\0\0\0\x7d\x0d\x27\x03\x91\xe0\0\x53\x08\0\0\x2a\
\x54\x5b\x08\0\0\0\x31\x4f\x08\0\0\x18\x08\0\0\0\0\0\x24\x4f\x08\0\0\x19\x20\0\
\0\0\0\x8e\x0d\x27\x03\x91\xe0\0\x53\x08\0\0\x2a\x55\x5b\x08\0\0\0\0\0\0\0\0\0\
\x1a\x8f\0\xcb\x8d\0\0\0\x1b\x3f\0\xcb\x4b\x04\0\0\x1b\x12\0\xcb\x9c\x02\0\0\
\x1b\x13\0\xcb\x9c\x02\0\0\x1b\x15\0\xcb\xca\x0b\0\0\x1b\x90\0\xcb\xe5\x0b\0\0\
\0\x22\x1a\xb8\0\0\0\x01\x5a\x9d\0\xcb\x8d\0\0\0\x23\x56\x3f\0\xcb\x4b\x04\0\0\
\x24\xc8\x0d\0\0\x1b\x88\0\0\0\0\xcb\x05\x27\x01\x56\xd8\x0d\0\0\x27\x01\x57\
\xe0\x0d\0\0\x27\x01\x59\xe8\x0d\0\0\x27\x01\x58\xf0\x0d\0\0\x24\xd9\x03\0\0\
\x1b\x88\0\0\0\0\xcd\x0a\x27\x01\x56\xe1\x03\0\0\x27\x01\x57\xe9\x03\0\0\x27\
\x01\x59\xf1\x03\0\0\x27\x01\x58\xf9\x03\0\0\x28\x01\x01\x04\0\0\x28\x01\x09\
\x04\0\0\x29\x02\x91\x28\x11\x04\0\0\x2a\x57\x19\x04\0\0\0\0\0\x1a\x91\0\xcf\
\x8d\0\0\0\x1b\x3f\0\xcf\x4b\x04\0\0\x1b\x6a\0\xcf\x8d\0\0\0\0\x22\x1c\xf8\x0f\
\0\0\x01\x5a\x9e\0\xcf\x8d\0\0\0\x23\x58\x3f\0\xcf\x4b\x04\0\0\x26\x80\x0e\0\0\
\x0e\0\xcf\x05\x25\x5a\x90\x0e\0\0\x26\xa6\x06\0\0\x0e\0\xcf\x38\x25\x5b\xae\
\x06\0\0\x29\x03\x91\xc0\0\xb6\x06\0\0\x2a\x5c\xbe\x06\0\0\x2a\x5d\xc6\x06\0\0\
\x2e\x1d\x40\0\0\0\xce\x06\0\0\x2a\x59\xcf\x06\0\0\0\x26\xf2\x06\0\0\x0f\0\xb2\
\x09\x25\x5f\xf6\x06\0\0\x25\x60\xfe\x06\0\0\x25\x61\x06\x07\0\0\x25\x5e\x0e\
\x07\0\0\x2a\x62\x16\x07\0\0\x2a\x68\x1e\x07\0\0\x2f\x26\x07\0\0\x2a\x69\x2e\
\x07\0\0\x26\x0e\x08\0\0\x10\0\x6b\x1c\x25\x65\x16\x08\0\0\x25\x64\x1e\x08\0\0\
\x29\x03\x91\xe0\0\x26\x08\0\0\x29\x03\x91\xdc\0\x2e\x08\0\0\x2a\x63\x36\x08\0\
\0\x2a\x66\x3e\x08\0\0\x2a\x67\x46\x08\0\0\0\x30\x11\x36\x07\0\0\x2a\x6a\x37\
\x07\0\0\x30\x11\x3f\x07\0\0\x2a\x6b\x40\x07\0\0\x2a\x6c\x48\x07\0\0\x2a\x6d\
\x50\x07\0\0\x24\x4f\x08\0\0\x1e\x20\0\0\0\0\x7d\x0d\x27\x03\x91\xe0\0\x53\x08\
\0\0\x2a\x6e\x5b\x08\0\0\0\x31\x4f\x08\0\0\x1f\x08\0\0\0\0\0\x24\x4f\x08\0\0\
\x20\x20\0\0\0\0\x8e\x0d\x27\x03\x91\xe0\0\x53\x08\0\0\x2a\x6f\x5b\x08\0\0\0\0\
\0\0\0\0\0\x1a\x92\0\xd2\x8d\0\0\0\x1b\x3f\0\xd2\x4b\x04\0\0\x1b\x12\0\xd2\x9c\
\x02\0\0\x1b\x1e\0\xd2\x8d\0\0\0\x1c\x72\0\xd4\x25\x02\0\0\0\x22\x21\x80\x01\0\
\0\x01\x5a\x9f\0\xd2\x8d\0\0\0\x23\x70\x3f\0\xd2\x4b\x04\0\0\x24\xd7\x0f\0\0\
\x22\x60\x01\0\0\0\xd2\x05\x25\x71\xe7\x0f\0\0\x25\x74\xef\x0f\0\0\x2a\x77\xf7\
\x0f\0\0\x26\x0e\x08\0\0\x12\0\xd4\x1c\x25\x73\x1e\x08\0\0\x29\x02\x91\x18\x26\
\x08\0\0\x29\x02\x91\x14\x2e\x08\0\0\x2a\x72\x36\x08\0\0\x2a\x75\x3e\x08\0\0\
\x2a\x76\x46\x08\0\0\0\0\0\x1a\x93\0\xdb\x8d\0\0\0\x1b\x3f\0\xdb\x4b\x04\0\0\
\x1b\x12\0\xdb\x9c\x02\0\0\x1c\x81\0\xde\x04\x02\0\0\x1c\x3c\0\xdd\x12\x01\0\0\
\x1c\x72\0\xdf\x25\x02\0\0\x1c\x76\0\xe3\x68\x07\0\0\0\x22\x23\x38\x02\0\0\x01\
\x5a\xa0\0\xdb\x8d\0\0\0\x23\x78\x3f\0\xdb\x4b\x04\0\0\x24\x6b\x10\0\0\x24\x20\
\x02\0\0\0\xdb\x05\x25\x79\x7b\x10\0\0\x2a\x7a\x83\x10\0\0\x2a\x7b\x8b\x10\0\0\
\x2a\x7c\x93\x10\0\0\x2a\x7d\x9b\x10\0\0\x24\x4f\x08\0\0\x25\x30\0\0\0\0\xf0\
\x09\x27\x02\x91\x1c\x53\x08\0\0\x2a\x7e\x5b\x08\0\0\0\0\0\0\xc1\x01\0\0\x05\0\
\x08\0\x14\0\0\0\x50\0\0\0\x5a\0\0\0\x66\0\0\0\x78\0\0\0\x8f\0\0\0\x9c\0\0\0\
\xa9\0\0\0\xb6\0\0\0\xc8\0\0\0\xdf\0\0\0\xec\0\0\0\xf9\0\0\0\x0b\x01\0\0\x22\
\x01\0\0\x2f\x01\0\0\x3c\x01\0\0\x4e\x01\0\0\x65\x01\0\0\x72\x01\0\0\x89\x01\0\
\0\x01\x05\x04\x18\x28\x04\x38\xa8\x01\0\x01\x07\x04\x08\x88\x07\x04\xb0\x07\
\xf8\x1f\0\x01\x07\x04\xf8\x01\x80\x03\x04\xa0\x03\xe0\x06\x04\xb0\x07\xf8\x1f\
\0\x01\x07\x04\x88\x02\xa0\x02\x04\xb0\x02\xf8\x02\x04\xa0\x03\xd8\x03\x04\xf0\
\x03\xa0\x05\0\x01\x07\x04\xb8\x05\xe0\x06\x04\xb0\x07\xf8\x1f\0\x01\x05\x04\
\xd0\x01\xf0\x01\x04\x80\x02\xe8\x02\0\x01\x07\x04\x80\x20\x80\x27\x04\xa8\x27\
\xf0\x3f\0\x01\x07\x04\xf0\x21\xf8\x22\x04\x98\x23\xd8\x26\x04\xa8\x27\xf0\x3f\
\0\x01\x07\x04\x80\x22\x98\x22\x04\xa8\x22\xf0\x22\x04\x98\x23\xd0\x23\x04\xe8\
\x23\x98\x25\0\x01\x07\x04\xb0\x25\xd8\x26\x04\xa8\x27\xf0\x3f\0\x01\x07\x04\
\xf8\x3f\xf8\x46\x04\xa0\x47\xe8\x5f\0\x01\x07\x04\xe8\x41\xf0\x42\x04\x90\x43\
\xd0\x46\x04\xa0\x47\xe8\x5f\0\x01\x07\x04\xf8\x41\x90\x42\x04\xa0\x42\xe8\x42\
\x04\x90\x43\xc8\x43\x04\xe0\x43\x90\x45\0\x01\x07\x04\xa8\x45\xd0\x46\x04\xa0\
\x47\xe8\x5f\0\x01\x07\x04\xf0\x5f\xf0\x66\x04\x98\x67\xe0\x7f\0\x01\x07\x04\
\xe0\x61\xe8\x62\x04\x88\x63\xc8\x66\x04\x98\x67\xe0\x7f\0\x01\x07\x04\xf0\x61\
\x88\x62\x04\x98\x62\xe0\x62\x04\x88\x63\xc0\x63\x04\xd8\x63\x88\x65\0\x01\x07\
\x04\xa0\x65\xc8\x66\x04\x98\x67\xe0\x7f\0\x01\x05\x04\x80\x06\x98\x06\x04\xa0\
\x06\xd8\x06\x04\xe8\x06\xa0\x07\x04\xa8\x07\xc8\x08\0\x01\x05\x04\0\xb8\x01\
\x04\xb8\x01\xf8\x02\x04\xf8\x02\xb0\x04\x04\xb0\x04\xe8\x05\x04\xe8\x05\xa0\
\x0d\x01\x07\x04\0\xf8\x1f\x04\xf8\x1f\xf0\x3f\x04\xf0\x3f\xe8\x5f\x04\xe8\x5f\
\xe0\x7f\0\x88\x02\0\0\x05\0\0\0\0\0\0\0\x27\0\0\0\x36\0\0\0\x68\0\0\0\x70\0\0\
\0\x75\0\0\0\x89\0\0\0\x90\0\0\0\x95\0\0\0\x99\0\0\0\xa5\0\0\0\xab\0\0\0\xaf\0\
\0\0\xbc\0\0\0\xc2\0\0\0\xc8\0\0\0\xdb\0\0\0\xe1\0\0\0\xee\0\0\0\xf2\0\0\0\xf6\
\0\0\0\xfb\0\0\0\xff\0\0\0\x03\x01\0\0\x06\x01\0\0\x10\x01\0\0\x16\x01\0\0\x1a\
\x01\0\0\x1e\x01\0\0\x27\x01\0\0\x2f\x01\0\0\x32\x01\0\0\x38\x01\0\0\x42\x01\0\
\0\x5b\x01\0\0\x6f\x01\0\0\x74\x01\0\0\x88\x01\0\0\x9c\x01\0\0\xb0\x01\0\0\xc4\
\x01\0\0\xd5\x01\0\0\xea\x01\0\0\xfe\x01\0\0\x11\x02\0\0\x1b\x02\0\0\x24\x02\0\
\0\x2e\x02\0\0\x34\x02\0\0\x3c\x02\0\0\x48\x02\0\0\x52\x02\0\0\x5d\x02\0\0\x67\
\x02\0\0\x76\x02\0\0\x83\x02\0\0\x92\x02\0\0\xa1\x02\0\0\xaa\x02\0\0\xb3\x02\0\
\0\xb9\x02\0\0\xbc\x02\0\0\xbe\x02\0\0\xd2\x02\0\0\xd6\x02\0\0\xda\x02\0\0\xe8\
\x02\0\0\xec\x02\0\0\xf0\x02\0\0\xf4\x02\0\0\xf7\x02\0\0\xfa\x02\0\0\xfe\x02\0\
\0\x02\x03\0\0\x05\x03\0\0\x08\x03\0\0\x0b\x03\0\0\x0e\x03\0\0\x11\x03\0\0\x14\
\x03\0\0\x17\x03\0\0\x1f\x03\0\0\x22\x03\0\0\x25\x03\0\0\x34\x03\0\0\x3a\x03\0\
\0\x3e\x03\0\0\x42\x03\0\0\x46\x03\0\0\x4e\x03\0\0\x51\x03\0\0\x55\x03\0\0\x5b\
\x03\0\0\x5e\x03\0\0\x61\x03\0\0\x65\x03\0\0\x6d\x03\0\0\x71\x03\0\0\x79\x03\0\
\0\x7d\x03\0\0\x84\x03\0\0\x8c\x03\0\0\x8e\x03\0\0\x95\x03\0\0\x9d\x03\0\0\xa5\
\x03\0\0\xab\x03\0\0\xaf\x03\0\0\xb3\x03\0\0\xb8\x03\0\0\xcc\x03\0\0\xd1\x03\0\
\0\xd7\x03\0\0\xe5\x03\0\0\xea\x03\0\0\xed\x03\0\0\xef\x03\0\0\xf3\x03\0\0\xf5\
\x03\0\0\xf7\x03\0\0\xfd\x03\0\0\x05\x04\0\0\x09\x04\0\0\x13\x04\0\0\x19\x04\0\
\0\x22\x04\0\0\x27\x04\0\0\x2c\x04\0\0\x36\x04\0\0\x3f\x04\0\0\x41\x04\0\0\x45\
\x04\0\0\x4b\x04\0\0\x4f\x04\0\0\x54\x04\0\0\x56\x04\0\0\x69\x04\0\0\x7c\x04\0\
\0\x93\x04\0\0\xa4\x04\0\0\xb4\x04\0\0\xbb\x04\0\0\xc3\x04\0\0\xda\x04\0\0\xf0\
\x04\0\0\xfa\x04\0\0\x10\x05\0\0\x25\x05\0\0\x38\x05\0\0\x4a\x05\0\0\x5d\x05\0\
\0\x70\x05\0\0\x80\x05\0\0\x90\x05\0\0\x9f\x05\0\0\xae\x05\0\0\xc1\x05\0\0\xd4\
\x05\0\0\xe6\x05\0\0\xf8\x05\0\0\x09\x06\0\0\x55\x62\x75\x6e\x74\x75\x20\x63\
\x6c\x61\x6e\x67\x20\x76\x65\x72\x73\x69\x6f\x6e\x20\x32\x31\x2e\x31\x2e\x38\
\x20\x28\x36\x75\x62\x75\x6e\x74\x75\x31\x29\0\x73\x73\x6c\x73\x6e\x69\x66\x66\
\x2e\x62\x70\x66\x2e\x63\0\x2f\x68\x6f\x6d\x65\x2f\x6d\x6f\x69\x6e\x75\x64\x64\
\x69\x6e\x2f\x6d\x63\x70\x2d\x74\x6c\x73\x2d\x67\x75\x61\x72\x64\x2f\x6d\x6f\
\x64\x75\x6c\x65\x31\x2d\x69\x6e\x74\x65\x72\x63\x65\x70\x74\x6f\x72\0\x4c\x49\
\x43\x45\x4e\x53\x45\0\x63\x68\x61\x72\0\x5f\x5f\x41\x52\x52\x41\x59\x5f\x53\
\x49\x5a\x45\x5f\x54\x59\x50\x45\x5f\x5f\0\x65\x76\x65\x6e\x74\x73\0\x74\x79\
\x70\x65\0\x69\x6e\x74\0\x6d\x61\x78\x5f\x65\x6e\x74\x72\x69\x65\x73\0\x73\x74\
\x61\x74\x73\0\x6b\x65\x79\0\x75\x6e\x73\x69\x67\x6e\x65\x64\x20\x69\x6e\x74\0\
\x5f\x5f\x75\x33\x32\0\x76\x61\x6c\x75\x65\0\x75\x6e\x73\x69\x67\x6e\x65\x64\
\x20\x6c\x6f\x6e\x67\x20\x6c\x6f\x6e\x67\0\x5f\x5f\x75\x36\x34\0\x61\x63\x74\
\x69\x76\x65\x5f\x63\x61\x6c\x6c\x73\0\x73\x73\x6c\0\x62\x75\x66\0\x6c\x65\x6e\
\x70\0\x6e\x75\x6d\0\x64\x69\x72\0\x65\x78\0\x63\x61\x6c\x6c\x5f\x61\x72\x67\
\x73\0\x63\x6f\x6e\x6e\x73\0\x70\x69\x64\0\x70\x61\x64\0\x63\x6f\x6e\x6e\x5f\
\x6b\x65\x79\0\x63\x6f\x6e\x6e\x5f\x69\x64\0\x66\x64\0\x5f\x5f\x73\x33\x32\0\
\x63\x6f\x6e\x6e\x5f\x69\x6e\x66\x6f\0\x62\x70\x66\x5f\x67\x65\x74\x5f\x63\x75\
\x72\x72\x65\x6e\x74\x5f\x70\x69\x64\x5f\x74\x67\x69\x64\0\x62\x70\x66\x5f\x6d\
\x61\x70\x5f\x75\x70\x64\x61\x74\x65\x5f\x65\x6c\x65\x6d\0\x6c\x6f\x6e\x67\0\
\x62\x70\x66\x5f\x6d\x61\x70\x5f\x6c\x6f\x6f\x6b\x75\x70\x5f\x65\x6c\x65\x6d\0\
\x62\x70\x66\x5f\x70\x72\x6f\x62\x65\x5f\x72\x65\x61\x64\x5f\x75\x73\x65\x72\0\
\x62\x70\x66\x5f\x6d\x61\x70\x5f\x64\x65\x6c\x65\x74\x65\x5f\x65\x6c\x65\x6d\0\
\x62\x70\x66\x5f\x72\x69\x6e\x67\x62\x75\x66\x5f\x72\x65\x73\x65\x72\x76\x65\0\
\x62\x70\x66\x5f\x6b\x74\x69\x6d\x65\x5f\x67\x65\x74\x5f\x6e\x73\0\x62\x70\x66\
\x5f\x67\x65\x74\x5f\x63\x75\x72\x72\x65\x6e\x74\x5f\x63\x6f\x6d\x6d\0\x62\x70\
\x66\x5f\x72\x69\x6e\x67\x62\x75\x66\x5f\x64\x69\x73\x63\x61\x72\x64\0\x62\x70\
\x66\x5f\x72\x69\x6e\x67\x62\x75\x66\x5f\x73\x75\x62\x6d\x69\x74\0\x44\x49\x52\
\x5f\x57\x52\x49\x54\x45\0\x44\x49\x52\x5f\x52\x45\x41\x44\0\x44\x49\x52\x5f\
\x43\x4c\x4f\x53\x45\0\x64\x69\x72\x5f\x74\0\x42\x50\x46\x5f\x41\x4e\x59\0\x42\
\x50\x46\x5f\x4e\x4f\x45\x58\x49\x53\x54\0\x42\x50\x46\x5f\x45\x58\x49\x53\x54\
\0\x42\x50\x46\x5f\x46\x5f\x4c\x4f\x43\x4b\0\x42\x50\x46\x5f\x46\x5f\x43\x50\
\x55\0\x42\x50\x46\x5f\x46\x5f\x41\x4c\x4c\x5f\x43\x50\x55\x53\0\x53\x54\x41\
\x54\x5f\x44\x52\x4f\x50\x50\x45\x44\0\x53\x54\x41\x54\x5f\x52\x45\x41\x44\x5f\
\x46\x41\x49\x4c\0\x53\x54\x41\x54\x5f\x4e\x45\x58\x54\x5f\x43\x4f\x4e\x4e\0\
\x53\x54\x41\x54\x5f\x4d\x41\x58\0\x73\x74\x61\x74\x5f\x69\x64\x78\0\x65\x6e\
\x74\x65\x72\0\x69\x64\0\x61\0\x5f\x5f\x5f\x5f\x73\x73\x6c\x5f\x77\x72\x69\x74\
\x65\x5f\x65\x6e\x74\x65\x72\0\x63\x74\x78\0\x72\x31\x35\0\x75\x6e\x73\x69\x67\
\x6e\x65\x64\x20\x6c\x6f\x6e\x67\0\x72\x31\x34\0\x72\x31\x33\0\x72\x31\x32\0\
\x62\x70\0\x62\x78\0\x72\x31\x31\0\x72\x31\x30\0\x72\x39\0\x72\x38\0\x61\x78\0\
\x63\x78\0\x64\x78\0\x73\x69\0\x64\x69\0\x6f\x72\x69\x67\x5f\x61\x78\0\x69\x70\
\0\x63\x73\0\x75\x6e\x73\x69\x67\x6e\x65\x64\x20\x73\x68\x6f\x72\x74\0\x5f\x5f\
\x75\x31\x36\0\x75\x31\x36\0\x63\x73\x78\0\x75\x36\x34\0\x66\x72\x65\x64\x5f\
\x63\x73\0\x73\x6c\0\x77\x66\x65\0\x66\x6c\x61\x67\x73\0\x73\x70\0\x73\x73\0\
\x73\x73\x78\0\x66\x72\x65\x64\x5f\x73\x73\0\x73\x74\x69\0\x73\x77\x65\x76\x65\
\x6e\x74\0\x6e\x6d\x69\0\x76\x65\x63\x74\x6f\x72\0\x65\x6e\x63\x6c\x61\x76\x65\
\0\x6c\0\x6e\x65\x73\x74\x65\x64\0\x69\x6e\x73\x6e\x6c\x65\x6e\0\x70\x74\x5f\
\x72\x65\x67\x73\0\x6c\x65\x61\x76\x65\0\x72\x65\x74\0\x6c\x65\x6e\0\x64\x6f\
\x6e\x65\0\x5f\x5f\x5f\x5f\x73\x73\x6c\x5f\x77\x72\x69\x74\x65\x5f\x6c\x65\x61\
\x76\x65\0\x65\x6d\x69\x74\0\x74\x6f\x74\x61\x6c\0\x75\x6e\x73\x69\x67\x6e\x65\
\x64\x20\x63\x68\x61\x72\0\x5f\x5f\x75\x38\0\x63\x69\0\x69\0\x6f\x66\x66\0\x6e\
\0\x65\0\x74\x73\x5f\x6e\x73\0\x73\x73\x6c\x5f\x70\x74\x72\0\x74\x69\x64\0\x74\
\x6f\x74\x61\x6c\x5f\x6c\x65\x6e\0\x63\x68\x75\x6e\x6b\0\x64\x61\x74\x61\x5f\
\x6c\x65\x6e\0\x63\x6f\x6d\x6d\0\x64\x61\x74\x61\0\x73\x73\x6c\x5f\x65\x76\x65\
\x6e\x74\0\x67\x65\x74\x5f\x63\x6f\x6e\x6e\0\x6b\0\x69\x64\x78\0\x66\x72\x65\
\x73\x68\0\x63\x74\x72\0\x62\x75\x6d\x70\0\x76\0\x5f\x5f\x5f\x5f\x73\x73\x6c\
\x5f\x72\x65\x61\x64\x5f\x65\x6e\x74\x65\x72\0\x5f\x5f\x5f\x5f\x73\x73\x6c\x5f\
\x72\x65\x61\x64\x5f\x6c\x65\x61\x76\x65\0\x5f\x5f\x5f\x5f\x73\x73\x6c\x5f\x77\
\x72\x69\x74\x65\x5f\x65\x78\x5f\x65\x6e\x74\x65\x72\0\x5f\x5f\x6b\x65\x72\x6e\
\x65\x6c\x5f\x75\x6c\x6f\x6e\x67\x5f\x74\0\x5f\x5f\x6b\x65\x72\x6e\x65\x6c\x5f\
\x73\x69\x7a\x65\x5f\x74\0\x73\x69\x7a\x65\x5f\x74\0\x77\x72\x69\x74\x74\x65\
\x6e\0\x5f\x5f\x5f\x5f\x73\x73\x6c\x5f\x77\x72\x69\x74\x65\x5f\x65\x78\x5f\x6c\
\x65\x61\x76\x65\0\x5f\x5f\x5f\x5f\x73\x73\x6c\x5f\x72\x65\x61\x64\x5f\x65\x78\
\x5f\x65\x6e\x74\x65\x72\0\x72\x65\x61\x64\x62\x79\x74\x65\x73\0\x5f\x5f\x5f\
\x5f\x73\x73\x6c\x5f\x72\x65\x61\x64\x5f\x65\x78\x5f\x6c\x65\x61\x76\x65\0\x5f\
\x5f\x5f\x5f\x73\x73\x6c\x5f\x73\x65\x74\x5f\x66\x64\x5f\x65\x6e\x74\x65\x72\0\
\x5f\x5f\x5f\x5f\x73\x73\x6c\x5f\x66\x72\x65\x65\x5f\x65\x6e\x74\x65\x72\0\x44\
\x57\x5f\x41\x54\x45\x5f\x75\x6e\x73\x69\x67\x6e\x65\x64\x5f\x38\0\x44\x57\x5f\
\x41\x54\x45\x5f\x75\x6e\x73\x69\x67\x6e\x65\x64\x5f\x33\x32\0\x44\x57\x5f\x41\
\x54\x45\x5f\x75\x6e\x73\x69\x67\x6e\x65\x64\x5f\x36\x34\0\x73\x73\x6c\x5f\x77\
\x72\x69\x74\x65\x5f\x65\x6e\x74\x65\x72\0\x73\x73\x6c\x5f\x77\x72\x69\x74\x65\
\x5f\x6c\x65\x61\x76\x65\0\x73\x73\x6c\x5f\x72\x65\x61\x64\x5f\x65\x6e\x74\x65\
\x72\0\x73\x73\x6c\x5f\x72\x65\x61\x64\x5f\x6c\x65\x61\x76\x65\0\x73\x73\x6c\
\x5f\x77\x72\x69\x74\x65\x5f\x65\x78\x5f\x65\x6e\x74\x65\x72\0\x73\x73\x6c\x5f\
\x77\x72\x69\x74\x65\x5f\x65\x78\x5f\x6c\x65\x61\x76\x65\0\x73\x73\x6c\x5f\x72\
\x65\x61\x64\x5f\x65\x78\x5f\x65\x6e\x74\x65\x72\0\x73\x73\x6c\x5f\x72\x65\x61\
\x64\x5f\x65\x78\x5f\x6c\x65\x61\x76\x65\0\x73\x73\x6c\x5f\x73\x65\x74\x5f\x66\
\x64\x5f\x65\x6e\x74\x65\x72\0\x73\x73\x6c\x5f\x66\x72\x65\x65\x5f\x65\x6e\x74\
\x65\x72\0\x34\x01\0\0\x05\0\x08\0\0\0\0\0\0\0\0\0\0\0\0\0\0\0\0\0\0\0\0\0\0\0\
\0\0\0\0\0\0\0\0\0\0\0\0\0\0\0\0\0\0\0\0\0\0\0\0\0\0\x18\0\0\0\0\0\0\0\0\0\0\0\
\0\0\0\0\x80\0\0\0\0\0\0\0\x30\x03\0\0\0\0\0\0\x58\x03\0\0\0\0\0\0\0\x05\0\0\0\
\0\0\0\xb8\0\0\0\0\0\0\0\xd0\0\0\0\0\0\0\0\xf8\x0f\0\0\0\0\0\0\x78\x10\0\0\0\0\
\0\0\x28\x13\0\0\0\0\0\0\x50\x13\0\0\0\0\0\0\xf8\x14\0\0\0\0\0\0\x78\x01\0\0\0\
\0\0\0\x98\x01\0\0\0\0\0\0\xf0\x1f\0\0\0\0\0\0\x70\x20\0\0\0\0\0\0\x20\x23\0\0\
\0\0\0\0\x48\x23\0\0\0\0\0\0\xf0\x24\0\0\0\0\0\0\x30\x02\0\0\0\0\0\0\x50\x02\0\
\0\0\0\0\0\xe8\x2f\0\0\0\0\0\0\x68\x30\0\0\0\0\0\0\x18\x33\0\0\0\0\0\0\x40\x33\
\0\0\0\0\0\0\xe8\x34\0\0\0\0\0\0\xe8\x02\0\0\0\0\0\0\xf8\x02\0\0\0\0\0\0\x68\
\x04\0\0\0\0\0\0\x70\x04\0\0\0\0\0\0\x38\x06\0\0\0\0\0\0\0\0\0\x9f\xeb\x01\0\
\x18\0\0\0\0\0\0\0\xa0\x07\0\0\xa0\x07\0\0\xba\x0f\0\0\0\0\0\0\0\0\0\x02\x03\0\
\0\0\x01\0\0\0\0\0\0\x01\x04\0\0\0\x20\0\0\x01\0\0\0\0\0\0\0\x03\0\0\0\0\x02\0\
\0\0\x04\0\0\0\x1b\0\0\0\x05\0\0\0\0\0\0\x01\x04\0\0\0\x20\0\0\0\0\0\0\0\0\0\0\
\x02\x06\0\0\0\0\0\0\0\0\0\0\x03\0\0\0\0\x02\0\0\0\x04\0\0\0\0\0\0\x01\0\0\0\0\
\x02\0\0\x04\x10\0\0\0\x19\0\0\0\x01\0\0\0\0\0\0\0\x1e\0\0\0\x05\0\0\0\x40\0\0\
\0\x2a\0\0\0\0\0\0\x0e\x07\0\0\0\x01\0\0\0\0\0\0\0\0\0\0\x02\x0a\0\0\0\0\0\0\0\
\0\0\0\x03\0\0\0\0\x02\0\0\0\x04\0\0\0\x02\0\0\0\0\0\0\0\0\0\0\x02\x0c\0\0\0\0\
\0\0\0\0\0\0\x03\0\0\0\0\x02\0\0\0\x04\0\0\0\x03\0\0\0\0\0\0\0\0\0\0\x02\x0e\0\
\0\0\x31\0\0\0\0\0\0\x08\x0f\0\0\0\x37\0\0\0\0\0\0\x01\x04\0\0\0\x20\0\0\0\0\0\
\0\0\0\0\0\x02\x11\0\0\0\x44\0\0\0\0\0\0\x08\x12\0\0\0\x4a\0\0\0\0\0\0\x01\x08\
\0\0\0\x40\0\0\0\0\0\0\0\x04\0\0\x04\x20\0\0\0\x19\0\0\0\x09\0\0\0\0\0\0\0\x1e\
\0\0\0\x0b\0\0\0\x40\0\0\0\x5d\0\0\0\x0d\0\0\0\x80\0\0\0\x61\0\0\0\x10\0\0\0\
\xc0\0\0\0\x67\0\0\0\0\0\0\x0e\x13\0\0\0\x01\0\0\0\0\0\0\0\0\0\0\x02\x16\0\0\0\
\0\0\0\0\0\0\0\x03\0\0\0\0\x02\0\0\0\x04\0\0\0\x09\0\0\0\0\0\0\0\0\0\0\x02\x18\
\0\0\0\0\0\0\0\0\0\0\x03\0\0\0\0\x02\0\0\0\x04\0\0\0\0\x28\0\0\0\0\0\0\0\0\0\
\x02\x1a\0\0\0\x6d\0\0\0\x06\0\0\x04\x28\0\0\0\x77\0\0\0\x11\0\0\0\0\0\0\0\x7b\
\0\0\0\x11\0\0\0\x40\0\0\0\x7f\0\0\0\x11\0\0\0\x80\0\0\0\x84\0\0\0\x11\0\0\0\
\xc0\0\0\0\x88\0\0\0\x0e\0\0\0\0\x01\0\0\x8c\0\0\0\x0e\0\0\0\x20\x01\0\0\0\0\0\
\0\x04\0\0\x04\x20\0\0\0\x19\0\0\0\x15\0\0\0\0\0\0\0\x1e\0\0\0\x17\0\0\0\x40\0\
\0\0\x5d\0\0\0\x10\0\0\0\x80\0\0\0\x61\0\0\0\x19\0\0\0\xc0\0\0\0\x8f\0\0\0\0\0\
\0\x0e\x1b\0\0\0\x01\0\0\0\0\0\0\0\0\0\0\x02\x1e\0\0\0\0\0\0\0\0\0\0\x03\0\0\0\
\0\x02\0\0\0\x04\0\0\0\0\0\x01\0\0\0\0\0\0\0\0\x02\x20\0\0\0\x9c\0\0\0\x03\0\0\
\x04\x10\0\0\0\xa5\0\0\0\x0e\0\0\0\0\0\0\0\xa9\0\0\0\x0e\0\0\0\x20\0\0\0\x77\0\
\0\0\x11\0\0\0\x40\0\0\0\0\0\0\0\0\0\0\x02\x22\0\0\0\xad\0\0\0\x03\0\0\x04\x10\
\0\0\0\xb7\0\0\0\x11\0\0\0\0\0\0\0\xbf\0\0\0\x23\0\0\0\x40\0\0\0\xa9\0\0\0\x23\
\0\0\0\x60\0\0\0\xc2\0\0\0\0\0\0\x08\x02\0\0\0\0\0\0\0\x04\0\0\x04\x20\0\0\0\
\x19\0\0\0\x15\0\0\0\0\0\0\0\x1e\0\0\0\x1d\0\0\0\x40\0\0\0\x5d\0\0\0\x1f\0\0\0\
\x80\0\0\0\x61\0\0\0\x21\0\0\0\xc0\0\0\0\xc8\0\0\0\0\0\0\x0e\x24\0\0\0\x01\0\0\
\0\0\0\0\0\0\0\0\x02\x27\0\0\0\xce\0\0\0\x15\0\0\x04\xa8\0\0\0\xd6\0\0\0\x28\0\
\0\0\0\0\0\0\xda\0\0\0\x28\0\0\0\x40\0\0\0\xde\0\0\0\x28\0\0\0\x80\0\0\0\xe2\0\
\0\0\x28\0\0\0\xc0\0\0\0\xe6\0\0\0\x28\0\0\0\0\x01\0\0\xe9\0\0\0\x28\0\0\0\x40\
\x01\0\0\xec\0\0\0\x28\0\0\0\x80\x01\0\0\xf0\0\0\0\x28\0\0\0\xc0\x01\0\0\xf4\0\
\0\0\x28\0\0\0\0\x02\0\0\xf7\0\0\0\x28\0\0\0\x40\x02\0\0\xfa\0\0\0\x28\0\0\0\
\x80\x02\0\0\xfd\0\0\0\x28\0\0\0\xc0\x02\0\0\0\x01\0\0\x28\0\0\0\0\x03\0\0\x03\
\x01\0\0\x28\0\0\0\x40\x03\0\0\x06\x01\0\0\x28\0\0\0\x80\x03\0\0\x09\x01\0\0\
\x28\0\0\0\xc0\x03\0\0\x11\x01\0\0\x28\0\0\0\0\x04\0\0\0\0\0\0\x29\0\0\0\x40\
\x04\0\0\x14\x01\0\0\x28\0\0\0\x80\x04\0\0\x1a\x01\0\0\x28\0\0\0\xc0\x04\0\0\0\
\0\0\0\x2f\0\0\0\0\x05\0\0\x1d\x01\0\0\0\0\0\x01\x08\0\0\0\x40\0\0\0\0\0\0\0\
\x03\0\0\x05\x08\0\0\0\x2b\x01\0\0\x2a\0\0\0\0\0\0\0\x2e\x01\0\0\x2d\0\0\0\0\0\
\0\0\x32\x01\0\0\x2e\0\0\0\0\0\0\0\x3a\x01\0\0\0\0\0\x08\x2b\0\0\0\x3e\x01\0\0\
\0\0\0\x08\x2c\0\0\0\x44\x01\0\0\0\0\0\x01\x02\0\0\0\x10\0\0\0\x53\x01\0\0\0\0\
\0\x08\x11\0\0\0\x32\x01\0\0\x03\0\0\x84\x08\0\0\0\x2b\x01\0\0\x2d\0\0\0\0\0\0\
\x10\x57\x01\0\0\x2d\0\0\0\x10\0\0\x02\x5a\x01\0\0\x2d\0\0\0\x12\0\0\x01\0\0\0\
\0\x03\0\0\x05\x08\0\0\0\x5e\x01\0\0\x2a\0\0\0\0\0\0\0\x61\x01\0\0\x2d\0\0\0\0\
\0\0\0\x65\x01\0\0\x30\0\0\0\0\0\0\0\x65\x01\0\0\x0a\0\0\x84\x08\0\0\0\x5e\x01\
\0\0\x2d\0\0\0\0\0\0\x10\x6d\x01\0\0\x2d\0\0\0\x10\0\0\x01\x71\x01\0\0\x2d\0\0\
\0\x11\0\0\x01\x79\x01\0\0\x2d\0\0\0\x12\0\0\x01\x7d\x01\0\0\x2d\0\0\0\x20\0\0\
\x08\x19\0\0\0\x2d\0\0\0\x30\0\0\x04\x84\x01\0\0\x2d\0\0\0\x38\0\0\x01\x8c\x01\
\0\0\x2d\0\0\0\x39\0\0\x01\x8e\x01\0\0\x2d\0\0\0\x3a\0\0\x01\x95\x01\0\0\x2d\0\
\0\0\x3c\0\0\x04\0\0\0\0\x01\0\0\x0d\x02\0\0\0\x9d\x01\0\0\x26\0\0\0\xa1\x01\0\
\0\x01\0\0\x0c\x31\0\0\0\0\0\0\0\x01\0\0\x0d\x02\0\0\0\x9d\x01\0\0\x26\0\0\0\
\x33\x03\0\0\x01\0\0\x0c\x33\0\0\0\0\0\0\0\x01\0\0\x0d\x02\0\0\0\x9d\x01\0\0\
\x26\0\0\0\x71\x0a\0\0\x01\0\0\x0c\x35\0\0\0\0\0\0\0\x01\0\0\x0d\x02\0\0\0\x9d\
\x01\0\0\x26\0\0\0\xef\x0a\0\0\x01\0\0\x0c\x37\0\0\0\0\0\0\0\x01\0\0\x0d\x02\0\
\0\0\x9d\x01\0\0\x26\0\0\0\x40\x0b\0\0\x01\0\0\x0c\x39\0\0\0\0\0\0\0\x01\0\0\
\x0d\x02\0\0\0\x9d\x01\0\0\x26\0\0\0\xa3\x0b\0\0\x01\0\0\x0c\x3b\0\0\0\0\0\0\0\
\x01\0\0\x0d\x02\0\0\0\x9d\x01\0\0\x26\0\0\0\xfc\x0b\0\0\x01\0\0\x0c\x3d\0\0\0\
\0\0\0\0\x01\0\0\x0d\x02\0\0\0\x9d\x01\0\0\x26\0\0\0\x52\x0c\0\0\x01\0\0\x0c\
\x3f\0\0\0\0\0\0\0\x01\0\0\x0d\x02\0\0\0\x9d\x01\0\0\x26\0\0\0\xa9\x0c\0\0\x01\
\0\0\x0c\x41\0\0\0\0\0\0\0\x01\0\0\x0d\x02\0\0\0\x9d\x01\0\0\x26\0\0\0\x56\x0d\
\0\0\x01\0\0\x0c\x43\0\0\0\x9f\x0f\0\0\0\0\0\x01\x01\0\0\0\x08\0\0\x01\0\0\0\0\
\0\0\0\x03\0\0\0\0\x45\0\0\0\x04\0\0\0\x04\0\0\0\xa4\x0f\0\0\0\0\0\x0e\x46\0\0\
\0\x01\0\0\0\xac\x0f\0\0\x04\0\0\x0f\0\0\0\0\x08\0\0\0\0\0\0\0\x10\0\0\0\x14\0\
\0\0\0\0\0\0\x20\0\0\0\x1c\0\0\0\0\0\0\0\x20\0\0\0\x25\0\0\0\0\0\0\0\x20\0\0\0\
\xb2\x0f\0\0\x01\0\0\x0f\0\0\0\0\x47\0\0\0\0\0\0\0\x04\0\0\0\0\x69\x6e\x74\0\
\x5f\x5f\x41\x52\x52\x41\x59\x5f\x53\x49\x5a\x45\x5f\x54\x59\x50\x45\x5f\x5f\0\
\x74\x79\x70\x65\0\x6d\x61\x78\x5f\x65\x6e\x74\x72\x69\x65\x73\0\x65\x76\x65\
\x6e\x74\x73\0\x5f\x5f\x75\x33\x32\0\x75\x6e\x73\x69\x67\x6e\x65\x64\x20\x69\
\x6e\x74\0\x5f\x5f\x75\x36\x34\0\x75\x6e\x73\x69\x67\x6e\x65\x64\x20\x6c\x6f\
\x6e\x67\x20\x6c\x6f\x6e\x67\0\x6b\x65\x79\0\x76\x61\x6c\x75\x65\0\x73\x74\x61\
\x74\x73\0\x63\x61\x6c\x6c\x5f\x61\x72\x67\x73\0\x73\x73\x6c\0\x62\x75\x66\0\
\x6c\x65\x6e\x70\0\x6e\x75\x6d\0\x64\x69\x72\0\x65\x78\0\x61\x63\x74\x69\x76\
\x65\x5f\x63\x61\x6c\x6c\x73\0\x63\x6f\x6e\x6e\x5f\x6b\x65\x79\0\x70\x69\x64\0\
\x70\x61\x64\0\x63\x6f\x6e\x6e\x5f\x69\x6e\x66\x6f\0\x63\x6f\x6e\x6e\x5f\x69\
\x64\0\x66\x64\0\x5f\x5f\x73\x33\x32\0\x63\x6f\x6e\x6e\x73\0\x70\x74\x5f\x72\
\x65\x67\x73\0\x72\x31\x35\0\x72\x31\x34\0\x72\x31\x33\0\x72\x31\x32\0\x62\x70\
\0\x62\x78\0\x72\x31\x31\0\x72\x31\x30\0\x72\x39\0\x72\x38\0\x61\x78\0\x63\x78\
\0\x64\x78\0\x73\x69\0\x64\x69\0\x6f\x72\x69\x67\x5f\x61\x78\0\x69\x70\0\x66\
\x6c\x61\x67\x73\0\x73\x70\0\x75\x6e\x73\x69\x67\x6e\x65\x64\x20\x6c\x6f\x6e\
\x67\0\x63\x73\0\x63\x73\x78\0\x66\x72\x65\x64\x5f\x63\x73\0\x75\x31\x36\0\x5f\
\x5f\x75\x31\x36\0\x75\x6e\x73\x69\x67\x6e\x65\x64\x20\x73\x68\x6f\x72\x74\0\
\x75\x36\x34\0\x73\x6c\0\x77\x66\x65\0\x73\x73\0\x73\x73\x78\0\x66\x72\x65\x64\
\x5f\x73\x73\0\x73\x74\x69\0\x73\x77\x65\x76\x65\x6e\x74\0\x6e\x6d\x69\0\x76\
\x65\x63\x74\x6f\x72\0\x65\x6e\x63\x6c\x61\x76\x65\0\x6c\0\x6e\x65\x73\x74\x65\
\x64\0\x69\x6e\x73\x6e\x6c\x65\x6e\0\x63\x74\x78\0\x73\x73\x6c\x5f\x77\x72\x69\
\x74\x65\x5f\x65\x6e\x74\x65\x72\0\x75\x70\x72\x6f\x62\x65\0\x30\x3a\x31\x34\0\
\x2f\x68\x6f\x6d\x65\x2f\x6d\x6f\x69\x6e\x75\x64\x64\x69\x6e\x2f\x6d\x63\x70\
\x2d\x74\x6c\x73\x2d\x67\x75\x61\x72\x64\x2f\x6d\x6f\x64\x75\x6c\x65\x31\x2d\
\x69\x6e\x74\x65\x72\x63\x65\x70\x74\x6f\x72\x2f\x73\x73\x6c\x73\x6e\x69\x66\
\x66\x2e\x62\x70\x66\x2e\x63\0\x69\x6e\x74\x20\x42\x50\x46\x5f\x4b\x50\x52\x4f\
\x42\x45\x28\x73\x73\x6c\x5f\x77\x72\x69\x74\x65\x5f\x65\x6e\x74\x65\x72\x2c\
\x20\x76\x6f\x69\x64\x20\x2a\x73\x73\x6c\x2c\x20\x63\x6f\x6e\x73\x74\x20\x76\
\x6f\x69\x64\x20\x2a\x62\x75\x66\x2c\x20\x69\x6e\x74\x20\x6e\x75\x6d\x29\0\x30\
\x3a\x31\x33\0\x30\x3a\x31\x32\0\x20\x20\x20\x20\x5f\x5f\x75\x36\x34\x20\x69\
\x64\x20\x3d\x20\x62\x70\x66\x5f\x67\x65\x74\x5f\x63\x75\x72\x72\x65\x6e\x74\
\x5f\x70\x69\x64\x5f\x74\x67\x69\x64\x28\x29\x3b\0\x7b\x20\x72\x65\x74\x75\x72\
\x6e\x20\x65\x6e\x74\x65\x72\x28\x73\x73\x6c\x2c\x20\x62\x75\x66\x2c\x20\x6e\
\x75\x6d\x2c\x20\x30\x2c\x20\x44\x49\x52\x5f\x57\x52\x49\x54\x45\x2c\x20\x30\
\x29\x3b\x20\x7d\0\x20\x20\x20\x20\x73\x74\x72\x75\x63\x74\x20\x63\x61\x6c\x6c\
\x5f\x61\x72\x67\x73\x20\x61\x20\x3d\x20\x7b\x20\x2e\x73\x73\x6c\x20\x3d\x20\
\x28\x5f\x5f\x75\x36\x34\x29\x73\x73\x6c\x2c\x20\x2e\x62\x75\x66\x20\x3d\x20\
\x28\x5f\x5f\x75\x36\x34\x29\x62\x75\x66\x2c\x20\x2e\x6c\x65\x6e\x70\x20\x3d\
\x20\x6c\x65\x6e\x70\x2c\0\x20\x20\x20\x20\x62\x70\x66\x5f\x6d\x61\x70\x5f\x75\
\x70\x64\x61\x74\x65\x5f\x65\x6c\x65\x6d\x28\x26\x61\x63\x74\x69\x76\x65\x5f\
\x63\x61\x6c\x6c\x73\x2c\x20\x26\x69\x64\x2c\x20\x26\x61\x2c\x20\x42\x50\x46\
\x5f\x41\x4e\x59\x29\x3b\0\x73\x73\x6c\x5f\x77\x72\x69\x74\x65\x5f\x6c\x65\x61\
\x76\x65\0\x75\x72\x65\x74\x70\x72\x6f\x62\x65\0\x30\x3a\x31\x30\0\x69\x6e\x74\
\x20\x42\x50\x46\x5f\x4b\x52\x45\x54\x50\x52\x4f\x42\x45\x28\x73\x73\x6c\x5f\
\x77\x72\x69\x74\x65\x5f\x6c\x65\x61\x76\x65\x2c\x20\x69\x6e\x74\x20\x72\x65\
\x74\x29\x20\x7b\x20\x72\x65\x74\x75\x72\x6e\x20\x6c\x65\x61\x76\x65\x28\x72\
\x65\x74\x29\x3b\x20\x7d\0\x20\x20\x20\x20\x73\x74\x72\x75\x63\x74\x20\x63\x61\
\x6c\x6c\x5f\x61\x72\x67\x73\x20\x2a\x61\x20\x3d\x20\x62\x70\x66\x5f\x6d\x61\
\x70\x5f\x6c\x6f\x6f\x6b\x75\x70\x5f\x65\x6c\x65\x6d\x28\x26\x61\x63\x74\x69\
\x76\x65\x5f\x63\x61\x6c\x6c\x73\x2c\x20\x26\x69\x64\x29\x3b\0\x20\x20\x20\x20\
\x69\x66\x20\x28\x21\x61\x29\0\x20\x20\x20\x20\x69\x66\x20\x28\x61\x2d\x3e\x65\
\x78\x29\x20\x7b\0\x20\x20\x20\x20\x20\x20\x20\x20\x69\x66\x20\x28\x72\x65\x74\
\x20\x3d\x3d\x20\x31\x20\x26\x26\x20\x61\x2d\x3e\x6c\x65\x6e\x70\x29\x20\x7b\0\
\x20\x20\x20\x20\x20\x20\x20\x20\x20\x20\x20\x20\x5f\x5f\x75\x36\x34\x20\x64\
\x6f\x6e\x65\x20\x3d\x20\x30\x3b\0\x20\x20\x20\x20\x20\x20\x20\x20\x20\x20\x20\
\x20\x62\x70\x66\x5f\x70\x72\x6f\x62\x65\x5f\x72\x65\x61\x64\x5f\x75\x73\x65\
\x72\x28\x26\x64\x6f\x6e\x65\x2c\x20\x73\x69\x7a\x65\x6f\x66\x28\x64\x6f\x6e\
\x65\x29\x2c\x20\x28\x76\x6f\x69\x64\x20\x2a\x29\x61\x2d\x3e\x6c\x65\x6e\x70\
\x29\x3b\0\x20\x20\x20\x20\x20\x20\x20\x20\x20\x20\x20\x20\x6c\x65\x6e\x20\x3d\
\x20\x64\x6f\x6e\x65\x20\x3e\x20\x28\x31\x75\x20\x3c\x3c\x20\x33\x30\x29\x20\
\x3f\x20\x28\x31\x75\x20\x3c\x3c\x20\x33\x30\x29\x20\x3a\x20\x28\x5f\x5f\x75\
\x33\x32\x29\x64\x6f\x6e\x65\x3b\0\x20\x20\x20\x20\x69\x66\x20\x28\x6c\x65\x6e\
\x29\0\x20\x20\x20\x20\x20\x20\x20\x20\x65\x6d\x69\x74\x28\x61\x2d\x3e\x73\x73\
\x6c\x2c\x20\x28\x63\x6f\x6e\x73\x74\x20\x76\x6f\x69\x64\x20\x2a\x29\x61\x2d\
\x3e\x62\x75\x66\x2c\x20\x6c\x65\x6e\x2c\x20\x61\x2d\x3e\x64\x69\x72\x29\x3b\0\
\x20\x20\x20\x20\x73\x74\x72\x75\x63\x74\x20\x63\x6f\x6e\x6e\x5f\x6b\x65\x79\
\x20\x6b\x20\x3d\x20\x7b\x20\x2e\x70\x69\x64\x20\x3d\x20\x70\x69\x64\x2c\x20\
\x2e\x73\x73\x6c\x20\x3d\x20\x73\x73\x6c\x20\x7d\x3b\0\x20\x20\x20\x20\x73\x74\
\x72\x75\x63\x74\x20\x63\x6f\x6e\x6e\x5f\x69\x6e\x66\x6f\x20\x2a\x63\x69\x20\
\x3d\x20\x67\x65\x74\x5f\x63\x6f\x6e\x6e\x28\x69\x64\x20\x3e\x3e\x20\x33\x32\
\x2c\x20\x73\x73\x6c\x29\x3b\0\x20\x20\x20\x20\x73\x74\x72\x75\x63\x74\x20\x63\
\x6f\x6e\x6e\x5f\x69\x6e\x66\x6f\x20\x2a\x63\x69\x20\x3d\x20\x62\x70\x66\x5f\
\x6d\x61\x70\x5f\x6c\x6f\x6f\x6b\x75\x70\x5f\x65\x6c\x65\x6d\x28\x26\x63\x6f\
\x6e\x6e\x73\x2c\x20\x26\x6b\x29\x3b\0\x20\x20\x20\x20\x69\x66\x20\x28\x63\x69\
\x29\0\x20\x20\x20\x20\x5f\x5f\x75\x36\x34\x20\x63\x6f\x6e\x6e\x5f\x69\x64\x20\
\x3d\x20\x63\x69\x20\x3f\x20\x63\x69\x2d\x3e\x63\x6f\x6e\x6e\x5f\x69\x64\x20\
\x3a\x20\x30\x3b\0\x20\x20\x20\x20\x7d\x20\x65\x6c\x73\x65\x20\x69\x66\x20\x28\
\x72\x65\x74\x20\x3e\x20\x30\x29\x20\x7b\0\x20\x20\x20\x20\x5f\x5f\x75\x33\x32\
\x20\x69\x64\x78\x20\x3d\x20\x53\x54\x41\x54\x5f\x4e\x45\x58\x54\x5f\x43\x4f\
\x4e\x4e\x3b\0\x20\x20\x20\x20\x5f\x5f\x75\x36\x34\x20\x2a\x63\x74\x72\x20\x3d\
\x20\x62\x70\x66\x5f\x6d\x61\x70\x5f\x6c\x6f\x6f\x6b\x75\x70\x5f\x65\x6c\x65\
\x6d\x28\x26\x73\x74\x61\x74\x73\x2c\x20\x26\x69\x64\x78\x29\x3b\0\x20\x20\x20\
\x20\x69\x66\x20\x28\x21\x63\x74\x72\x29\0\x20\x20\x20\x20\x73\x74\x72\x75\x63\
\x74\x20\x63\x6f\x6e\x6e\x5f\x69\x6e\x66\x6f\x20\x66\x72\x65\x73\x68\x20\x3d\
\x20\x7b\x20\x2e\x63\x6f\x6e\x6e\x5f\x69\x64\x20\x3d\x20\x5f\x5f\x73\x79\x6e\
\x63\x5f\x66\x65\x74\x63\x68\x5f\x61\x6e\x64\x5f\x61\x64\x64\x28\x63\x74\x72\
\x2c\x20\x31\x29\x20\x2b\x20\x31\x2c\x20\x2e\x66\x64\x20\x3d\x20\x2d\x31\x20\
\x7d\x3b\0\x20\x20\x20\x20\x62\x70\x66\x5f\x6d\x61\x70\x5f\x75\x70\x64\x61\x74\
\x65\x5f\x65\x6c\x65\x6d\x28\x26\x63\x6f\x6e\x6e\x73\x2c\x20\x26\x6b\x2c\x20\
\x26\x66\x72\x65\x73\x68\x2c\x20\x42\x50\x46\x5f\x4e\x4f\x45\x58\x49\x53\x54\
\x29\x3b\0\x20\x20\x20\x20\x72\x65\x74\x75\x72\x6e\x20\x62\x70\x66\x5f\x6d\x61\
\x70\x5f\x6c\x6f\x6f\x6b\x75\x70\x5f\x65\x6c\x65\x6d\x28\x26\x63\x6f\x6e\x6e\
\x73\x2c\x20\x26\x6b\x29\x3b\0\x20\x20\x20\x20\x5f\x5f\x73\x33\x32\x20\x66\x64\
\x20\x20\x20\x20\x20\x20\x3d\x20\x63\x69\x20\x3f\x20\x63\x69\x2d\x3e\x66\x64\
\x20\x3a\x20\x2d\x31\x3b\0\x20\x20\x20\x20\x20\x20\x20\x20\x69\x66\x20\x28\x6f\
\x66\x66\x20\x3e\x3d\x20\x74\x6f\x74\x61\x6c\x29\0\x20\x20\x20\x20\x20\x20\x20\
\x20\x73\x74\x72\x75\x63\x74\x20\x73\x73\x6c\x5f\x65\x76\x65\x6e\x74\x20\x2a\
\x65\x20\x3d\x20\x62\x70\x66\x5f\x72\x69\x6e\x67\x62\x75\x66\x5f\x72\x65\x73\
\x65\x72\x76\x65\x28\x26\x65\x76\x65\x6e\x74\x73\x2c\x20\x73\x69\x7a\x65\x6f\
\x66\x28\x2a\x65\x29\x2c\x20\x30\x29\x3b\0\x20\x20\x20\x20\x20\x20\x20\x20\x69\
\x66\x20\x28\x21\x65\x29\x20\x7b\0\x20\x20\x20\x20\x5f\x5f\x75\x36\x34\x20\x2a\
\x76\x20\x3d\x20\x62\x70\x66\x5f\x6d\x61\x70\x5f\x6c\x6f\x6f\x6b\x75\x70\x5f\
\x65\x6c\x65\x6d\x28\x26\x73\x74\x61\x74\x73\x2c\x20\x26\x69\x64\x78\x29\x3b\0\
\x20\x20\x20\x20\x69\x66\x20\x28\x76\x29\0\x20\x20\x20\x20\x20\x20\x20\x20\x5f\
\x5f\x73\x79\x6e\x63\x5f\x66\x65\x74\x63\x68\x5f\x61\x6e\x64\x5f\x61\x64\x64\
\x28\x76\x2c\x20\x31\x29\x3b\0\x20\x20\x20\x20\x62\x70\x66\x5f\x6d\x61\x70\x5f\
\x64\x65\x6c\x65\x74\x65\x5f\x65\x6c\x65\x6d\x28\x26\x61\x63\x74\x69\x76\x65\
\x5f\x63\x61\x6c\x6c\x73\x2c\x20\x26\x69\x64\x29\x3b\0\x20\x20\x20\x20\x20\x20\
\x20\x20\x65\x2d\x3e\x74\x73\x5f\x6e\x73\x20\x20\x20\x20\x20\x3d\x20\x62\x70\
\x66\x5f\x6b\x74\x69\x6d\x65\x5f\x67\x65\x74\x5f\x6e\x73\x28\x29\x3b\0\x20\x20\
\x20\x20\x20\x20\x20\x20\x65\x2d\x3e\x64\x69\x72\x20\x20\x20\x20\x20\x20\x20\
\x3d\x20\x64\x69\x72\x3b\0\x20\x20\x20\x20\x20\x20\x20\x20\x65\x2d\x3e\x74\x6f\
\x74\x61\x6c\x5f\x6c\x65\x6e\x20\x3d\x20\x74\x6f\x74\x61\x6c\x3b\0\x20\x20\x20\
\x20\x20\x20\x20\x20\x65\x2d\x3e\x66\x64\x20\x20\x20\x20\x20\x20\x20\x20\x3d\
\x20\x66\x64\x3b\0\x20\x20\x20\x20\x20\x20\x20\x20\x65\x2d\x3e\x74\x69\x64\x20\
\x20\x20\x20\x20\x20\x20\x3d\x20\x28\x5f\x5f\x75\x33\x32\x29\x69\x64\x3b\0\x20\
\x20\x20\x20\x20\x20\x20\x20\x65\x2d\x3e\x70\x69\x64\x20\x20\x20\x20\x20\x20\
\x20\x3d\x20\x69\x64\x20\x3e\x3e\x20\x33\x32\x3b\0\x20\x20\x20\x20\x20\x20\x20\
\x20\x65\x2d\x3e\x73\x73\x6c\x5f\x70\x74\x72\x20\x20\x20\x3d\x20\x73\x73\x6c\
\x3b\0\x20\x20\x20\x20\x20\x20\x20\x20\x65\x2d\x3e\x63\x6f\x6e\x6e\x5f\x69\x64\
\x20\x20\x20\x3d\x20\x63\x6f\x6e\x6e\x5f\x69\x64\x3b\0\x20\x20\x20\x20\x20\x20\
\x20\x20\x5f\x5f\x62\x75\x69\x6c\x74\x69\x6e\x5f\x6d\x65\x6d\x73\x65\x74\x28\
\x65\x2d\x3e\x70\x61\x64\x2c\x20\x30\x2c\x20\x73\x69\x7a\x65\x6f\x66\x28\x65\
\x2d\x3e\x70\x61\x64\x29\x29\x3b\0\x20\x20\x20\x20\x20\x20\x20\x20\x65\x2d\x3e\
\x63\x68\x75\x6e\x6b\x20\x20\x20\x20\x20\x3d\x20\x69\x3b\0\x20\x20\x20\x20\x20\
\x20\x20\x20\x62\x70\x66\x5f\x67\x65\x74\x5f\x63\x75\x72\x72\x65\x6e\x74\x5f\
\x63\x6f\x6d\x6d\x28\x26\x65\x2d\x3e\x63\x6f\x6d\x6d\x2c\x20\x73\x69\x7a\x65\
\x6f\x66\x28\x65\x2d\x3e\x63\x6f\x6d\x6d\x29\x29\x3b\0\x20\x20\x20\x20\x20\x20\
\x20\x20\x69\x66\x20\x28\x62\x70\x66\x5f\x70\x72\x6f\x62\x65\x5f\x72\x65\x61\
\x64\x5f\x75\x73\x65\x72\x28\x65\x2d\x3e\x64\x61\x74\x61\x2c\x20\x6e\x2c\x20\
\x28\x63\x6f\x6e\x73\x74\x20\x63\x68\x61\x72\x20\x2a\x29\x62\x75\x66\x20\x2b\
\x20\x6f\x66\x66\x29\x29\x20\x7b\0\x20\x20\x20\x20\x20\x20\x20\x20\x20\x20\x20\
\x20\x62\x70\x66\x5f\x72\x69\x6e\x67\x62\x75\x66\x5f\x64\x69\x73\x63\x61\x72\
\x64\x28\x65\x2c\x20\x30\x29\x3b\0\x20\x20\x20\x20\x20\x20\x20\x20\x65\x2d\x3e\
\x64\x61\x74\x61\x5f\x6c\x65\x6e\x20\x3d\x20\x6e\x3b\0\x20\x20\x20\x20\x20\x20\
\x20\x20\x62\x70\x66\x5f\x72\x69\x6e\x67\x62\x75\x66\x5f\x73\x75\x62\x6d\x69\
\x74\x28\x65\x2c\x20\x30\x29\x3b\0\x73\x73\x6c\x5f\x72\x65\x61\x64\x5f\x65\x6e\
\x74\x65\x72\0\x69\x6e\x74\x20\x42\x50\x46\x5f\x4b\x50\x52\x4f\x42\x45\x28\x73\
\x73\x6c\x5f\x72\x65\x61\x64\x5f\x65\x6e\x74\x65\x72\x2c\x20\x76\x6f\x69\x64\
\x20\x2a\x73\x73\x6c\x2c\x20\x76\x6f\x69\x64\x20\x2a\x62\x75\x66\x2c\x20\x69\
\x6e\x74\x20\x6e\x75\x6d\x29\0\x7b\x20\x72\x65\x74\x75\x72\x6e\x20\x65\x6e\x74\
\x65\x72\x28\x73\x73\x6c\x2c\x20\x62\x75\x66\x2c\x20\x6e\x75\x6d\x2c\x20\x30\
\x2c\x20\x44\x49\x52\x5f\x52\x45\x41\x44\x2c\x20\x30\x29\x3b\x20\x7d\0\x73\x73\
\x6c\x5f\x72\x65\x61\x64\x5f\x6c\x65\x61\x76\x65\0\x69\x6e\x74\x20\x42\x50\x46\
\x5f\x4b\x52\x45\x54\x50\x52\x4f\x42\x45\x28\x73\x73\x6c\x5f\x72\x65\x61\x64\
\x5f\x6c\x65\x61\x76\x65\x2c\x20\x69\x6e\x74\x20\x72\x65\x74\x29\x20\x7b\x20\
\x72\x65\x74\x75\x72\x6e\x20\x6c\x65\x61\x76\x65\x28\x72\x65\x74\x29\x3b\x20\
\x7d\0\x73\x73\x6c\x5f\x77\x72\x69\x74\x65\x5f\x65\x78\x5f\x65\x6e\x74\x65\x72\
\0\x69\x6e\x74\x20\x42\x50\x46\x5f\x4b\x50\x52\x4f\x42\x45\x28\x73\x73\x6c\x5f\
\x77\x72\x69\x74\x65\x5f\x65\x78\x5f\x65\x6e\x74\x65\x72\x2c\x20\x76\x6f\x69\
\x64\x20\x2a\x73\x73\x6c\x2c\x20\x63\x6f\x6e\x73\x74\x20\x76\x6f\x69\x64\x20\
\x2a\x62\x75\x66\x2c\x20\x73\x69\x7a\x65\x5f\x74\x20\x6e\x75\x6d\x2c\0\x30\x3a\
\x31\x31\0\x73\x73\x6c\x5f\x77\x72\x69\x74\x65\x5f\x65\x78\x5f\x6c\x65\x61\x76\
\x65\0\x69\x6e\x74\x20\x42\x50\x46\x5f\x4b\x52\x45\x54\x50\x52\x4f\x42\x45\x28\
\x73\x73\x6c\x5f\x77\x72\x69\x74\x65\x5f\x65\x78\x5f\x6c\x65\x61\x76\x65\x2c\
\x20\x69\x6e\x74\x20\x72\x65\x74\x29\x20\x7b\x20\x72\x65\x74\x75\x72\x6e\x20\
\x6c\x65\x61\x76\x65\x28\x72\x65\x74\x29\x3b\x20\x7d\0\x73\x73\x6c\x5f\x72\x65\
\x61\x64\x5f\x65\x78\x5f\x65\x6e\x74\x65\x72\0\x69\x6e\x74\x20\x42\x50\x46\x5f\
\x4b\x50\x52\x4f\x42\x45\x28\x73\x73\x6c\x5f\x72\x65\x61\x64\x5f\x65\x78\x5f\
\x65\x6e\x74\x65\x72\x2c\x20\x76\x6f\x69\x64\x20\x2a\x73\x73\x6c\x2c\x20\x76\
\x6f\x69\x64\x20\x2a\x62\x75\x66\x2c\x20\x73\x69\x7a\x65\x5f\x74\x20\x6e\x75\
\x6d\x2c\0\x73\x73\x6c\x5f\x72\x65\x61\x64\x5f\x65\x78\x5f\x6c\x65\x61\x76\x65\
\0\x69\x6e\x74\x20\x42\x50\x46\x5f\x4b\x52\x45\x54\x50\x52\x4f\x42\x45\x28\x73\
\x73\x6c\x5f\x72\x65\x61\x64\x5f\x65\x78\x5f\x6c\x65\x61\x76\x65\x2c\x20\x69\
\x6e\x74\x20\x72\x65\x74\x29\x20\x7b\x20\x72\x65\x74\x75\x72\x6e\x20\x6c\x65\
\x61\x76\x65\x28\x72\x65\x74\x29\x3b\x20\x7d\0\x73\x73\x6c\x5f\x73\x65\x74\x5f\
\x66\x64\x5f\x65\x6e\x74\x65\x72\0\x69\x6e\x74\x20\x42\x50\x46\x5f\x4b\x50\x52\
\x4f\x42\x45\x28\x73\x73\x6c\x5f\x73\x65\x74\x5f\x66\x64\x5f\x65\x6e\x74\x65\
\x72\x2c\x20\x76\x6f\x69\x64\x20\x2a\x73\x73\x6c\x2c\x20\x69\x6e\x74\x20\x66\
\x64\x29\0\x20\x20\x20\x20\x73\x74\x72\x75\x63\x74\x20\x63\x6f\x6e\x6e\x5f\x69\
\x6e\x66\x6f\x20\x2a\x63\x69\x20\x3d\x20\x67\x65\x74\x5f\x63\x6f\x6e\x6e\x28\
\x62\x70\x66\x5f\x67\x65\x74\x5f\x63\x75\x72\x72\x65\x6e\x74\x5f\x70\x69\x64\
\x5f\x74\x67\x69\x64\x28\x29\x20\x3e\x3e\x20\x33\x32\x2c\x20\x28\x5f\x5f\x75\
\x36\x34\x29\x73\x73\x6c\x29\x3b\0\x20\x20\x20\x20\x20\x20\x20\x20\x63\x69\x2d\
\x3e\x66\x64\x20\x3d\x20\x66\x64\x3b\0\x73\x73\x6c\x5f\x66\x72\x65\x65\x5f\x65\
\x6e\x74\x65\x72\0\x69\x6e\x74\x20\x42\x50\x46\x5f\x4b\x50\x52\x4f\x42\x45\x28\
\x73\x73\x6c\x5f\x66\x72\x65\x65\x5f\x65\x6e\x74\x65\x72\x2c\x20\x76\x6f\x69\
\x64\x20\x2a\x73\x73\x6c\x29\0\x20\x20\x20\x20\x73\x74\x72\x75\x63\x74\x20\x63\
\x6f\x6e\x6e\x5f\x6b\x65\x79\x20\x6b\x20\x3d\x20\x7b\x20\x2e\x70\x69\x64\x20\
\x3d\x20\x69\x64\x20\x3e\x3e\x20\x33\x32\x2c\x20\x2e\x73\x73\x6c\x20\x3d\x20\
\x28\x5f\x5f\x75\x36\x34\x29\x73\x73\x6c\x20\x7d\x3b\0\x20\x20\x20\x20\x69\x66\
\x20\x28\x21\x63\x69\x29\0\x20\x20\x20\x20\x73\x74\x72\x75\x63\x74\x20\x73\x73\
\x6c\x5f\x65\x76\x65\x6e\x74\x20\x2a\x65\x20\x3d\x20\x62\x70\x66\x5f\x72\x69\
\x6e\x67\x62\x75\x66\x5f\x72\x65\x73\x65\x72\x76\x65\x28\x26\x65\x76\x65\x6e\
\x74\x73\x2c\x20\x73\x69\x7a\x65\x6f\x66\x28\x2a\x65\x29\x2c\x20\x30\x29\x3b\0\
\x20\x20\x20\x20\x69\x66\x20\x28\x65\x29\x20\x7b\0\x20\x20\x20\x20\x20\x20\x20\
\x20\x5f\x5f\x62\x75\x69\x6c\x74\x69\x6e\x5f\x6d\x65\x6d\x73\x65\x74\x28\x65\
\x2c\x20\x30\x2c\x20\x5f\x5f\x62\x75\x69\x6c\x74\x69\x6e\x5f\x6f\x66\x66\x73\
\x65\x74\x6f\x66\x28\x73\x74\x72\x75\x63\x74\x20\x73\x73\x6c\x5f\x65\x76\x65\
\x6e\x74\x2c\x20\x64\x61\x74\x61\x29\x29\x3b\0\x20\x20\x20\x20\x20\x20\x20\x20\
\x65\x2d\x3e\x74\x73\x5f\x6e\x73\x20\x20\x20\x3d\x20\x62\x70\x66\x5f\x6b\x74\
\x69\x6d\x65\x5f\x67\x65\x74\x5f\x6e\x73\x28\x29\x3b\0\x20\x20\x20\x20\x20\x20\
\x20\x20\x65\x2d\x3e\x63\x6f\x6e\x6e\x5f\x69\x64\x20\x3d\x20\x63\x69\x2d\x3e\
\x63\x6f\x6e\x6e\x5f\x69\x64\x3b\0\x20\x20\x20\x20\x20\x20\x20\x20\x65\x2d\x3e\
\x73\x73\x6c\x5f\x70\x74\x72\x20\x3d\x20\x28\x5f\x5f\x75\x36\x34\x29\x73\x73\
\x6c\x3b\0\x20\x20\x20\x20\x20\x20\x20\x20\x65\x2d\x3e\x70\x69\x64\x20\x20\x20\
\x20\x20\x3d\x20\x69\x64\x20\x3e\x3e\x20\x33\x32\x3b\0\x20\x20\x20\x20\x20\x20\
\x20\x20\x65\x2d\x3e\x74\x69\x64\x20\x20\x20\x20\x20\x3d\x20\x28\x5f\x5f\x75\
\x33\x32\x29\x69\x64\x3b\0\x20\x20\x20\x20\x20\x20\x20\x20\x65\x2d\x3e\x66\x64\
\x20\x20\x20\x20\x20\x20\x3d\x20\x63\x69\x2d\x3e\x66\x64\x3b\0\x20\x20\x20\x20\
\x20\x20\x20\x20\x65\x2d\x3e\x64\x69\x72\x20\x20\x20\x20\x20\x3d\x20\x44\x49\
\x52\x5f\x43\x4c\x4f\x53\x45\x3b\0\x20\x20\x20\x20\x7d\x20\x65\x6c\x73\x65\x20\
\x7b\0\x20\x20\x20\x20\x62\x70\x66\x5f\x6d\x61\x70\x5f\x64\x65\x6c\x65\x74\x65\
\x5f\x65\x6c\x65\x6d\x28\x26\x63\x6f\x6e\x6e\x73\x2c\x20\x26\x6b\x29\x3b\x72\
\x65\x74\x75\x72\x6e\x20\x30\x3b\0\x63\x68\x61\x72\0\x4c\x49\x43\x45\x4e\x53\
\x45\0\x2e\x6d\x61\x70\x73\0\x6c\x69\x63\x65\x6e\x73\x65\0\0\0\x9f\xeb\x01\0\
\x20\0\0\0\0\0\0\0\x64\0\0\0\x64\0\0\0\x64\x3a\0\0\xc8\x3a\0\0\x64\x01\0\0\x08\
\0\0\0\xb1\x01\0\0\x06\0\0\0\0\0\0\0\x32\0\0\0\xb8\0\0\0\x36\0\0\0\x78\x01\0\0\
\x3a\0\0\0\x30\x02\0\0\x3e\0\0\0\xe8\x02\0\0\x42\0\0\0\x68\x04\0\0\x44\0\0\0\
\x43\x03\0\0\x04\0\0\0\0\0\0\0\x34\0\0\0\xf8\x0f\0\0\x38\0\0\0\xf0\x1f\0\0\x3c\
\0\0\0\xe8\x2f\0\0\x40\0\0\0\x10\0\0\0\xb1\x01\0\0\x4d\0\0\0\0\0\0\0\xbd\x01\0\
\0\xfe\x01\0\0\x05\xe0\x02\0\x18\0\0\0\xbd\x01\0\0\x4d\x02\0\0\x10\x64\x02\0\
\x20\0\0\0\xbd\x01\0\0\x4d\x02\0\0\x0b\x64\x02\0\x28\0\0\0\xbd\x01\0\0\x78\x02\
\0\0\x1a\xe4\x02\0\x38\0\0\0\xbd\x01\0\0\xaa\x02\0\0\x1a\x68\x02\0\x88\0\0\0\
\xbd\x01\0\0\xf9\x02\0\0\x05\x70\x02\0\xa8\0\0\0\xbd\x01\0\0\xfe\x01\0\0\x05\
\xe0\x02\0\xb8\0\0\0\xbd\x01\0\0\x80\x0a\0\0\x05\xf8\x02\0\xd0\0\0\0\xbd\x01\0\
\0\x4d\x02\0\0\x10\x64\x02\0\xd8\0\0\0\xbd\x01\0\0\x4d\x02\0\0\x0b\x64\x02\0\
\xe8\0\0\0\xbd\x01\0\0\xaa\x02\0\0\x1a\x68\x02\0\xf0\0\0\0\xbd\x01\0\0\xbe\x0a\
\0\0\x1a\xfc\x02\0\0\x01\0\0\xbd\x01\0\0\xaa\x02\0\0\x1a\x68\x02\0\x48\x01\0\0\
\xbd\x01\0\0\xf9\x02\0\0\x05\x70\x02\0\x68\x01\0\0\xbd\x01\0\0\x80\x0a\0\0\x05\
\xf8\x02\0\x78\x01\0\0\xbd\x01\0\0\x53\x0b\0\0\x05\x10\x03\0\x98\x01\0\0\xbd\
\x01\0\0\x4d\x02\0\0\x10\x64\x02\0\xa0\x01\0\0\xbd\x01\0\0\x4d\x02\0\0\x0b\x64\
\x02\0\xb8\x01\0\0\xbd\x01\0\0\xaa\x02\0\0\x1a\x68\x02\0\0\x02\0\0\xbd\x01\0\0\
\xf9\x02\0\0\x05\x70\x02\0\x20\x02\0\0\xbd\x01\0\0\x53\x0b\0\0\x05\x10\x03\0\
\x30\x02\0\0\xbd\x01\0\0\x0e\x0c\0\0\x05\x2c\x03\0\x50\x02\0\0\xbd\x01\0\0\x4d\
\x02\0\0\x10\x64\x02\0\x58\x02\0\0\xbd\x01\0\0\x4d\x02\0\0\x0b\x64\x02\0\x70\
\x02\0\0\xbd\x01\0\0\xaa\x02\0\0\x1a\x68\x02\0\xb8\x02\0\0\xbd\x01\0\0\xf9\x02\
\0\0\x05\x70\x02\0\xd8\x02\0\0\xbd\x01\0\0\x0e\x0c\0\0\x05\x2c\x03\0\xe8\x02\0\
\0\xbd\x01\0\0\xba\x0c\0\0\x05\x48\x03\0\xf8\x02\0\0\xbd\x01\0\0\xee\x0c\0\0\
\x25\x50\x03\0\0\x03\0\0\xbd\x01\0\0\x01\x05\0\0\x19\x68\x01\0\x18\x03\0\0\xbd\
\x01\0\0\xee\x0c\0\0\x40\x50\x03\0\x20\x03\0\0\xbd\x01\0\0\x01\x05\0\0\x19\x68\
\x01\0\x38\x03\0\0\xbd\x01\0\0\x69\x05\0\0\x1c\x6c\x01\0\x50\x03\0\0\xbd\x01\0\
\0\xa5\x05\0\0\x09\x70\x01\0\x58\x03\0\0\xbd\x01\0\0\xa5\x05\0\0\x09\x54\x03\0\
\x68\x03\0\0\xbd\x01\0\0\xf5\x05\0\0\x0b\x7c\x01\0\x80\x03\0\0\xbd\x01\0\0\x15\
\x06\0\0\x12\x80\x01\0\x98\x03\0\0\xbd\x01\0\0\x49\x06\0\0\x09\x84\x01\0\xa0\
\x03\0\0\xbd\x01\0\0\xa5\x05\0\0\x09\x54\x03\0\xa8\x03\0\0\xbd\x01\0\0\x57\x06\
\0\0\x2b\x8c\x01\0\xc8\x03\0\0\xbd\x01\0\0\x57\x06\0\0\x1e\x8c\x01\0\xd0\x03\0\
\0\xbd\x01\0\0\x57\x06\0\0\x48\x8c\x01\0\xd8\x03\0\0\xbd\x01\0\0\x57\x06\0\0\
\x1e\x8c\x01\0\0\x04\0\0\xbd\x01\0\0\xaf\x06\0\0\x05\x90\x01\0\x28\x04\0\0\xbd\
\x01\0\0\xe9\x06\0\0\x0c\x94\x01\0\x48\x04\0\0\xbd\x01\0\0\xa5\x05\0\0\x09\x54\
\x03\0\x50\x04\0\0\xbd\x01\0\0\x41\x0d\0\0\x10\x58\x03\0\x58\x04\0\0\xbd\x01\0\
\0\xba\x0c\0\0\x05\x48\x03\0\x68\x04\0\0\xbd\x01\0\0\x65\x0d\0\0\x05\x6c\x03\0\
\x70\x04\0\0\xbd\x01\0\0\x4d\x02\0\0\x10\x74\x03\0\x88\x04\0\0\xbd\x01\0\0\x8f\
\x0d\0\0\x19\x78\x03\0\x98\x04\0\0\xbd\x01\0\0\x8f\x0d\0\0\x25\x78\x03\0\xa8\
\x04\0\0\xbd\x01\0\0\x8f\x0d\0\0\x19\x78\x03\0\xc0\x04\0\0\xbd\x01\0\0\x69\x05\
\0\0\x1c\x7c\x03\0\xe0\x04\0\0\xbd\x01\0\0\xcf\x0d\0\0\x09\x80\x03\0\xf8\x04\0\
\0\xbd\x01\0\0\xdc\x0d\0\0\x1b\x8c\x03\0\x20\x05\0\0\xbd\x01\0\0\x23\x0e\0\0\
\x09\x90\x03\0\x28\x05\0\0\xbd\x01\0\0\x30\x0e\0\0\x09\x94\x03\0\x78\x05\0\0\
\xbd\x01\0\0\x7c\x0e\0\0\x16\x98\x03\0\x80\x05\0\0\xbd\x01\0\0\x7c\x0e\0\0\x14\
\x98\x03\0\x88\x05\0\0\xbd\x01\0\0\xa5\x0e\0\0\x1a\x9c\x03\0\x90\x05\0\0\xbd\
\x01\0\0\xa5\x0e\0\0\x14\x9c\x03\0\x98\x05\0\0\xbd\x01\0\0\xc7\x0e\0\0\x14\xa0\
\x03\0\xa8\x05\0\0\xbd\x01\0\0\xe8\x0e\0\0\x14\xa4\x03\0\xb0\x05\0\0\xbd\x01\0\
\0\x07\x0f\0\0\x14\xa8\x03\0\xb8\x05\0\0\xbd\x01\0\0\x27\x0f\0\0\x1a\xac\x03\0\
\xc0\x05\0\0\xbd\x01\0\0\x27\x0f\0\0\x14\xac\x03\0\xd0\x05\0\0\xbd\x01\0\0\x44\
\x0f\0\0\x14\xb0\x03\0\xd8\x05\0\0\xbd\x01\0\0\x30\x0e\0\0\x09\x94\x03\0\xe8\
\x05\0\0\xbd\x01\0\0\x8e\x09\0\0\x09\xb4\x03\0\xf8\x05\0\0\xbd\x01\0\0\x4f\x0a\
\0\0\x09\xb8\x03\0\x10\x06\0\0\xbd\x01\0\0\x64\x0f\0\0\x05\xbc\x03\0\x38\x06\0\
\0\xbd\x01\0\0\xb2\x07\0\0\x10\x4c\x01\0\x50\x06\0\0\xbd\x01\0\0\xe4\x07\0\0\
\x09\x50\x01\0\x60\x06\0\0\xbd\x01\0\0\xef\x07\0\0\x09\x54\x01\0\x78\x06\0\0\
\xbd\x01\0\0\x71\x0f\0\0\x05\xc8\x03\0\x90\x06\0\0\xbd\x01\0\0\x65\x0d\0\0\x05\
\x6c\x03\0\x43\x03\0\0\x58\x03\0\0\0\0\0\0\xbd\x01\0\0\x52\x03\0\0\x05\xec\x02\
\0\x08\0\0\0\xbd\x01\0\0\x4d\x02\0\0\x10\x88\x02\0\x10\0\0\0\xbd\x01\0\0\x4d\
\x02\0\0\x0b\x88\x02\0\x28\0\0\0\xbd\x01\0\0\x95\x03\0\0\x1b\x8c\x02\0\x40\0\0\
\0\xbd\x01\0\0\xd8\x03\0\0\x09\x90\x02\0\x48\0\0\0\xbd\x01\0\0\xe4\x03\0\0\x0c\
\xa0\x02\0\x50\0\0\0\xbd\x01\0\0\xe4\x03\0\0\x09\xa0\x02\0\x58\0\0\0\xbd\x01\0\
\0\xf5\x03\0\0\x16\xa4\x02\0\x60\0\0\0\xbd\x01\0\0\xf5\x03\0\0\x1c\xa4\x02\0\
\x68\0\0\0\xbd\x01\0\0\xf5\x03\0\0\x16\xa4\x02\0\x80\0\0\0\xbd\x01\0\0\x18\x04\
\0\0\x13\xa8\x02\0\x98\0\0\0\xbd\x01\0\0\x34\x04\0\0\x0d\xac\x02\0\xa8\0\0\0\
\xbd\x01\0\0\x7b\x04\0\0\x13\xb0\x02\0\xd8\0\0\0\xbd\x01\0\0\xbb\x04\0\0\x09\
\xc4\x02\0\xe0\0\0\0\xbd\x01\0\0\xc8\x04\0\0\x34\xc8\x02\0\xe8\0\0\0\xbd\x01\0\
\0\xc8\x04\0\0\x27\xc8\x02\0\xf0\0\0\0\xbd\x01\0\0\xc8\x04\0\0\x11\xc8\x02\0\
\xf8\0\0\0\xbd\x01\0\0\x4d\x02\0\0\x10\xa8\x01\0\x08\x01\0\0\xbd\x01\0\0\x01\
\x05\0\0\x19\x68\x01\0\x20\x01\0\0\xbd\x01\0\0\x35\x05\0\0\x28\xac\x01\0\x30\
\x01\0\0\xbd\x01\0\0\x01\x05\0\0\x19\x68\x01\0\x48\x01\0\0\xbd\x01\0\0\x69\x05\
\0\0\x1c\x6c\x01\0\x60\x01\0\0\xbd\x01\0\0\xa5\x05\0\0\x09\x70\x01\0\x78\x01\0\
\0\xbd\x01\0\0\xb1\x05\0\0\x15\xb0\x01\0\x88\x01\0\0\xbd\x01\0\0\xdb\x05\0\0\
\x14\xb8\x02\0\xa0\x01\0\0\xbd\x01\0\0\xf5\x05\0\0\x0b\x7c\x01\0\xb8\x01\0\0\
\xbd\x01\0\0\x15\x06\0\0\x12\x80\x01\0\xd0\x01\0\0\xbd\x01\0\0\x49\x06\0\0\x09\
\x84\x01\0\xe8\x01\0\0\xbd\x01\0\0\xb1\x05\0\0\x15\xb0\x01\0\xf0\x01\0\0\xbd\
\x01\0\0\x57\x06\0\0\x2b\x8c\x01\0\x10\x02\0\0\xbd\x01\0\0\x57\x06\0\0\x1e\x8c\
\x01\0\x18\x02\0\0\xbd\x01\0\0\x57\x06\0\0\x48\x8c\x01\0\x20\x02\0\0\xbd\x01\0\
\0\x57\x06\0\0\x1e\x8c\x01\0\x48\x02\0\0\xbd\x01\0\0\xaf\x06\0\0\x05\x90\x01\0\
\x70\x02\0\0\xbd\x01\0\0\xe9\x06\0\0\x0c\x94\x01\0\xa0\x02\0\0\xbd\x01\0\0\xb1\
\x05\0\0\x15\xb0\x01\0\xa8\x02\0\0\xbd\x01\0\0\x15\x07\0\0\x1e\xb4\x01\0\xb0\
\x02\0\0\xbd\x01\0\0\xb1\x05\0\0\x1e\xb0\x01\0\xb8\x02\0\0\xbd\x01\0\0\x3b\x07\
\0\0\x11\xc8\x01\0\xd8\x02\0\0\xbd\x01\0\0\x55\x07\0\0\x1f\xec\x01\0\x08\x03\0\
\0\xbd\x01\0\0\xa0\x07\0\0\x0d\xf0\x01\0\x30\x03\0\0\xbd\x01\0\0\xb2\x07\0\0\
\x10\x4c\x01\0\x48\x03\0\0\xbd\x01\0\0\xe4\x07\0\0\x09\x50\x01\0\x58\x03\0\0\
\xbd\x01\0\0\xef\x07\0\0\x09\x54\x01\0\x70\x03\0\0\xbd\x01\0\0\x13\x08\0\0\x05\
\xcc\x02\0\x88\x03\0\0\xbd\x01\0\0\x52\x03\0\0\x05\xec\x02\0\xb0\x03\0\0\xbd\
\x01\0\0\x40\x08\0\0\x18\0\x02\0\xc8\x03\0\0\xbd\x01\0\0\x6b\x08\0\0\x16\x20\
\x02\0\xd0\x03\0\0\xbd\x01\0\0\x87\x08\0\0\x16\x18\x02\0\xd8\x03\0\0\xbd\x01\0\
\0\xa5\x08\0\0\x16\x14\x02\0\xe8\x03\0\0\xbd\x01\0\0\xc0\x08\0\0\x16\x10\x02\0\
\xf8\x03\0\0\xbd\x01\0\0\xe2\x08\0\0\x16\x0c\x02\0\x10\x04\0\0\xbd\x01\0\0\x03\
\x09\0\0\x16\x08\x02\0\x20\x04\0\0\xbd\x01\0\0\x1f\x09\0\0\x16\x04\x02\0\x28\
\x04\0\0\xbd\x01\0\0\x40\x08\0\0\x16\0\x02\0\x38\x04\0\0\xbd\x01\0\0\x3f\x09\0\
\0\x09\x24\x02\0\x68\x04\0\0\xbd\x01\0\0\x74\x09\0\0\x16\x1c\x02\0\x70\x04\0\0\
\xbd\x01\0\0\x3f\x09\0\0\x09\x24\x02\0\x78\x04\0\0\xbd\x01\0\0\x8e\x09\0\0\x22\
\x28\x02\0\x88\x04\0\0\xbd\x01\0\0\x8e\x09\0\0\x09\x28\x02\0\x98\x04\0\0\xbd\
\x01\0\0\xc7\x09\0\0\x24\x30\x02\0\xa8\x04\0\0\xbd\x01\0\0\xc7\x09\0\0\x0d\x30\
\x02\0\xc8\x04\0\0\xbd\x01\0\0\x0f\x0a\0\0\x0d\x34\x02\0\0\x05\0\0\xbd\x01\0\0\
\xb2\x07\0\0\x10\x4c\x01\0\x18\x05\0\0\xbd\x01\0\0\xe4\x07\0\0\x09\x50\x01\0\
\x30\x05\0\0\xbd\x01\0\0\x36\x0a\0\0\x15\x44\x02\0\x38\x05\0\0\xbd\x01\0\0\x4f\
\x0a\0\0\x09\x48\x02\0\x58\x05\0\0\xbd\x01\0\0\x3b\x07\0\0\x11\xc8\x01\0\x60\
\x05\0\0\xbd\x01\0\0\x55\x07\0\0\x1f\xec\x01\0\x90\x05\0\0\xbd\x01\0\0\xa0\x07\
\0\0\x0d\xf0\x01\0\x98\x05\0\0\xbd\x01\0\0\x40\x08\0\0\x18\0\x02\0\xa0\x05\0\0\
\xbd\x01\0\0\x6b\x08\0\0\x16\x20\x02\0\xb8\x05\0\0\xbd\x01\0\0\x74\x09\0\0\x16\
\x1c\x02\0\xd0\x05\0\0\xbd\x01\0\0\x87\x08\0\0\x16\x18\x02\0\xd8\x05\0\0\xbd\
\x01\0\0\xa5\x08\0\0\x16\x14\x02\0\xe8\x05\0\0\xbd\x01\0\0\xc0\x08\0\0\x16\x10\
\x02\0\xf8\x05\0\0\xbd\x01\0\0\xe2\x08\0\0\x16\x0c\x02\0\x08\x06\0\0\xbd\x01\0\
\0\x03\x09\0\0\x16\x08\x02\0\x18\x06\0\0\xbd\x01\0\0\x1f\x09\0\0\x16\x04\x02\0\
\x20\x06\0\0\xbd\x01\0\0\x40\x08\0\0\x16\0\x02\0\x30\x06\0\0\xbd\x01\0\0\x3f\
\x09\0\0\x09\x24\x02\0\x68\x06\0\0\xbd\x01\0\0\x8e\x09\0\0\x22\x28\x02\0\x78\
\x06\0\0\xbd\x01\0\0\x8e\x09\0\0\x09\x28\x02\0\x88\x06\0\0\xbd\x01\0\0\xc7\x09\
\0\0\x24\x30\x02\0\x98\x06\0\0\xbd\x01\0\0\xc7\x09\0\0\x3f\x30\x02\0\xa8\x06\0\
\0\xbd\x01\0\0\xc7\x09\0\0\x0d\x30\x02\0\xc8\x06\0\0\xbd\x01\0\0\x36\x0a\0\0\
\x15\x44\x02\0\xd0\x06\0\0\xbd\x01\0\0\x4f\x0a\0\0\x09\x48\x02\0\xe8\x06\0\0\
\xbd\x01\0\0\x3b\x07\0\0\x11\xc8\x01\0\xf8\x06\0\0\xbd\x01\0\0\x55\x07\0\0\x1f\
\xec\x01\0\x28\x07\0\0\xbd\x01\0\0\xa0\x07\0\0\x0d\xf0\x01\0\x30\x07\0\0\xbd\
\x01\0\0\x40\x08\0\0\x18\0\x02\0\x38\x07\0\0\xbd\x01\0\0\x6b\x08\0\0\x16\x20\
\x02\0\x50\x07\0\0\xbd\x01\0\0\x74\x09\0\0\x16\x1c\x02\0\x60\x07\0\0\xbd\x01\0\
\0\x87\x08\0\0\x16\x18\x02\0\x68\x07\0\0\xbd\x01\0\0\xa5\x08\0\0\x16\x14\x02\0\
\x78\x07\0\0\xbd\x01\0\0\xc0\x08\0\0\x16\x10\x02\0\x88\x07\0\0\xbd\x01\0\0\xe2\
\x08\0\0\x16\x0c\x02\0\x98\x07\0\0\xbd\x01\0\0\x03\x09\0\0\x16\x08\x02\0\xa8\
\x07\0\0\xbd\x01\0\0\x1f\x09\0\0\x16\x04\x02\0\xb0\x07\0\0\xbd\x01\0\0\x40\x08\
\0\0\x16\0\x02\0\xc0\x07\0\0\xbd\x01\0\0\x3f\x09\0\0\x09\x24\x02\0\xf8\x07\0\0\
\xbd\x01\0\0\x8e\x09\0\0\x22\x28\x02\0\x08\x08\0\0\xbd\x01\0\0\x8e\x09\0\0\x09\
\x28\x02\0\x18\x08\0\0\xbd\x01\0\0\xc7\x09\0\0\x24\x30\x02\0\x28\x08\0\0\xbd\
\x01\0\0\xc7\x09\0\0\x3f\x30\x02\0\x38\x08\0\0\xbd\x01\0\0\xc7\x09\0\0\x0d\x30\
\x02\0\x50\x08\0\0\xbd\x01\0\0\x36\x0a\0\0\x15\x44\x02\0\x58\x08\0\0\xbd\x01\0\
\0\x4f\x0a\0\0\x09\x48\x02\0\x70\x08\0\0\xbd\x01\0\0\x3b\x07\0\0\x11\xc8\x01\0\
\x78\x08\0\0\xbd\x01\0\0\x55\x07\0\0\x1f\xec\x01\0\xa8\x08\0\0\xbd\x01\0\0\xa0\
\x07\0\0\x0d\xf0\x01\0\xb0\x08\0\0\xbd\x01\0\0\x40\x08\0\0\x18\0\x02\0\xb8\x08\
\0\0\xbd\x01\0\0\x6b\x08\0\0\x16\x20\x02\0\xd0\x08\0\0\xbd\x01\0\0\x74\x09\0\0\
\x16\x1c\x02\0\xe0\x08\0\0\xbd\x01\0\0\x87\x08\0\0\x16\x18\x02\0\xe8\x08\0\0\
\xbd\x01\0\0\xa5\x08\0\0\x16\x14\x02\0\xf8\x08\0\0\xbd\x01\0\0\xc0\x08\0\0\x16\
\x10\x02\0\x08\x09\0\0\xbd\x01\0\0\xe2\x08\0\0\x16\x0c\x02\0\x18\x09\0\0\xbd\
\x01\0\0\x03\x09\0\0\x16\x08\x02\0\x28\x09\0\0\xbd\x01\0\0\x1f\x09\0\0\x16\x04\
\x02\0\x30\x09\0\0\xbd\x01\0\0\x40\x08\0\0\x16\0\x02\0\x40\x09\0\0\xbd\x01\0\0\
\x3f\x09\0\0\x09\x24\x02\0\x78\x09\0\0\xbd\x01\0\0\x8e\x09\0\0\x22\x28\x02\0\
\x88\x09\0\0\xbd\x01\0\0\x8e\x09\0\0\x09\x28\x02\0\x98\x09\0\0\xbd\x01\0\0\xc7\
\x09\0\0\x24\x30\x02\0\xa8\x09\0\0\xbd\x01\0\0\xc7\x09\0\0\x3f\x30\x02\0\xb8\
\x09\0\0\xbd\x01\0\0\xc7\x09\0\0\x0d\x30\x02\0\xd0\x09\0\0\xbd\x01\0\0\x36\x0a\
\0\0\x15\x44\x02\0\xd8\x09\0\0\xbd\x01\0\0\x4f\x0a\0\0\x09\x48\x02\0\xf0\x09\0\
\0\xbd\x01\0\0\x3b\x07\0\0\x11\xc8\x01\0\xf8\x09\0\0\xbd\x01\0\0\x55\x07\0\0\
\x1f\xec\x01\0\x28\x0a\0\0\xbd\x01\0\0\xa0\x07\0\0\x0d\xf0\x01\0\x30\x0a\0\0\
\xbd\x01\0\0\x40\x08\0\0\x18\0\x02\0\x38\x0a\0\0\xbd\x01\0\0\x6b\x08\0\0\x16\
\x20\x02\0\x50\x0a\0\0\xbd\x01\0\0\x74\x09\0\0\x16\x1c\x02\0\x60\x0a\0\0\xbd\
\x01\0\0\x87\x08\0\0\x16\x18\x02\0\x68\x0a\0\0\xbd\x01\0\0\xa5\x08\0\0\x16\x14\
\x02\0\x78\x0a\0\0\xbd\x01\0\0\xc0\x08\0\0\x16\x10\x02\0\x88\x0a\0\0\xbd\x01\0\
\0\xe2\x08\0\0\x16\x0c\x02\0\x98\x0a\0\0\xbd\x01\0\0\x03\x09\0\0\x16\x08\x02\0\
\xa8\x0a\0\0\xbd\x01\0\0\x1f\x09\0\0\x16\x04\x02\0\xb0\x0a\0\0\xbd\x01\0\0\x40\
\x08\0\0\x16\0\x02\0\xc0\x0a\0\0\xbd\x01\0\0\x3f\x09\0\0\x09\x24\x02\0\xf8\x0a\
\0\0\xbd\x01\0\0\x8e\x09\0\0\x22\x28\x02\0\x08\x0b\0\0\xbd\x01\0\0\x8e\x09\0\0\
\x09\x28\x02\0\x18\x0b\0\0\xbd\x01\0\0\xc7\x09\0\0\x24\x30\x02\0\x28\x0b\0\0\
\xbd\x01\0\0\xc7\x09\0\0\x3f\x30\x02\0\x38\x0b\0\0\xbd\x01\0\0\xc7\x09\0\0\x0d\
\x30\x02\0\x50\x0b\0\0\xbd\x01\0\0\x36\x0a\0\0\x15\x44\x02\0\x58\x0b\0\0\xbd\
\x01\0\0\x4f\x0a\0\0\x09\x48\x02\0\x70\x0b\0\0\xbd\x01\0\0\x3b\x07\0\0\x11\xc8\
\x01\0\x78\x0b\0\0\xbd\x01\0\0\x55\x07\0\0\x1f\xec\x01\0\xa8\x0b\0\0\xbd\x01\0\
\0\xa0\x07\0\0\x0d\xf0\x01\0\xb0\x0b\0\0\xbd\x01\0\0\x40\x08\0\0\x18\0\x02\0\
\xb8\x0b\0\0\xbd\x01\0\0\x6b\x08\0\0\x16\x20\x02\0\xd0\x0b\0\0\xbd\x01\0\0\x74\
\x09\0\0\x16\x1c\x02\0\xe0\x0b\0\0\xbd\x01\0\0\x87\x08\0\0\x16\x18\x02\0\xe8\
\x0b\0\0\xbd\x01\0\0\xa5\x08\0\0\x16\x14\x02\0\xf8\x0b\0\0\xbd\x01\0\0\xc0\x08\
\0\0\x16\x10\x02\0\x08\x0c\0\0\xbd\x01\0\0\xe2\x08\0\0\x16\x0c\x02\0\x18\x0c\0\
\0\xbd\x01\0\0\x03\x09\0\0\x16\x08\x02\0\x28\x0c\0\0\xbd\x01\0\0\x1f\x09\0\0\
\x16\x04\x02\0\x30\x0c\0\0\xbd\x01\0\0\x40\x08\0\0\x16\0\x02\0\x40\x0c\0\0\xbd\
\x01\0\0\x3f\x09\0\0\x09\x24\x02\0\x78\x0c\0\0\xbd\x01\0\0\x8e\x09\0\0\x22\x28\
\x02\0\x88\x0c\0\0\xbd\x01\0\0\x8e\x09\0\0\x09\x28\x02\0\x98\x0c\0\0\xbd\x01\0\
\0\xc7\x09\0\0\x24\x30\x02\0\xa8\x0c\0\0\xbd\x01\0\0\xc7\x09\0\0\x3f\x30\x02\0\
\xb8\x0c\0\0\xbd\x01\0\0\xc7\x09\0\0\x0d\x30\x02\0\xd0\x0c\0\0\xbd\x01\0\0\x36\
\x0a\0\0\x15\x44\x02\0\xd8\x0c\0\0\xbd\x01\0\0\x4f\x0a\0\0\x09\x48\x02\0\xf0\
\x0c\0\0\xbd\x01\0\0\x3b\x07\0\0\x11\xc8\x01\0\xf8\x0c\0\0\xbd\x01\0\0\x55\x07\
\0\0\x1f\xec\x01\0\x28\x0d\0\0\xbd\x01\0\0\xa0\x07\0\0\x0d\xf0\x01\0\x30\x0d\0\
\0\xbd\x01\0\0\x40\x08\0\0\x18\0\x02\0\x38\x0d\0\0\xbd\x01\0\0\x6b\x08\0\0\x16\
\x20\x02\0\x50\x0d\0\0\xbd\x01\0\0\x74\x09\0\0\x16\x1c\x02\0\x60\x0d\0\0\xbd\
\x01\0\0\x87\x08\0\0\x16\x18\x02\0\x68\x0d\0\0\xbd\x01\0\0\xa5\x08\0\0\x16\x14\
\x02\0\x78\x0d\0\0\xbd\x01\0\0\xc0\x08\0\0\x16\x10\x02\0\x88\x0d\0\0\xbd\x01\0\
\0\xe2\x08\0\0\x16\x0c\x02\0\x98\x0d\0\0\xbd\x01\0\0\x03\x09\0\0\x16\x08\x02\0\
\xa8\x0d\0\0\xbd\x01\0\0\x1f\x09\0\0\x16\x04\x02\0\xb0\x0d\0\0\xbd\x01\0\0\x40\
\x08\0\0\x16\0\x02\0\xc0\x0d\0\0\xbd\x01\0\0\x3f\x09\0\0\x09\x24\x02\0\xf8\x0d\
\0\0\xbd\x01\0\0\x8e\x09\0\0\x22\x28\x02\0\x08\x0e\0\0\xbd\x01\0\0\x8e\x09\0\0\
\x09\x28\x02\0\x18\x0e\0\0\xbd\x01\0\0\xc7\x09\0\0\x24\x30\x02\0\x28\x0e\0\0\
\xbd\x01\0\0\xc7\x09\0\0\x3f\x30\x02\0\x38\x0e\0\0\xbd\x01\0\0\xc7\x09\0\0\x0d\
\x30\x02\0\x50\x0e\0\0\xbd\x01\0\0\x36\x0a\0\0\x15\x44\x02\0\x58\x0e\0\0\xbd\
\x01\0\0\x4f\x0a\0\0\x09\x48\x02\0\x70\x0e\0\0\xbd\x01\0\0\x3b\x07\0\0\x11\xc8\
\x01\0\x78\x0e\0\0\xbd\x01\0\0\x55\x07\0\0\x1f\xec\x01\0\xa8\x0e\0\0\xbd\x01\0\
\0\xa0\x07\0\0\x0d\xf0\x01\0\xb0\x0e\0\0\xbd\x01\0\0\x40\x08\0\0\x18\0\x02\0\
\xb8\x0e\0\0\xbd\x01\0\0\x6b\x08\0\0\x16\x20\x02\0\xd0\x0e\0\0\xbd\x01\0\0\x74\
\x09\0\0\x16\x1c\x02\0\xd8\x0e\0\0\xbd\x01\0\0\x87\x08\0\0\x16\x18\x02\0\xe8\
\x0e\0\0\xbd\x01\0\0\xa5\x08\0\0\x16\x14\x02\0\xf8\x0e\0\0\xbd\x01\0\0\xc0\x08\
\0\0\x16\x10\x02\0\x08\x0f\0\0\xbd\x01\0\0\xe2\x08\0\0\x16\x0c\x02\0\x18\x0f\0\
\0\xbd\x01\0\0\x03\x09\0\0\x16\x08\x02\0\x28\x0f\0\0\xbd\x01\0\0\x1f\x09\0\0\
\x16\x04\x02\0\x30\x0f\0\0\xbd\x01\0\0\x40\x08\0\0\x16\0\x02\0\x40\x0f\0\0\xbd\
\x01\0\0\x3f\x09\0\0\x09\x24\x02\0\x78\x0f\0\0\xbd\x01\0\0\x8e\x09\0\0\x22\x28\
\x02\0\x88\x0f\0\0\xbd\x01\0\0\x8e\x09\0\0\x09\x28\x02\0\x98\x0f\0\0\xbd\x01\0\
\0\xc7\x09\0\0\x24\x30\x02\0\xb0\x0f\0\0\xbd\x01\0\0\xc7\x09\0\0\x3f\x30\x02\0\
\xb8\x0f\0\0\xbd\x01\0\0\xc7\x09\0\0\x0d\x30\x02\0\xd0\x0f\0\0\xbd\x01\0\0\x36\
\x0a\0\0\x15\x44\x02\0\xd8\x0f\0\0\xbd\x01\0\0\x4f\x0a\0\0\x09\x48\x02\0\xf8\
\x0f\0\0\xbd\x01\0\0\xfe\x0a\0\0\x05\x04\x03\0\0\x10\0\0\xbd\x01\0\0\x4d\x02\0\
\0\x10\x88\x02\0\x08\x10\0\0\xbd\x01\0\0\x4d\x02\0\0\x0b\x88\x02\0\x20\x10\0\0\
\xbd\x01\0\0\x95\x03\0\0\x1b\x8c\x02\0\x38\x10\0\0\xbd\x01\0\0\xd8\x03\0\0\x09\
\x90\x02\0\x40\x10\0\0\xbd\x01\0\0\xe4\x03\0\0\x0c\xa0\x02\0\x48\x10\0\0\xbd\
\x01\0\0\xe4\x03\0\0\x09\xa0\x02\0\x50\x10\0\0\xbd\x01\0\0\xf5\x03\0\0\x16\xa4\
\x02\0\x58\x10\0\0\xbd\x01\0\0\xf5\x03\0\0\x1c\xa4\x02\0\x60\x10\0\0\xbd\x01\0\
\0\xf5\x03\0\0\x16\xa4\x02\0\x78\x10\0\0\xbd\x01\0\0\x18\x04\0\0\x13\xa8\x02\0\
\x90\x10\0\0\xbd\x01\0\0\x34\x04\0\0\x0d\xac\x02\0\xa0\x10\0\0\xbd\x01\0\0\x7b\
\x04\0\0\x13\xb0\x02\0\xd0\x10\0\0\xbd\x01\0\0\xbb\x04\0\0\x09\xc4\x02\0\xd8\
\x10\0\0\xbd\x01\0\0\xc8\x04\0\0\x34\xc8\x02\0\xe0\x10\0\0\xbd\x01\0\0\xc8\x04\
\0\0\x27\xc8\x02\0\xe8\x10\0\0\xbd\x01\0\0\xc8\x04\0\0\x11\xc8\x02\0\xf0\x10\0\
\0\xbd\x01\0\0\x4d\x02\0\0\x10\xa8\x01\0\0\x11\0\0\xbd\x01\0\0\x01\x05\0\0\x19\
\x68\x01\0\x18\x11\0\0\xbd\x01\0\0\x35\x05\0\0\x28\xac\x01\0\x28\x11\0\0\xbd\
\x01\0\0\x01\x05\0\0\x19\x68\x01\0\x40\x11\0\0\xbd\x01\0\0\x69\x05\0\0\x1c\x6c\
\x01\0\x58\x11\0\0\xbd\x01\0\0\xa5\x05\0\0\x09\x70\x01\0\x70\x11\0\0\xbd\x01\0\
\0\xb1\x05\0\0\x15\xb0\x01\0\x80\x11\0\0\xbd\x01\0\0\xdb\x05\0\0\x14\xb8\x02\0\
\x98\x11\0\0\xbd\x01\0\0\xf5\x05\0\0\x0b\x7c\x01\0\xb0\x11\0\0\xbd\x01\0\0\x15\
\x06\0\0\x12\x80\x01\0\xc8\x11\0\0\xbd\x01\0\0\x49\x06\0\0\x09\x84\x01\0\xe0\
\x11\0\0\xbd\x01\0\0\xb1\x05\0\0\x15\xb0\x01\0\xe8\x11\0\0\xbd\x01\0\0\x57\x06\
\0\0\x2b\x8c\x01\0\x08\x12\0\0\xbd\x01\0\0\x57\x06\0\0\x1e\x8c\x01\0\x10\x12\0\
\0\xbd\x01\0\0\x57\x06\0\0\x48\x8c\x01\0\x18\x12\0\0\xbd\x01\0\0\x57\x06\0\0\
\x1e\x8c\x01\0\x40\x12\0\0\xbd\x01\0\0\xaf\x06\0\0\x05\x90\x01\0\x68\x12\0\0\
\xbd\x01\0\0\xe9\x06\0\0\x0c\x94\x01\0\x98\x12\0\0\xbd\x01\0\0\xb1\x05\0\0\x15\
\xb0\x01\0\xa0\x12\0\0\xbd\x01\0\0\x15\x07\0\0\x1e\xb4\x01\0\xa8\x12\0\0\xbd\
\x01\0\0\xb1\x05\0\0\x1e\xb0\x01\0\xb0\x12\0\0\xbd\x01\0\0\x3b\x07\0\0\x11\xc8\
\x01\0\xd0\x12\0\0\xbd\x01\0\0\x55\x07\0\0\x1f\xec\x01\0\0\x13\0\0\xbd\x01\0\0\
\xa0\x07\0\0\x0d\xf0\x01\0\x28\x13\0\0\xbd\x01\0\0\xb2\x07\0\0\x10\x4c\x01\0\
\x40\x13\0\0\xbd\x01\0\0\xe4\x07\0\0\x09\x50\x01\0\x50\x13\0\0\xbd\x01\0\0\xef\
\x07\0\0\x09\x54\x01\0\x68\x13\0\0\xbd\x01\0\0\x13\x08\0\0\x05\xcc\x02\0\x80\
\x13\0\0\xbd\x01\0\0\xfe\x0a\0\0\x05\x04\x03\0\xa8\x13\0\0\xbd\x01\0\0\x40\x08\
\0\0\x18\0\x02\0\xc0\x13\0\0\xbd\x01\0\0\x6b\x08\0\0\x16\x20\x02\0\xc8\x13\0\0\
\xbd\x01\0\0\x87\x08\0\0\x16\x18\x02\0\xd0\x13\0\0\xbd\x01\0\0\xa5\x08\0\0\x16\
\x14\x02\0\xe0\x13\0\0\xbd\x01\0\0\xc0\x08\0\0\x16\x10\x02\0\xf0\x13\0\0\xbd\
\x01\0\0\xe2\x08\0\0\x16\x0c\x02\0\x08\x14\0\0\xbd\x01\0\0\x03\x09\0\0\x16\x08\
\x02\0\x18\x14\0\0\xbd\x01\0\0\x1f\x09\0\0\x16\x04\x02\0\x20\x14\0\0\xbd\x01\0\
\0\x40\x08\0\0\x16\0\x02\0\x30\x14\0\0\xbd\x01\0\0\x3f\x09\0\0\x09\x24\x02\0\
\x60\x14\0\0\xbd\x01\0\0\x74\x09\0\0\x16\x1c\x02\0\x68\x14\0\0\xbd\x01\0\0\x3f\
\x09\0\0\x09\x24\x02\0\x70\x14\0\0\xbd\x01\0\0\x8e\x09\0\0\x22\x28\x02\0\x80\
\x14\0\0\xbd\x01\0\0\x8e\x09\0\0\x09\x28\x02\0\x90\x14\0\0\xbd\x01\0\0\xc7\x09\
\0\0\x24\x30\x02\0\xa0\x14\0\0\xbd\x01\0\0\xc7\x09\0\0\x0d\x30\x02\0\xc0\x14\0\
\0\xbd\x01\0\0\x0f\x0a\0\0\x0d\x34\x02\0\xf8\x14\0\0\xbd\x01\0\0\xb2\x07\0\0\
\x10\x4c\x01\0\x10\x15\0\0\xbd\x01\0\0\xe4\x07\0\0\x09\x50\x01\0\x28\x15\0\0\
\xbd\x01\0\0\x36\x0a\0\0\x15\x44\x02\0\x30\x15\0\0\xbd\x01\0\0\x4f\x0a\0\0\x09\
\x48\x02\0\x50\x15\0\0\xbd\x01\0\0\x3b\x07\0\0\x11\xc8\x01\0\x58\x15\0\0\xbd\
\x01\0\0\x55\x07\0\0\x1f\xec\x01\0\x88\x15\0\0\xbd\x01\0\0\xa0\x07\0\0\x0d\xf0\
\x01\0\x90\x15\0\0\xbd\x01\0\0\x40\x08\0\0\x18\0\x02\0\x98\x15\0\0\xbd\x01\0\0\
\x6b\x08\0\0\x16\x20\x02\0\xb0\x15\0\0\xbd\x01\0\0\x74\x09\0\0\x16\x1c\x02\0\
\xc8\x15\0\0\xbd\x01\0\0\x87\x08\0\0\x16\x18\x02\0\xd0\x15\0\0\xbd\x01\0\0\xa5\
\x08\0\0\x16\x14\x02\0\xe0\x15\0\0\xbd\x01\0\0\xc0\x08\0\0\x16\x10\x02\0\xf0\
\x15\0\0\xbd\x01\0\0\xe2\x08\0\0\x16\x0c\x02\0\0\x16\0\0\xbd\x01\0\0\x03\x09\0\
\0\x16\x08\x02\0\x10\x16\0\0\xbd\x01\0\0\x1f\x09\0\0\x16\x04\x02\0\x18\x16\0\0\
\xbd\x01\0\0\x40\x08\0\0\x16\0\x02\0\x28\x16\0\0\xbd\x01\0\0\x3f\x09\0\0\x09\
\x24\x02\0\x60\x16\0\0\xbd\x01\0\0\x8e\x09\0\0\x22\x28\x02\0\x70\x16\0\0\xbd\
\x01\0\0\x8e\x09\0\0\x09\x28\x02\0\x80\x16\0\0\xbd\x01\0\0\xc7\x09\0\0\x24\x30\
\x02\0\x90\x16\0\0\xbd\x01\0\0\xc7\x09\0\0\x3f\x30\x02\0\xa0\x16\0\0\xbd\x01\0\
\0\xc7\x09\0\0\x0d\x30\x02\0\xc0\x16\0\0\xbd\x01\0\0\x36\x0a\0\0\x15\x44\x02\0\
\xc8\x16\0\0\xbd\x01\0\0\x4f\x0a\0\0\x09\x48\x02\0\xe0\x16\0\0\xbd\x01\0\0\x3b\
\x07\0\0\x11\xc8\x01\0\xf0\x16\0\0\xbd\x01\0\0\x55\x07\0\0\x1f\xec\x01\0\x20\
\x17\0\0\xbd\x01\0\0\xa0\x07\0\0\x0d\xf0\x01\0\x28\x17\0\0\xbd\x01\0\0\x40\x08\
\0\0\x18\0\x02\0\x30\x17\0\0\xbd\x01\0\0\x6b\x08\0\0\x16\x20\x02\0\x48\x17\0\0\
\xbd\x01\0\0\x74\x09\0\0\x16\x1c\x02\0\x58\x17\0\0\xbd\x01\0\0\x87\x08\0\0\x16\
\x18\x02\0\x60\x17\0\0\xbd\x01\0\0\xa5\x08\0\0\x16\x14\x02\0\x70\x17\0\0\xbd\
\x01\0\0\xc0\x08\0\0\x16\x10\x02\0\x80\x17\0\0\xbd\x01\0\0\xe2\x08\0\0\x16\x0c\
\x02\0\x90\x17\0\0\xbd\x01\0\0\x03\x09\0\0\x16\x08\x02\0\xa0\x17\0\0\xbd\x01\0\
\0\x1f\x09\0\0\x16\x04\x02\0\xa8\x17\0\0\xbd\x01\0\0\x40\x08\0\0\x16\0\x02\0\
\xb8\x17\0\0\xbd\x01\0\0\x3f\x09\0\0\x09\x24\x02\0\xf0\x17\0\0\xbd\x01\0\0\x8e\
\x09\0\0\x22\x28\x02\0\0\x18\0\0\xbd\x01\0\0\x8e\x09\0\0\x09\x28\x02\0\x10\x18\
\0\0\xbd\x01\0\0\xc7\x09\0\0\x24\x30\x02\0\x20\x18\0\0\xbd\x01\0\0\xc7\x09\0\0\
\x3f\x30\x02\0\x30\x18\0\0\xbd\x01\0\0\xc7\x09\0\0\x0d\x30\x02\0\x48\x18\0\0\
\xbd\x01\0\0\x36\x0a\0\0\x15\x44\x02\0\x50\x18\0\0\xbd\x01\0\0\x4f\x0a\0\0\x09\
\x48\x02\0\x68\x18\0\0\xbd\x01\0\0\x3b\x07\0\0\x11\xc8\x01\0\x70\x18\0\0\xbd\
\x01\0\0\x55\x07\0\0\x1f\xec\x01\0\xa0\x18\0\0\xbd\x01\0\0\xa0\x07\0\0\x0d\xf0\
\x01\0\xa8\x18\0\0\xbd\x01\0\0\x40\x08\0\0\x18\0\x02\0\xb0\x18\0\0\xbd\x01\0\0\
\x6b\x08\0\0\x16\x20\x02\0\xc8\x18\0\0\xbd\x01\0\0\x74\x09\0\0\x16\x1c\x02\0\
\xd8\x18\0\0\xbd\x01\0\0\x87\x08\0\0\x16\x18\x02\0\xe0\x18\0\0\xbd\x01\0\0\xa5\
\x08\0\0\x16\x14\x02\0\xf0\x18\0\0\xbd\x01\0\0\xc0\x08\0\0\x16\x10\x02\0\0\x19\
\0\0\xbd\x01\0\0\xe2\x08\0\0\x16\x0c\x02\0\x10\x19\0\0\xbd\x01\0\0\x03\x09\0\0\
\x16\x08\x02\0\x20\x19\0\0\xbd\x01\0\0\x1f\x09\0\0\x16\x04\x02\0\x28\x19\0\0\
\xbd\x01\0\0\x40\x08\0\0\x16\0\x02\0\x38\x19\0\0\xbd\x01\0\0\x3f\x09\0\0\x09\
\x24\x02\0\x70\x19\0\0\xbd\x01\0\0\x8e\x09\0\0\x22\x28\x02\0\x80\x19\0\0\xbd\
\x01\0\0\x8e\x09\0\0\x09\x28\x02\0\x90\x19\0\0\xbd\x01\0\0\xc7\x09\0\0\x24\x30\
\x02\0\xa0\x19\0\0\xbd\x01\0\0\xc7\x09\0\0\x3f\x30\x02\0\xb0\x19\0\0\xbd\x01\0\
\0\xc7\x09\0\0\x0d\x30\x02\0\xc8\x19\0\0\xbd\x01\0\0\x36\x0a\0\0\x15\x44\x02\0\
\xd0\x19\0\0\xbd\x01\0\0\x4f\x0a\0\0\x09\x48\x02\0\xe8\x19\0\0\xbd\x01\0\0\x3b\
\x07\0\0\x11\xc8\x01\0\xf0\x19\0\0\xbd\x01\0\0\x55\x07\0\0\x1f\xec\x01\0\x20\
\x1a\0\0\xbd\x01\0\0\xa0\x07\0\0\x0d\xf0\x01\0\x28\x1a\0\0\xbd\x01\0\0\x40\x08\
\0\0\x18\0\x02\0\x30\x1a\0\0\xbd\x01\0\0\x6b\x08\0\0\x16\x20\x02\0\x48\x1a\0\0\
\xbd\x01\0\0\x74\x09\0\0\x16\x1c\x02\0\x58\x1a\0\0\xbd\x01\0\0\x87\x08\0\0\x16\
\x18\x02\0\x60\x1a\0\0\xbd\x01\0\0\xa5\x08\0\0\x16\x14\x02\0\x70\x1a\0\0\xbd\
\x01\0\0\xc0\x08\0\0\x16\x10\x02\0\x80\x1a\0\0\xbd\x01\0\0\xe2\x08\0\0\x16\x0c\
\x02\0\x90\x1a\0\0\xbd\x01\0\0\x03\x09\0\0\x16\x08\x02\0\xa0\x1a\0\0\xbd\x01\0\
\0\x1f\x09\0\0\x16\x04\x02\0\xa8\x1a\0\0\xbd\x01\0\0\x40\x08\0\0\x16\0\x02\0\
\xb8\x1a\0\0\xbd\x01\0\0\x3f\x09\0\0\x09\x24\x02\0\xf0\x1a\0\0\xbd\x01\0\0\x8e\
\x09\0\0\x22\x28\x02\0\0\x1b\0\0\xbd\x01\0\0\x8e\x09\0\0\x09\x28\x02\0\x10\x1b\
\0\0\xbd\x01\0\0\xc7\x09\0\0\x24\x30\x02\0\x20\x1b\0\0\xbd\x01\0\0\xc7\x09\0\0\
\x3f\x30\x02\0\x30\x1b\0\0\xbd\x01\0\0\xc7\x09\0\0\x0d\x30\x02\0\x48\x1b\0\0\
\xbd\x01\0\0\x36\x0a\0\0\x15\x44\x02\0\x50\x1b\0\0\xbd\x01\0\0\x4f\x0a\0\0\x09\
\x48\x02\0\x68\x1b\0\0\xbd\x01\0\0\x3b\x07\0\0\x11\xc8\x01\0\x70\x1b\0\0\xbd\
\x01\0\0\x55\x07\0\0\x1f\xec\x01\0\xa0\x1b\0\0\xbd\x01\0\0\xa0\x07\0\0\x0d\xf0\
\x01\0\xa8\x1b\0\0\xbd\x01\0\0\x40\x08\0\0\x18\0\x02\0\xb0\x1b\0\0\xbd\x01\0\0\
\x6b\x08\0\0\x16\x20\x02\0\xc8\x1b\0\0\xbd\x01\0\0\x74\x09\0\0\x16\x1c\x02\0\
\xd8\x1b\0\0\xbd\x01\0\0\x87\x08\0\0\x16\x18\x02\0\xe0\x1b\0\0\xbd\x01\0\0\xa5\
\x08\0\0\x16\x14\x02\0\xf0\x1b\0\0\xbd\x01\0\0\xc0\x08\0\0\x16\x10\x02\0\0\x1c\
\0\0\xbd\x01\0\0\xe2\x08\0\0\x16\x0c\x02\0\x10\x1c\0\0\xbd\x01\0\0\x03\x09\0\0\
\x16\x08\x02\0\x20\x1c\0\0\xbd\x01\0\0\x1f\x09\0\0\x16\x04\x02\0\x28\x1c\0\0\
\xbd\x01\0\0\x40\x08\0\0\x16\0\x02\0\x38\x1c\0\0\xbd\x01\0\0\x3f\x09\0\0\x09\
\x24\x02\0\x70\x1c\0\0\xbd\x01\0\0\x8e\x09\0\0\x22\x28\x02\0\x80\x1c\0\0\xbd\
\x01\0\0\x8e\x09\0\0\x09\x28\x02\0\x90\x1c\0\0\xbd\x01\0\0\xc7\x09\0\0\x24\x30\
\x02\0\xa0\x1c\0\0\xbd\x01\0\0\xc7\x09\0\0\x3f\x30\x02\0\xb0\x1c\0\0\xbd\x01\0\
\0\xc7\x09\0\0\x0d\x30\x02\0\xc8\x1c\0\0\xbd\x01\0\0\x36\x0a\0\0\x15\x44\x02\0\
\xd0\x1c\0\0\xbd\x01\0\0\x4f\x0a\0\0\x09\x48\x02\0\xe8\x1c\0\0\xbd\x01\0\0\x3b\
\x07\0\0\x11\xc8\x01\0\xf0\x1c\0\0\xbd\x01\0\0\x55\x07\0\0\x1f\xec\x01\0\x20\
\x1d\0\0\xbd\x01\0\0\xa0\x07\0\0\x0d\xf0\x01\0\x28\x1d\0\0\xbd\x01\0\0\x40\x08\
\0\0\x18\0\x02\0\x30\x1d\0\0\xbd\x01\0\0\x6b\x08\0\0\x16\x20\x02\0\x48\x1d\0\0\
\xbd\x01\0\0\x74\x09\0\0\x16\x1c\x02\0\x58\x1d\0\0\xbd\x01\0\0\x87\x08\0\0\x16\
\x18\x02\0\x60\x1d\0\0\xbd\x01\0\0\xa5\x08\0\0\x16\x14\x02\0\x70\x1d\0\0\xbd\
\x01\0\0\xc0\x08\0\0\x16\x10\x02\0\x80\x1d\0\0\xbd\x01\0\0\xe2\x08\0\0\x16\x0c\
\x02\0\x90\x1d\0\0\xbd\x01\0\0\x03\x09\0\0\x16\x08\x02\0\xa0\x1d\0\0\xbd\x01\0\
\0\x1f\x09\0\0\x16\x04\x02\0\xa8\x1d\0\0\xbd\x01\0\0\x40\x08\0\0\x16\0\x02\0\
\xb8\x1d\0\0\xbd\x01\0\0\x3f\x09\0\0\x09\x24\x02\0\xf0\x1d\0\0\xbd\x01\0\0\x8e\
\x09\0\0\x22\x28\x02\0\0\x1e\0\0\xbd\x01\0\0\x8e\x09\0\0\x09\x28\x02\0\x10\x1e\
\0\0\xbd\x01\0\0\xc7\x09\0\0\x24\x30\x02\0\x20\x1e\0\0\xbd\x01\0\0\xc7\x09\0\0\
\x3f\x30\x02\0\x30\x1e\0\0\xbd\x01\0\0\xc7\x09\0\0\x0d\x30\x02\0\x48\x1e\0\0\
\xbd\x01\0\0\x36\x0a\0\0\x15\x44\x02\0\x50\x1e\0\0\xbd\x01\0\0\x4f\x0a\0\0\x09\
\x48\x02\0\x68\x1e\0\0\xbd\x01\0\0\x3b\x07\0\0\x11\xc8\x01\0\x70\x1e\0\0\xbd\
\x01\0\0\x55\x07\0\0\x1f\xec\x01\0\xa0\x1e\0\0\xbd\x01\0\0\xa0\x07\0\0\x0d\xf0\
\x01\0\xa8\x1e\0\0\xbd\x01\0\0\x40\x08\0\0\x18\0\x02\0\xb0\x1e\0\0\xbd\x01\0\0\
\x6b\x08\0\0\x16\x20\x02\0\xc8\x1e\0\0\xbd\x01\0\0\x74\x09\0\0\x16\x1c\x02\0\
\xd0\x1e\0\0\xbd\x01\0\0\x87\x08\0\0\x16\x18\x02\0\xe0\x1e\0\0\xbd\x01\0\0\xa5\
\x08\0\0\x16\x14\x02\0\xf0\x1e\0\0\xbd\x01\0\0\xc0\x08\0\0\x16\x10\x02\0\0\x1f\
\0\0\xbd\x01\0\0\xe2\x08\0\0\x16\x0c\x02\0\x10\x1f\0\0\xbd\x01\0\0\x03\x09\0\0\
\x16\x08\x02\0\x20\x1f\0\0\xbd\x01\0\0\x1f\x09\0\0\x16\x04\x02\0\x28\x1f\0\0\
\xbd\x01\0\0\x40\x08\0\0\x16\0\x02\0\x38\x1f\0\0\xbd\x01\0\0\x3f\x09\0\0\x09\
\x24\x02\0\x70\x1f\0\0\xbd\x01\0\0\x8e\x09\0\0\x22\x28\x02\0\x80\x1f\0\0\xbd\
\x01\0\0\x8e\x09\0\0\x09\x28\x02\0\x90\x1f\0\0\xbd\x01\0\0\xc7\x09\0\0\x24\x30\
\x02\0\xa8\x1f\0\0\xbd\x01\0\0\xc7\x09\0\0\x3f\x30\x02\0\xb0\x1f\0\0\xbd\x01\0\
\0\xc7\x09\0\0\x0d\x30\x02\0\xc8\x1f\0\0\xbd\x01\0\0\x36\x0a\0\0\x15\x44\x02\0\
\xd0\x1f\0\0\xbd\x01\0\0\x4f\x0a\0\0\x09\x48\x02\0\xf0\x1f\0\0\xbd\x01\0\0\xb6\
\x0b\0\0\x05\x20\x03\0\xf8\x1f\0\0\xbd\x01\0\0\x4d\x02\0\0\x10\x88\x02\0\0\x20\
\0\0\xbd\x01\0\0\x4d\x02\0\0\x0b\x88\x02\0\x18\x20\0\0\xbd\x01\0\0\x95\x03\0\0\
\x1b\x8c\x02\0\x30\x20\0\0\xbd\x01\0\0\xd8\x03\0\0\x09\x90\x02\0\x38\x20\0\0\
\xbd\x01\0\0\xe4\x03\0\0\x0c\xa0\x02\0\x40\x20\0\0\xbd\x01\0\0\xe4\x03\0\0\x09\
\xa0\x02\0\x48\x20\0\0\xbd\x01\0\0\xf5\x03\0\0\x16\xa4\x02\0\x50\x20\0\0\xbd\
\x01\0\0\xf5\x03\0\0\x1c\xa4\x02\0\x58\x20\0\0\xbd\x01\0\0\xf5\x03\0\0\x16\xa4\
\x02\0\x70\x20\0\0\xbd\x01\0\0\x18\x04\0\0\x13\xa8\x02\0\x88\x20\0\0\xbd\x01\0\
\0\x34\x04\0\0\x0d\xac\x02\0\x98\x20\0\0\xbd\x01\0\0\x7b\x04\0\0\x13\xb0\x02\0\
\xc8\x20\0\0\xbd\x01\0\0\xbb\x04\0\0\x09\xc4\x02\0\xd0\x20\0\0\xbd\x01\0\0\xc8\
\x04\0\0\x34\xc8\x02\0\xd8\x20\0\0\xbd\x01\0\0\xc8\x04\0\0\x27\xc8\x02\0\xe0\
\x20\0\0\xbd\x01\0\0\xc8\x04\0\0\x11\xc8\x02\0\xe8\x20\0\0\xbd\x01\0\0\x4d\x02\
\0\0\x10\xa8\x01\0\xf8\x20\0\0\xbd\x01\0\0\x01\x05\0\0\x19\x68\x01\0\x10\x21\0\
\0\xbd\x01\0\0\x35\x05\0\0\x28\xac\x01\0\x20\x21\0\0\xbd\x01\0\0\x01\x05\0\0\
\x19\x68\x01\0\x38\x21\0\0\xbd\x01\0\0\x69\x05\0\0\x1c\x6c\x01\0\x50\x21\0\0\
\xbd\x01\0\0\xa5\x05\0\0\x09\x70\x01\0\x68\x21\0\0\xbd\x01\0\0\xb1\x05\0\0\x15\
\xb0\x01\0\x78\x21\0\0\xbd\x01\0\0\xdb\x05\0\0\x14\xb8\x02\0\x90\x21\0\0\xbd\
\x01\0\0\xf5\x05\0\0\x0b\x7c\x01\0\xa8\x21\0\0\xbd\x01\0\0\x15\x06\0\0\x12\x80\
\x01\0\xc0\x21\0\0\xbd\x01\0\0\x49\x06\0\0\x09\x84\x01\0\xd8\x21\0\0\xbd\x01\0\
\0\xb1\x05\0\0\x15\xb0\x01\0\xe0\x21\0\0\xbd\x01\0\0\x57\x06\0\0\x2b\x8c\x01\0\
\0\x22\0\0\xbd\x01\0\0\x57\x06\0\0\x1e\x8c\x01\0\x08\x22\0\0\xbd\x01\0\0\x57\
\x06\0\0\x48\x8c\x01\0\x10\x22\0\0\xbd\x01\0\0\x57\x06\0\0\x1e\x8c\x01\0\x38\
\x22\0\0\xbd\x01\0\0\xaf\x06\0\0\x05\x90\x01\0\x60\x22\0\0\xbd\x01\0\0\xe9\x06\
\0\0\x0c\x94\x01\0\x90\x22\0\0\xbd\x01\0\0\xb1\x05\0\0\x15\xb0\x01\0\x98\x22\0\
\0\xbd\x01\0\0\x15\x07\0\0\x1e\xb4\x01\0\xa0\x22\0\0\xbd\x01\0\0\xb1\x05\0\0\
\x1e\xb0\x01\0\xa8\x22\0\0\xbd\x01\0\0\x3b\x07\0\0\x11\xc8\x01\0\xc8\x22\0\0\
\xbd\x01\0\0\x55\x07\0\0\x1f\xec\x01\0\xf8\x22\0\0\xbd\x01\0\0\xa0\x07\0\0\x0d\
\xf0\x01\0\x20\x23\0\0\xbd\x01\0\0\xb2\x07\0\0\x10\x4c\x01\0\x38\x23\0\0\xbd\
\x01\0\0\xe4\x07\0\0\x09\x50\x01\0\x48\x23\0\0\xbd\x01\0\0\xef\x07\0\0\x09\x54\
\x01\0\x60\x23\0\0\xbd\x01\0\0\x13\x08\0\0\x05\xcc\x02\0\x78\x23\0\0\xbd\x01\0\
\0\xb6\x0b\0\0\x05\x20\x03\0\xa0\x23\0\0\xbd\x01\0\0\x40\x08\0\0\x18\0\x02\0\
\xb8\x23\0\0\xbd\x01\0\0\x6b\x08\0\0\x16\x20\x02\0\xc0\x23\0\0\xbd\x01\0\0\x87\
\x08\0\0\x16\x18\x02\0\xc8\x23\0\0\xbd\x01\0\0\xa5\x08\0\0\x16\x14\x02\0\xd8\
\x23\0\0\xbd\x01\0\0\xc0\x08\0\0\x16\x10\x02\0\xe8\x23\0\0\xbd\x01\0\0\xe2\x08\
\0\0\x16\x0c\x02\0\0\x24\0\0\xbd\x01\0\0\x03\x09\0\0\x16\x08\x02\0\x10\x24\0\0\
\xbd\x01\0\0\x1f\x09\0\0\x16\x04\x02\0\x18\x24\0\0\xbd\x01\0\0\x40\x08\0\0\x16\
\0\x02\0\x28\x24\0\0\xbd\x01\0\0\x3f\x09\0\0\x09\x24\x02\0\x58\x24\0\0\xbd\x01\
\0\0\x74\x09\0\0\x16\x1c\x02\0\x60\x24\0\0\xbd\x01\0\0\x3f\x09\0\0\x09\x24\x02\
\0\x68\x24\0\0\xbd\x01\0\0\x8e\x09\0\0\x22\x28\x02\0\x78\x24\0\0\xbd\x01\0\0\
\x8e\x09\0\0\x09\x28\x02\0\x88\x24\0\0\xbd\x01\0\0\xc7\x09\0\0\x24\x30\x02\0\
\x98\x24\0\0\xbd\x01\0\0\xc7\x09\0\0\x0d\x30\x02\0\xb8\x24\0\0\xbd\x01\0\0\x0f\
\x0a\0\0\x0d\x34\x02\0\xf0\x24\0\0\xbd\x01\0\0\xb2\x07\0\0\x10\x4c\x01\0\x08\
\x25\0\0\xbd\x01\0\0\xe4\x07\0\0\x09\x50\x01\0\x20\x25\0\0\xbd\x01\0\0\x36\x0a\
\0\0\x15\x44\x02\0\x28\x25\0\0\xbd\x01\0\0\x4f\x0a\0\0\x09\x48\x02\0\x48\x25\0\
\0\xbd\x01\0\0\x3b\x07\0\0\x11\xc8\x01\0\x50\x25\0\0\xbd\x01\0\0\x55\x07\0\0\
\x1f\xec\x01\0\x80\x25\0\0\xbd\x01\0\0\xa0\x07\0\0\x0d\xf0\x01\0\x88\x25\0\0\
\xbd\x01\0\0\x40\x08\0\0\x18\0\x02\0\x90\x25\0\0\xbd\x01\0\0\x6b\x08\0\0\x16\
\x20\x02\0\xa8\x25\0\0\xbd\x01\0\0\x74\x09\0\0\x16\x1c\x02\0\xc0\x25\0\0\xbd\
\x01\0\0\x87\x08\0\0\x16\x18\x02\0\xc8\x25\0\0\xbd\x01\0\0\xa5\x08\0\0\x16\x14\
\x02\0\xd8\x25\0\0\xbd\x01\0\0\xc0\x08\0\0\x16\x10\x02\0\xe8\x25\0\0\xbd\x01\0\
\0\xe2\x08\0\0\x16\x0c\x02\0\xf8\x25\0\0\xbd\x01\0\0\x03\x09\0\0\x16\x08\x02\0\
\x08\x26\0\0\xbd\x01\0\0\x1f\x09\0\0\x16\x04\x02\0\x10\x26\0\0\xbd\x01\0\0\x40\
\x08\0\0\x16\0\x02\0\x20\x26\0\0\xbd\x01\0\0\x3f\x09\0\0\x09\x24\x02\0\x58\x26\
\0\0\xbd\x01\0\0\x8e\x09\0\0\x22\x28\x02\0\x68\x26\0\0\xbd\x01\0\0\x8e\x09\0\0\
\x09\x28\x02\0\x78\x26\0\0\xbd\x01\0\0\xc7\x09\0\0\x24\x30\x02\0\x88\x26\0\0\
\xbd\x01\0\0\xc7\x09\0\0\x3f\x30\x02\0\x98\x26\0\0\xbd\x01\0\0\xc7\x09\0\0\x0d\
\x30\x02\0\xb8\x26\0\0\xbd\x01\0\0\x36\x0a\0\0\x15\x44\x02\0\xc0\x26\0\0\xbd\
\x01\0\0\x4f\x0a\0\0\x09\x48\x02\0\xd8\x26\0\0\xbd\x01\0\0\x3b\x07\0\0\x11\xc8\
\x01\0\xe8\x26\0\0\xbd\x01\0\0\x55\x07\0\0\x1f\xec\x01\0\x18\x27\0\0\xbd\x01\0\
\0\xa0\x07\0\0\x0d\xf0\x01\0\x20\x27\0\0\xbd\x01\0\0\x40\x08\0\0\x18\0\x02\0\
\x28\x27\0\0\xbd\x01\0\0\x6b\x08\0\0\x16\x20\x02\0\x40\x27\0\0\xbd\x01\0\0\x74\
\x09\0\0\x16\x1c\x02\0\x50\x27\0\0\xbd\x01\0\0\x87\x08\0\0\x16\x18\x02\0\x58\
\x27\0\0\xbd\x01\0\0\xa5\x08\0\0\x16\x14\x02\0\x68\x27\0\0\xbd\x01\0\0\xc0\x08\
\0\0\x16\x10\x02\0\x78\x27\0\0\xbd\x01\0\0\xe2\x08\0\0\x16\x0c\x02\0\x88\x27\0\
\0\xbd\x01\0\0\x03\x09\0\0\x16\x08\x02\0\x98\x27\0\0\xbd\x01\0\0\x1f\x09\0\0\
\x16\x04\x02\0\xa0\x27\0\0\xbd\x01\0\0\x40\x08\0\0\x16\0\x02\0\xb0\x27\0\0\xbd\
\x01\0\0\x3f\x09\0\0\x09\x24\x02\0\xe8\x27\0\0\xbd\x01\0\0\x8e\x09\0\0\x22\x28\
\x02\0\xf8\x27\0\0\xbd\x01\0\0\x8e\x09\0\0\x09\x28\x02\0\x08\x28\0\0\xbd\x01\0\
\0\xc7\x09\0\0\x24\x30\x02\0\x18\x28\0\0\xbd\x01\0\0\xc7\x09\0\0\x3f\x30\x02\0\
\x28\x28\0\0\xbd\x01\0\0\xc7\x09\0\0\x0d\x30\x02\0\x40\x28\0\0\xbd\x01\0\0\x36\
\x0a\0\0\x15\x44\x02\0\x48\x28\0\0\xbd\x01\0\0\x4f\x0a\0\0\x09\x48\x02\0\x60\
\x28\0\0\xbd\x01\0\0\x3b\x07\0\0\x11\xc8\x01\0\x68\x28\0\0\xbd\x01\0\0\x55\x07\
\0\0\x1f\xec\x01\0\x98\x28\0\0\xbd\x01\0\0\xa0\x07\0\0\x0d\xf0\x01\0\xa0\x28\0\
\0\xbd\x01\0\0\x40\x08\0\0\x18\0\x02\0\xa8\x28\0\0\xbd\x01\0\0\x6b\x08\0\0\x16\
\x20\x02\0\xc0\x28\0\0\xbd\x01\0\0\x74\x09\0\0\x16\x1c\x02\0\xd0\x28\0\0\xbd\
\x01\0\0\x87\x08\0\0\x16\x18\x02\0\xd8\x28\0\0\xbd\x01\0\0\xa5\x08\0\0\x16\x14\
\x02\0\xe8\x28\0\0\xbd\x01\0\0\xc0\x08\0\0\x16\x10\x02\0\xf8\x28\0\0\xbd\x01\0\
\0\xe2\x08\0\0\x16\x0c\x02\0\x08\x29\0\0\xbd\x01\0\0\x03\x09\0\0\x16\x08\x02\0\
\x18\x29\0\0\xbd\x01\0\0\x1f\x09\0\0\x16\x04\x02\0\x20\x29\0\0\xbd\x01\0\0\x40\
\x08\0\0\x16\0\x02\0\x30\x29\0\0\xbd\x01\0\0\x3f\x09\0\0\x09\x24\x02\0\x68\x29\
\0\0\xbd\x01\0\0\x8e\x09\0\0\x22\x28\x02\0\x78\x29\0\0\xbd\x01\0\0\x8e\x09\0\0\
\x09\x28\x02\0\x88\x29\0\0\xbd\x01\0\0\xc7\x09\0\0\x24\x30\x02\0\x98\x29\0\0\
\xbd\x01\0\0\xc7\x09\0\0\x3f\x30\x02\0\xa8\x29\0\0\xbd\x01\0\0\xc7\x09\0\0\x0d\
\x30\x02\0\xc0\x29\0\0\xbd\x01\0\0\x36\x0a\0\0\x15\x44\x02\0\xc8\x29\0\0\xbd\
\x01\0\0\x4f\x0a\0\0\x09\x48\x02\0\xe0\x29\0\0\xbd\x01\0\0\x3b\x07\0\0\x11\xc8\
\x01\0\xe8\x29\0\0\xbd\x01\0\0\x55\x07\0\0\x1f\xec\x01\0\x18\x2a\0\0\xbd\x01\0\
\0\xa0\x07\0\0\x0d\xf0\x01\0\x20\x2a\0\0\xbd\x01\0\0\x40\x08\0\0\x18\0\x02\0\
\x28\x2a\0\0\xbd\x01\0\0\x6b\x08\0\0\x16\x20\x02\0\x40\x2a\0\0\xbd\x01\0\0\x74\
\x09\0\0\x16\x1c\x02\0\x50\x2a\0\0\xbd\x01\0\0\x87\x08\0\0\x16\x18\x02\0\x58\
\x2a\0\0\xbd\x01\0\0\xa5\x08\0\0\x16\x14\x02\0\x68\x2a\0\0\xbd\x01\0\0\xc0\x08\
\0\0\x16\x10\x02\0\x78\x2a\0\0\xbd\x01\0\0\xe2\x08\0\0\x16\x0c\x02\0\x88\x2a\0\
\0\xbd\x01\0\0\x03\x09\0\0\x16\x08\x02\0\x98\x2a\0\0\xbd\x01\0\0\x1f\x09\0\0\
\x16\x04\x02\0\xa0\x2a\0\0\xbd\x01\0\0\x40\x08\0\0\x16\0\x02\0\xb0\x2a\0\0\xbd\
\x01\0\0\x3f\x09\0\0\x09\x24\x02\0\xe8\x2a\0\0\xbd\x01\0\0\x8e\x09\0\0\x22\x28\
\x02\0\xf8\x2a\0\0\xbd\x01\0\0\x8e\x09\0\0\x09\x28\x02\0\x08\x2b\0\0\xbd\x01\0\
\0\xc7\x09\0\0\x24\x30\x02\0\x18\x2b\0\0\xbd\x01\0\0\xc7\x09\0\0\x3f\x30\x02\0\
\x28\x2b\0\0\xbd\x01\0\0\xc7\x09\0\0\x0d\x30\x02\0\x40\x2b\0\0\xbd\x01\0\0\x36\
\x0a\0\0\x15\x44\x02\0\x48\x2b\0\0\xbd\x01\0\0\x4f\x0a\0\0\x09\x48\x02\0\x60\
\x2b\0\0\xbd\x01\0\0\x3b\x07\0\0\x11\xc8\x01\0\x68\x2b\0\0\xbd\x01\0\0\x55\x07\
\0\0\x1f\xec\x01\0\x98\x2b\0\0\xbd\x01\0\0\xa0\x07\0\0\x0d\xf0\x01\0\xa0\x2b\0\
\0\xbd\x01\0\0\x40\x08\0\0\x18\0\x02\0\xa8\x2b\0\0\xbd\x01\0\0\x6b\x08\0\0\x16\
\x20\x02\0\xc0\x2b\0\0\xbd\x01\0\0\x74\x09\0\0\x16\x1c\x02\0\xd0\x2b\0\0\xbd\
\x01\0\0\x87\x08\0\0\x16\x18\x02\0\xd8\x2b\0\0\xbd\x01\0\0\xa5\x08\0\0\x16\x14\
\x02\0\xe8\x2b\0\0\xbd\x01\0\0\xc0\x08\0\0\x16\x10\x02\0\xf8\x2b\0\0\xbd\x01\0\
\0\xe2\x08\0\0\x16\x0c\x02\0\x08\x2c\0\0\xbd\x01\0\0\x03\x09\0\0\x16\x08\x02\0\
\x18\x2c\0\0\xbd\x01\0\0\x1f\x09\0\0\x16\x04\x02\0\x20\x2c\0\0\xbd\x01\0\0\x40\
\x08\0\0\x16\0\x02\0\x30\x2c\0\0\xbd\x01\0\0\x3f\x09\0\0\x09\x24\x02\0\x68\x2c\
\0\0\xbd\x01\0\0\x8e\x09\0\0\x22\x28\x02\0\x78\x2c\0\0\xbd\x01\0\0\x8e\x09\0\0\
\x09\x28\x02\0\x88\x2c\0\0\xbd\x01\0\0\xc7\x09\0\0\x24\x30\x02\0\x98\x2c\0\0\
\xbd\x01\0\0\xc7\x09\0\0\x3f\x30\x02\0\xa8\x2c\0\0\xbd\x01\0\0\xc7\x09\0\0\x0d\
\x30\x02\0\xc0\x2c\0\0\xbd\x01\0\0\x36\x0a\0\0\x15\x44\x02\0\xc8\x2c\0\0\xbd\
\x01\0\0\x4f\x0a\0\0\x09\x48\x02\0\xe0\x2c\0\0\xbd\x01\0\0\x3b\x07\0\0\x11\xc8\
\x01\0\xe8\x2c\0\0\xbd\x01\0\0\x55\x07\0\0\x1f\xec\x01\0\x18\x2d\0\0\xbd\x01\0\
\0\xa0\x07\0\0\x0d\xf0\x01\0\x20\x2d\0\0\xbd\x01\0\0\x40\x08\0\0\x18\0\x02\0\
\x28\x2d\0\0\xbd\x01\0\0\x6b\x08\0\0\x16\x20\x02\0\x40\x2d\0\0\xbd\x01\0\0\x74\
\x09\0\0\x16\x1c\x02\0\x50\x2d\0\0\xbd\x01\0\0\x87\x08\0\0\x16\x18\x02\0\x58\
\x2d\0\0\xbd\x01\0\0\xa5\x08\0\0\x16\x14\x02\0\x68\x2d\0\0\xbd\x01\0\0\xc0\x08\
\0\0\x16\x10\x02\0\x78\x2d\0\0\xbd\x01\0\0\xe2\x08\0\0\x16\x0c\x02\0\x88\x2d\0\
\0\xbd\x01\0\0\x03\x09\0\0\x16\x08\x02\0\x98\x2d\0\0\xbd\x01\0\0\x1f\x09\0\0\
\x16\x04\x02\0\xa0\x2d\0\0\xbd\x01\0\0\x40\x08\0\0\x16\0\x02\0\xb0\x2d\0\0\xbd\
\x01\0\0\x3f\x09\0\0\x09\x24\x02\0\xe8\x2d\0\0\xbd\x01\0\0\x8e\x09\0\0\x22\x28\
\x02\0\xf8\x2d\0\0\xbd\x01\0\0\x8e\x09\0\0\x09\x28\x02\0\x08\x2e\0\0\xbd\x01\0\
\0\xc7\x09\0\0\x24\x30\x02\0\x18\x2e\0\0\xbd\x01\0\0\xc7\x09\0\0\x3f\x30\x02\0\
\x28\x2e\0\0\xbd\x01\0\0\xc7\x09\0\0\x0d\x30\x02\0\x40\x2e\0\0\xbd\x01\0\0\x36\
\x0a\0\0\x15\x44\x02\0\x48\x2e\0\0\xbd\x01\0\0\x4f\x0a\0\0\x09\x48\x02\0\x60\
\x2e\0\0\xbd\x01\0\0\x3b\x07\0\0\x11\xc8\x01\0\x68\x2e\0\0\xbd\x01\0\0\x55\x07\
\0\0\x1f\xec\x01\0\x98\x2e\0\0\xbd\x01\0\0\xa0\x07\0\0\x0d\xf0\x01\0\xa0\x2e\0\
\0\xbd\x01\0\0\x40\x08\0\0\x18\0\x02\0\xa8\x2e\0\0\xbd\x01\0\0\x6b\x08\0\0\x16\
\x20\x02\0\xc0\x2e\0\0\xbd\x01\0\0\x74\x09\0\0\x16\x1c\x02\0\xc8\x2e\0\0\xbd\
\x01\0\0\x87\x08\0\0\x16\x18\x02\0\xd8\x2e\0\0\xbd\x01\0\0\xa5\x08\0\0\x16\x14\
\x02\0\xe8\x2e\0\0\xbd\x01\0\0\xc0\x08\0\0\x16\x10\x02\0\xf8\x2e\0\0\xbd\x01\0\
\0\xe2\x08\0\0\x16\x0c\x02\0\x08\x2f\0\0\xbd\x01\0\0\x03\x09\0\0\x16\x08\x02\0\
\x18\x2f\0\0\xbd\x01\0\0\x1f\x09\0\0\x16\x04\x02\0\x20\x2f\0\0\xbd\x01\0\0\x40\
\x08\0\0\x16\0\x02\0\x30\x2f\0\0\xbd\x01\0\0\x3f\x09\0\0\x09\x24\x02\0\x68\x2f\
\0\0\xbd\x01\0\0\x8e\x09\0\0\x22\x28\x02\0\x78\x2f\0\0\xbd\x01\0\0\x8e\x09\0\0\
\x09\x28\x02\0\x88\x2f\0\0\xbd\x01\0\0\xc7\x09\0\0\x24\x30\x02\0\xa0\x2f\0\0\
\xbd\x01\0\0\xc7\x09\0\0\x3f\x30\x02\0\xa8\x2f\0\0\xbd\x01\0\0\xc7\x09\0\0\x0d\
\x30\x02\0\xc0\x2f\0\0\xbd\x01\0\0\x36\x0a\0\0\x15\x44\x02\0\xc8\x2f\0\0\xbd\
\x01\0\0\x4f\x0a\0\0\x09\x48\x02\0\xe8\x2f\0\0\xbd\x01\0\0\x64\x0c\0\0\x05\x3c\
\x03\0\xf0\x2f\0\0\xbd\x01\0\0\x4d\x02\0\0\x10\x88\x02\0\xf8\x2f\0\0\xbd\x01\0\
\0\x4d\x02\0\0\x0b\x88\x02\0\x10\x30\0\0\xbd\x01\0\0\x95\x03\0\0\x1b\x8c\x02\0\
\x28\x30\0\0\xbd\x01\0\0\xd8\x03\0\0\x09\x90\x02\0\x30\x30\0\0\xbd\x01\0\0\xe4\
\x03\0\0\x0c\xa0\x02\0\x38\x30\0\0\xbd\x01\0\0\xe4\x03\0\0\x09\xa0\x02\0\x40\
\x30\0\0\xbd\x01\0\0\xf5\x03\0\0\x16\xa4\x02\0\x48\x30\0\0\xbd\x01\0\0\xf5\x03\
\0\0\x1c\xa4\x02\0\x50\x30\0\0\xbd\x01\0\0\xf5\x03\0\0\x16\xa4\x02\0\x68\x30\0\
\0\xbd\x01\0\0\x18\x04\0\0\x13\xa8\x02\0\x80\x30\0\0\xbd\x01\0\0\x34\x04\0\0\
\x0d\xac\x02\0\x90\x30\0\0\xbd\x01\0\0\x7b\x04\0\0\x13\xb0\x02\0\xc0\x30\0\0\
\xbd\x01\0\0\xbb\x04\0\0\x09\xc4\x02\0\xc8\x30\0\0\xbd\x01\0\0\xc8\x04\0\0\x34\
\xc8\x02\0\xd0\x30\0\0\xbd\x01\0\0\xc8\x04\0\0\x27\xc8\x02\0\xd8\x30\0\0\xbd\
\x01\0\0\xc8\x04\0\0\x11\xc8\x02\0\xe0\x30\0\0\xbd\x01\0\0\x4d\x02\0\0\x10\xa8\
\x01\0\xf0\x30\0\0\xbd\x01\0\0\x01\x05\0\0\x19\x68\x01\0\x08\x31\0\0\xbd\x01\0\
\0\x35\x05\0\0\x28\xac\x01\0\x18\x31\0\0\xbd\x01\0\0\x01\x05\0\0\x19\x68\x01\0\
\x30\x31\0\0\xbd\x01\0\0\x69\x05\0\0\x1c\x6c\x01\0\x48\x31\0\0\xbd\x01\0\0\xa5\
\x05\0\0\x09\x70\x01\0\x60\x31\0\0\xbd\x01\0\0\xb1\x05\0\0\x15\xb0\x01\0\x70\
\x31\0\0\xbd\x01\0\0\xdb\x05\0\0\x14\xb8\x02\0\x88\x31\0\0\xbd\x01\0\0\xf5\x05\
\0\0\x0b\x7c\x01\0\xa0\x31\0\0\xbd\x01\0\0\x15\x06\0\0\x12\x80\x01\0\xb8\x31\0\
\0\xbd\x01\0\0\x49\x06\0\0\x09\x84\x01\0\xd0\x31\0\0\xbd\x01\0\0\xb1\x05\0\0\
\x15\xb0\x01\0\xd8\x31\0\0\xbd\x01\0\0\x57\x06\0\0\x2b\x8c\x01\0\xf8\x31\0\0\
\xbd\x01\0\0\x57\x06\0\0\x1e\x8c\x01\0\0\x32\0\0\xbd\x01\0\0\x57\x06\0\0\x48\
\x8c\x01\0\x08\x32\0\0\xbd\x01\0\0\x57\x06\0\0\x1e\x8c\x01\0\x30\x32\0\0\xbd\
\x01\0\0\xaf\x06\0\0\x05\x90\x01\0\x58\x32\0\0\xbd\x01\0\0\xe9\x06\0\0\x0c\x94\
\x01\0\x88\x32\0\0\xbd\x01\0\0\xb1\x05\0\0\x15\xb0\x01\0\x90\x32\0\0\xbd\x01\0\
\0\x15\x07\0\0\x1e\xb4\x01\0\x98\x32\0\0\xbd\x01\0\0\xb1\x05\0\0\x1e\xb0\x01\0\
\xa0\x32\0\0\xbd\x01\0\0\x3b\x07\0\0\x11\xc8\x01\0\xc0\x32\0\0\xbd\x01\0\0\x55\
\x07\0\0\x1f\xec\x01\0\xf0\x32\0\0\xbd\x01\0\0\xa0\x07\0\0\x0d\xf0\x01\0\x18\
\x33\0\0\xbd\x01\0\0\xb2\x07\0\0\x10\x4c\x01\0\x30\x33\0\0\xbd\x01\0\0\xe4\x07\
\0\0\x09\x50\x01\0\x40\x33\0\0\xbd\x01\0\0\xef\x07\0\0\x09\x54\x01\0\x58\x33\0\
\0\xbd\x01\0\0\x13\x08\0\0\x05\xcc\x02\0\x70\x33\0\0\xbd\x01\0\0\x64\x0c\0\0\
\x05\x3c\x03\0\x98\x33\0\0\xbd\x01\0\0\x40\x08\0\0\x18\0\x02\0\xb0\x33\0\0\xbd\
\x01\0\0\x6b\x08\0\0\x16\x20\x02\0\xb8\x33\0\0\xbd\x01\0\0\x87\x08\0\0\x16\x18\
\x02\0\xc0\x33\0\0\xbd\x01\0\0\xa5\x08\0\0\x16\x14\x02\0\xd0\x33\0\0\xbd\x01\0\
\0\xc0\x08\0\0\x16\x10\x02\0\xe0\x33\0\0\xbd\x01\0\0\xe2\x08\0\0\x16\x0c\x02\0\
\xf8\x33\0\0\xbd\x01\0\0\x03\x09\0\0\x16\x08\x02\0\x08\x34\0\0\xbd\x01\0\0\x1f\
\x09\0\0\x16\x04\x02\0\x10\x34\0\0\xbd\x01\0\0\x40\x08\0\0\x16\0\x02\0\x20\x34\
\0\0\xbd\x01\0\0\x3f\x09\0\0\x09\x24\x02\0\x50\x34\0\0\xbd\x01\0\0\x74\x09\0\0\
\x16\x1c\x02\0\x58\x34\0\0\xbd\x01\0\0\x3f\x09\0\0\x09\x24\x02\0\x60\x34\0\0\
\xbd\x01\0\0\x8e\x09\0\0\x22\x28\x02\0\x70\x34\0\0\xbd\x01\0\0\x8e\x09\0\0\x09\
\x28\x02\0\x80\x34\0\0\xbd\x01\0\0\xc7\x09\0\0\x24\x30\x02\0\x90\x34\0\0\xbd\
\x01\0\0\xc7\x09\0\0\x0d\x30\x02\0\xb0\x34\0\0\xbd\x01\0\0\x0f\x0a\0\0\x0d\x34\
\x02\0\xe8\x34\0\0\xbd\x01\0\0\xb2\x07\0\0\x10\x4c\x01\0\0\x35\0\0\xbd\x01\0\0\
\xe4\x07\0\0\x09\x50\x01\0\x18\x35\0\0\xbd\x01\0\0\x36\x0a\0\0\x15\x44\x02\0\
\x20\x35\0\0\xbd\x01\0\0\x4f\x0a\0\0\x09\x48\x02\0\x40\x35\0\0\xbd\x01\0\0\x3b\
\x07\0\0\x11\xc8\x01\0\x48\x35\0\0\xbd\x01\0\0\x55\x07\0\0\x1f\xec\x01\0\x78\
\x35\0\0\xbd\x01\0\0\xa0\x07\0\0\x0d\xf0\x01\0\x80\x35\0\0\xbd\x01\0\0\x40\x08\
\0\0\x18\0\x02\0\x88\x35\0\0\xbd\x01\0\0\x6b\x08\0\0\x16\x20\x02\0\xa0\x35\0\0\
\xbd\x01\0\0\x74\x09\0\0\x16\x1c\x02\0\xb8\x35\0\0\xbd\x01\0\0\x87\x08\0\0\x16\
\x18\x02\0\xc0\x35\0\0\xbd\x01\0\0\xa5\x08\0\0\x16\x14\x02\0\xd0\x35\0\0\xbd\
\x01\0\0\xc0\x08\0\0\x16\x10\x02\0\xe0\x35\0\0\xbd\x01\0\0\xe2\x08\0\0\x16\x0c\
\x02\0\xf0\x35\0\0\xbd\x01\0\0\x03\x09\0\0\x16\x08\x02\0\0\x36\0\0\xbd\x01\0\0\
\x1f\x09\0\0\x16\x04\x02\0\x08\x36\0\0\xbd\x01\0\0\x40\x08\0\0\x16\0\x02\0\x18\
\x36\0\0\xbd\x01\0\0\x3f\x09\0\0\x09\x24\x02\0\x50\x36\0\0\xbd\x01\0\0\x8e\x09\
\0\0\x22\x28\x02\0\x60\x36\0\0\xbd\x01\0\0\x8e\x09\0\0\x09\x28\x02\0\x70\x36\0\
\0\xbd\x01\0\0\xc7\x09\0\0\x24\x30\x02\0\x80\x36\0\0\xbd\x01\0\0\xc7\x09\0\0\
\x3f\x30\x02\0\x90\x36\0\0\xbd\x01\0\0\xc7\x09\0\0\x0d\x30\x02\0\xb0\x36\0\0\
\xbd\x01\0\0\x36\x0a\0\0\x15\x44\x02\0\xb8\x36\0\0\xbd\x01\0\0\x4f\x0a\0\0\x09\
\x48\x02\0\xd0\x36\0\0\xbd\x01\0\0\x3b\x07\0\0\x11\xc8\x01\0\xe0\x36\0\0\xbd\
\x01\0\0\x55\x07\0\0\x1f\xec\x01\0\x10\x37\0\0\xbd\x01\0\0\xa0\x07\0\0\x0d\xf0\
\x01\0\x18\x37\0\0\xbd\x01\0\0\x40\x08\0\0\x18\0\x02\0\x20\x37\0\0\xbd\x01\0\0\
\x6b\x08\0\0\x16\x20\x02\0\x38\x37\0\0\xbd\x01\0\0\x74\x09\0\0\x16\x1c\x02\0\
\x48\x37\0\0\xbd\x01\0\0\x87\x08\0\0\x16\x18\x02\0\x50\x37\0\0\xbd\x01\0\0\xa5\
\x08\0\0\x16\x14\x02\0\x60\x37\0\0\xbd\x01\0\0\xc0\x08\0\0\x16\x10\x02\0\x70\
\x37\0\0\xbd\x01\0\0\xe2\x08\0\0\x16\x0c\x02\0\x80\x37\0\0\xbd\x01\0\0\x03\x09\
\0\0\x16\x08\x02\0\x90\x37\0\0\xbd\x01\0\0\x1f\x09\0\0\x16\x04\x02\0\x98\x37\0\
\0\xbd\x01\0\0\x40\x08\0\0\x16\0\x02\0\xa8\x37\0\0\xbd\x01\0\0\x3f\x09\0\0\x09\
\x24\x02\0\xe0\x37\0\0\xbd\x01\0\0\x8e\x09\0\0\x22\x28\x02\0\xf0\x37\0\0\xbd\
\x01\0\0\x8e\x09\0\0\x09\x28\x02\0\0\x38\0\0\xbd\x01\0\0\xc7\x09\0\0\x24\x30\
\x02\0\x10\x38\0\0\xbd\x01\0\0\xc7\x09\0\0\x3f\x30\x02\0\x20\x38\0\0\xbd\x01\0\
\0\xc7\x09\0\0\x0d\x30\x02\0\x38\x38\0\0\xbd\x01\0\0\x36\x0a\0\0\x15\x44\x02\0\
\x40\x38\0\0\xbd\x01\0\0\x4f\x0a\0\0\x09\x48\x02\0\x58\x38\0\0\xbd\x01\0\0\x3b\
\x07\0\0\x11\xc8\x01\0\x60\x38\0\0\xbd\x01\0\0\x55\x07\0\0\x1f\xec\x01\0\x90\
\x38\0\0\xbd\x01\0\0\xa0\x07\0\0\x0d\xf0\x01\0\x98\x38\0\0\xbd\x01\0\0\x40\x08\
\0\0\x18\0\x02\0\xa0\x38\0\0\xbd\x01\0\0\x6b\x08\0\0\x16\x20\x02\0\xb8\x38\0\0\
\xbd\x01\0\0\x74\x09\0\0\x16\x1c\x02\0\xc8\x38\0\0\xbd\x01\0\0\x87\x08\0\0\x16\
\x18\x02\0\xd0\x38\0\0\xbd\x01\0\0\xa5\x08\0\0\x16\x14\x02\0\xe0\x38\0\0\xbd\
\x01\0\0\xc0\x08\0\0\x16\x10\x02\0\xf0\x38\0\0\xbd\x01\0\0\xe2\x08\0\0\x16\x0c\
\x02\0\0\x39\0\0\xbd\x01\0\0\x03\x09\0\0\x16\x08\x02\0\x10\x39\0\0\xbd\x01\0\0\
\x1f\x09\0\0\x16\x04\x02\0\x18\x39\0\0\xbd\x01\0\0\x40\x08\0\0\x16\0\x02\0\x28\
\x39\0\0\xbd\x01\0\0\x3f\x09\0\0\x09\x24\x02\0\x60\x39\0\0\xbd\x01\0\0\x8e\x09\
\0\0\x22\x28\x02\0\x70\x39\0\0\xbd\x01\0\0\x8e\x09\0\0\x09\x28\x02\0\x80\x39\0\
\0\xbd\x01\0\0\xc7\x09\0\0\x24\x30\x02\0\x90\x39\0\0\xbd\x01\0\0\xc7\x09\0\0\
\x3f\x30\x02\0\xa0\x39\0\0\xbd\x01\0\0\xc7\x09\0\0\x0d\x30\x02\0\xb8\x39\0\0\
\xbd\x01\0\0\x36\x0a\0\0\x15\x44\x02\0\xc0\x39\0\0\xbd\x01\0\0\x4f\x0a\0\0\x09\
\x48\x02\0\xd8\x39\0\0\xbd\x01\0\0\x3b\x07\0\0\x11\xc8\x01\0\xe0\x39\0\0\xbd\
\x01\0\0\x55\x07\0\0\x1f\xec\x01\0\x10\x3a\0\0\xbd\x01\0\0\xa0\x07\0\0\x0d\xf0\
\x01\0\x18\x3a\0\0\xbd\x01\0\0\x40\x08\0\0\x18\0\x02\0\x20\x3a\0\0\xbd\x01\0\0\
\x6b\x08\0\0\x16\x20\x02\0\x38\x3a\0\0\xbd\x01\0\0\x74\x09\0\0\x16\x1c\x02\0\
\x48\x3a\0\0\xbd\x01\0\0\x87\x08\0\0\x16\x18\x02\0\x50\x3a\0\0\xbd\x01\0\0\xa5\
\x08\0\0\x16\x14\x02\0\x60\x3a\0\0\xbd\x01\0\0\xc0\x08\0\0\x16\x10\x02\0\x70\
\x3a\0\0\xbd\x01\0\0\xe2\x08\0\0\x16\x0c\x02\0\x80\x3a\0\0\xbd\x01\0\0\x03\x09\
\0\0\x16\x08\x02\0\x90\x3a\0\0\xbd\x01\0\0\x1f\x09\0\0\x16\x04\x02\0\x98\x3a\0\
\0\xbd\x01\0\0\x40\x08\0\0\x16\0\x02\0\xa8\x3a\0\0\xbd\x01\0\0\x3f\x09\0\0\x09\
\x24\x02\0\xe0\x3a\0\0\xbd\x01\0\0\x8e\x09\0\0\x22\x28\x02\0\xf0\x3a\0\0\xbd\
\x01\0\0\x8e\x09\0\0\x09\x28\x02\0\0\x3b\0\0\xbd\x01\0\0\xc7\x09\0\0\x24\x30\
\x02\0\x10\x3b\0\0\xbd\x01\0\0\xc7\x09\0\0\x3f\x30\x02\0\x20\x3b\0\0\xbd\x01\0\
\0\xc7\x09\0\0\x0d\x30\x02\0\x38\x3b\0\0\xbd\x01\0\0\x36\x0a\0\0\x15\x44\x02\0\
\x40\x3b\0\0\xbd\x01\0\0\x4f\x0a\0\0\x09\x48\x02\0\x58\x3b\0\0\xbd\x01\0\0\x3b\
\x07\0\0\x11\xc8\x01\0\x60\x3b\0\0\xbd\x01\0\0\x55\x07\0\0\x1f\xec\x01\0\x90\
\x3b\0\0\xbd\x01\0\0\xa0\x07\0\0\x0d\xf0\x01\0\x98\x3b\0\0\xbd\x01\0\0\x40\x08\
\0\0\x18\0\x02\0\xa0\x3b\0\0\xbd\x01\0\0\x6b\x08\0\0\x16\x20\x02\0\xb8\x3b\0\0\
\xbd\x01\0\0\x74\x09\0\0\x16\x1c\x02\0\xc8\x3b\0\0\xbd\x01\0\0\x87\x08\0\0\x16\
\x18\x02\0\xd0\x3b\0\0\xbd\x01\0\0\xa5\x08\0\0\x16\x14\x02\0\xe0\x3b\0\0\xbd\
\x01\0\0\xc0\x08\0\0\x16\x10\x02\0\xf0\x3b\0\0\xbd\x01\0\0\xe2\x08\0\0\x16\x0c\
\x02\0\0\x3c\0\0\xbd\x01\0\0\x03\x09\0\0\x16\x08\x02\0\x10\x3c\0\0\xbd\x01\0\0\
\x1f\x09\0\0\x16\x04\x02\0\x18\x3c\0\0\xbd\x01\0\0\x40\x08\0\0\x16\0\x02\0\x28\
\x3c\0\0\xbd\x01\0\0\x3f\x09\0\0\x09\x24\x02\0\x60\x3c\0\0\xbd\x01\0\0\x8e\x09\
\0\0\x22\x28\x02\0\x70\x3c\0\0\xbd\x01\0\0\x8e\x09\0\0\x09\x28\x02\0\x80\x3c\0\
\0\xbd\x01\0\0\xc7\x09\0\0\x24\x30\x02\0\x90\x3c\0\0\xbd\x01\0\0\xc7\x09\0\0\
\x3f\x30\x02\0\xa0\x3c\0\0\xbd\x01\0\0\xc7\x09\0\0\x0d\x30\x02\0\xb8\x3c\0\0\
\xbd\x01\0\0\x36\x0a\0\0\x15\x44\x02\0\xc0\x3c\0\0\xbd\x01\0\0\x4f\x0a\0\0\x09\
\x48\x02\0\xd8\x3c\0\0\xbd\x01\0\0\x3b\x07\0\0\x11\xc8\x01\0\xe0\x3c\0\0\xbd\
\x01\0\0\x55\x07\0\0\x1f\xec\x01\0\x10\x3d\0\0\xbd\x01\0\0\xa0\x07\0\0\x0d\xf0\
\x01\0\x18\x3d\0\0\xbd\x01\0\0\x40\x08\0\0\x18\0\x02\0\x20\x3d\0\0\xbd\x01\0\0\
\x6b\x08\0\0\x16\x20\x02\0\x38\x3d\0\0\xbd\x01\0\0\x74\x09\0\0\x16\x1c\x02\0\
\x48\x3d\0\0\xbd\x01\0\0\x87\x08\0\0\x16\x18\x02\0\x50\x3d\0\0\xbd\x01\0\0\xa5\
\x08\0\0\x16\x14\x02\0\x60\x3d\0\0\xbd\x01\0\0\xc0\x08\0\0\x16\x10\x02\0\x70\
\x3d\0\0\xbd\x01\0\0\xe2\x08\0\0\x16\x0c\x02\0\x80\x3d\0\0\xbd\x01\0\0\x03\x09\
\0\0\x16\x08\x02\0\x90\x3d\0\0\xbd\x01\0\0\x1f\x09\0\0\x16\x04\x02\0\x98\x3d\0\
\0\xbd\x01\0\0\x40\x08\0\0\x16\0\x02\0\xa8\x3d\0\0\xbd\x01\0\0\x3f\x09\0\0\x09\
\x24\x02\0\xe0\x3d\0\0\xbd\x01\0\0\x8e\x09\0\0\x22\x28\x02\0\xf0\x3d\0\0\xbd\
\x01\0\0\x8e\x09\0\0\x09\x28\x02\0\0\x3e\0\0\xbd\x01\0\0\xc7\x09\0\0\x24\x30\
\x02\0\x10\x3e\0\0\xbd\x01\0\0\xc7\x09\0\0\x3f\x30\x02\0\x20\x3e\0\0\xbd\x01\0\
\0\xc7\x09\0\0\x0d\x30\x02\0\x38\x3e\0\0\xbd\x01\0\0\x36\x0a\0\0\x15\x44\x02\0\
\x40\x3e\0\0\xbd\x01\0\0\x4f\x0a\0\0\x09\x48\x02\0\x58\x3e\0\0\xbd\x01\0\0\x3b\
\x07\0\0\x11\xc8\x01\0\x60\x3e\0\0\xbd\x01\0\0\x55\x07\0\0\x1f\xec\x01\0\x90\
\x3e\0\0\xbd\x01\0\0\xa0\x07\0\0\x0d\xf0\x01\0\x98\x3e\0\0\xbd\x01\0\0\x40\x08\
\0\0\x18\0\x02\0\xa0\x3e\0\0\xbd\x01\0\0\x6b\x08\0\0\x16\x20\x02\0\xb8\x3e\0\0\
\xbd\x01\0\0\x74\x09\0\0\x16\x1c\x02\0\xc0\x3e\0\0\xbd\x01\0\0\x87\x08\0\0\x16\
\x18\x02\0\xd0\x3e\0\0\xbd\x01\0\0\xa5\x08\0\0\x16\x14\x02\0\xe0\x3e\0\0\xbd\
\x01\0\0\xc0\x08\0\0\x16\x10\x02\0\xf0\x3e\0\0\xbd\x01\0\0\xe2\x08\0\0\x16\x0c\
\x02\0\0\x3f\0\0\xbd\x01\0\0\x03\x09\0\0\x16\x08\x02\0\x10\x3f\0\0\xbd\x01\0\0\
\x1f\x09\0\0\x16\x04\x02\0\x18\x3f\0\0\xbd\x01\0\0\x40\x08\0\0\x16\0\x02\0\x28\
\x3f\0\0\xbd\x01\0\0\x3f\x09\0\0\x09\x24\x02\0\x60\x3f\0\0\xbd\x01\0\0\x8e\x09\
\0\0\x22\x28\x02\0\x70\x3f\0\0\xbd\x01\0\0\x8e\x09\0\0\x09\x28\x02\0\x80\x3f\0\
\0\xbd\x01\0\0\xc7\x09\0\0\x24\x30\x02\0\x98\x3f\0\0\xbd\x01\0\0\xc7\x09\0\0\
\x3f\x30\x02\0\xa0\x3f\0\0\xbd\x01\0\0\xc7\x09\0\0\x0d\x30\x02\0\xb8\x3f\0\0\
\xbd\x01\0\0\x36\x0a\0\0\x15\x44\x02\0\xc0\x3f\0\0\xbd\x01\0\0\x4f\x0a\0\0\x09\
\x48\x02\0\x10\0\0\0\xb1\x01\0\0\x11\0\0\0\0\0\0\0\x27\0\0\0\xb8\x01\0\0\0\0\0\
\0\x08\0\0\0\x27\0\0\0\x43\x02\0\0\0\0\0\0\x10\0\0\0\x27\0\0\0\x48\x02\0\0\0\0\
\0\0\xb8\0\0\0\x27\0\0\0\xb8\x01\0\0\0\0\0\0\xc0\0\0\0\x27\0\0\0\x43\x02\0\0\0\
\0\0\0\xc8\0\0\0\x27\0\0\0\x48\x02\0\0\0\0\0\0\x78\x01\0\0\x27\0\0\0\xb8\x01\0\
\0\0\0\0\0\x80\x01\0\0\x27\0\0\0\x43\x02\0\0\0\0\0\0\x88\x01\0\0\x27\0\0\0\x9e\
\x0b\0\0\0\0\0\0\x90\x01\0\0\x27\0\0\0\x48\x02\0\0\0\0\0\0\x30\x02\0\0\x27\0\0\
\0\xb8\x01\0\0\0\0\0\0\x38\x02\0\0\x27\0\0\0\x43\x02\0\0\0\0\0\0\x40\x02\0\0\
\x27\0\0\0\x9e\x0b\0\0\0\0\0\0\x48\x02\0\0\x27\0\0\0\x48\x02\0\0\0\0\0\0\xe8\
\x02\0\0\x27\0\0\0\x43\x02\0\0\0\0\0\0\xf0\x02\0\0\x27\0\0\0\xb8\x01\0\0\0\0\0\
\0\x68\x04\0\0\x27\0\0\0\xb8\x01\0\0\0\0\0\0\x43\x03\0\0\x04\0\0\0\0\0\0\0\x27\
\0\0\0\x4d\x03\0\0\0\0\0\0\xf8\x0f\0\0\x27\0\0\0\x4d\x03\0\0\0\0\0\0\xf0\x1f\0\
\0\x27\0\0\0\x4d\x03\0\0\0\0\0\0\xe8\x2f\0\0\x27\0\0\0\x4d\x03\0\0\0\0\0\0\0\0\
\0\0\x0c\0\0\0\xff\xff\xff\xff\x04\0\x08\0\x08\x7c\x0b\0\x14\0\0\0\0\0\0\0\0\0\
\0\0\0\0\0\0\xb8\0\0\0\0\0\0\0\x14\0\0\0\0\0\0\0\0\0\0\0\0\0\0\0\xf8\x0f\0\0\0\
\0\0\0\x14\0\0\0\0\0\0\0\xb8\0\0\0\0\0\0\0\xc0\0\0\0\0\0\0\0\x14\0\0\0\0\0\0\0\
\xf8\x0f\0\0\0\0\0\0\xf8\x0f\0\0\0\0\0\0\x14\0\0\0\0\0\0\0\x78\x01\0\0\0\0\0\0\
\xb8\0\0\0\0\0\0\0\x14\0\0\0\0\0\0\0\xf0\x1f\0\0\0\0\0\0\xf8\x0f\0\0\0\0\0\0\
\x14\0\0\0\0\0\0\0\x30\x02\0\0\0\0\0\0\xb8\0\0\0\0\0\0\0\x14\0\0\0\0\0\0\0\xe8\
\x2f\0\0\0\0\0\0\xf8\x0f\0\0\0\0\0\0\x14\0\0\0\0\0\0\0\xe8\x02\0\0\0\0\0\0\x80\
\x01\0\0\0\0\0\0\x14\0\0\0\0\0\0\0\x68\x04\0\0\0\0\0\0\x38\x02\0\0\0\0\0\0\x06\
\x0f\0\0\x05\0\x08\0\x7e\0\0\0\x08\x01\x01\xfb\x0e\x0d\0\x01\x01\x01\x01\0\0\0\
\x01\0\0\x01\x01\x01\x1f\x03\0\0\0\0\x32\0\0\0\x34\0\0\0\x03\x01\x1f\x02\x0f\
\x05\x1e\x04\x45\0\0\0\0\x3a\x09\x9d\x11\x2d\x0b\x14\xbc\x88\xa5\xbc\x86\x0a\
\x9a\xd7\xed\x54\0\0\0\x01\xf2\x11\x13\x4a\x51\x59\x7e\x08\xfe\x33\xf4\x40\xc2\
\xd7\x7c\x19\x5e\0\0\0\x02\x11\xf0\x96\x23\xd7\x23\0\x81\x24\x7a\xfa\xcd\xc7\
\xc1\xa6\x41\x70\0\0\0\x01\x7e\xd7\x4b\x21\x51\x9c\x9d\x11\x4d\x0b\x1f\xfc\x46\
\xd0\xb3\x1d\x04\0\x05\x05\x0a\0\x09\x02\0\0\0\0\0\0\0\0\x03\xb7\x01\x01\x05\
\x10\x03\x61\x3c\x05\x0b\x06\x20\x05\x1a\x06\x03\x20\x20\x03\x61\x2e\x06\x03\
\xe6\x7e\x66\x05\x05\x06\x03\x9c\x01\x4a\x03\x1c\x4a\x02\x02\0\x01\x01\x04\0\
\x05\x05\x0a\0\x09\x02\xb8\0\0\0\0\0\0\0\x03\xbd\x01\x01\x05\x10\x03\x5b\x3c\
\x05\x0b\x06\x20\x05\x1a\x06\x2f\x03\x25\x20\x03\x5b\x2e\x06\x03\xe6\x7e\x58\
\x05\x05\x06\x03\x9c\x01\x4a\x03\x22\x4a\x02\x02\0\x01\x01\x04\0\x05\x05\x0a\0\
\x09\x02\x78\x01\0\0\0\0\0\0\x03\xc3\x01\x01\x05\x10\x03\x55\x4a\x05\x0b\x06\
\x20\x05\x1a\x06\x3d\x06\x03\xe6\x7e\x58\x05\x05\x06\x03\x9c\x01\x4a\x03\x28\
\x4a\x02\x02\0\x01\x01\x04\0\x05\x05\x0a\0\x09\x02\x30\x02\0\0\0\0\0\0\x03\xca\
\x01\x01\x05\x10\x03\x4e\x4a\x05\x0b\x06\x20\x05\x1a\x06\x3d\x06\x03\xe6\x7e\
\x58\x05\x05\x06\x03\x9c\x01\x4a\x03\x2f\x4a\x02\x02\0\x01\x01\x04\0\x05\x05\
\x0a\0\x09\x02\xe8\x02\0\0\0\0\0\0\x03\xd1\x01\x01\x05\x25\x30\x05\x19\x03\x86\
\x7f\x20\x05\x40\x03\xfa\0\x3c\x05\x19\x03\x86\x7f\x20\x06\x03\xa6\x7f\x20\x05\
\x1c\x06\x03\xdb\0\x2e\x05\x09\x3d\x03\xf9\0\x20\x06\x03\xab\x7e\x20\x05\x0b\
\x06\x03\xdf\0\x20\x05\x12\x3d\x05\x09\x3d\x03\xf4\0\x20\x05\x2b\x03\x8e\x7f\
\x20\x05\x1e\x06\x4a\x05\x48\x20\x05\x1e\x20\x03\x9d\x7f\x20\x05\x05\x06\x03\
\xe4\0\x4a\x05\x0c\x59\x05\x09\x03\xf0\0\x4a\x05\x10\x21\x05\x05\x1c\x0a\x03\
\x09\x2e\x05\x10\x22\x06\x03\xa3\x7e\x2e\x05\x19\x06\x03\xde\x01\x20\x05\x25\
\x06\x2e\x05\x19\x2e\x03\xa2\x7e\x20\x05\x1c\x06\x03\xdf\x01\x2e\x05\x09\x4b\
\x06\x03\xa0\x7e\x20\x05\x1b\x06\x03\xe3\x01\x2e\x05\x09\x59\x21\x05\x16\x9f\
\x05\x14\x06\x20\x05\x1a\x06\x21\x05\x14\x06\x20\x06\x21\x2f\x21\x05\x1a\x21\
\x05\x14\x06\x20\x06\x2f\x05\x09\x03\x79\x20\x36\x2f\x05\x05\x3d\x06\x03\x91\
\x7e\x20\x05\x10\x06\x03\xd3\0\x4a\x05\x09\x3d\x06\x03\xac\x7f\x20\x06\x03\xd5\
\0\x20\x06\x03\xab\x7f\x20\x05\x05\x06\x03\xf2\x01\x2e\x03\x69\x3c\x02\x02\0\
\x01\x01\x04\0\x05\x05\x0a\0\x09\x02\0\0\0\0\0\0\0\0\x03\xba\x01\x01\x05\x10\
\x03\x67\x20\x05\x0b\x06\x20\x03\xde\x7e\x20\x05\x1b\x06\x03\xa3\x01\x2e\x05\
\x09\x3d\x05\x0c\x24\x05\x09\x06\x20\x05\x16\x06\x21\x05\x1c\x06\x20\x05\x16\
\x20\x03\xd7\x7e\x20\x05\x13\x06\x03\xaa\x01\x2e\x06\x03\xd6\x7e\x20\x05\x0d\
\x06\x03\xab\x01\x2e\x05\x13\x2f\x06\x03\xd4\x7e\x3c\x05\x09\x06\x03\xb1\x01\
\x3c\x05\x34\x21\x05\x27\x06\x20\x05\x11\x20\x05\x10\x06\x03\xb8\x7f\x20\x06\
\x03\x96\x7f\x20\x05\x19\x06\x03\xda\0\x20\x05\x28\x03\x11\x3c\x05\x19\x03\x6f\
\x2e\x05\x1c\x3d\x05\x09\x3d\x05\x15\x03\x10\x3c\x06\x03\x94\x7f\x20\x05\x14\
\x06\x03\xae\x01\x20\x06\x03\xd2\x7e\x2e\x05\x0b\x06\x03\xdf\0\x20\x05\x12\x3d\
\x05\x09\x3d\x06\x03\x9f\x7f\x20\x05\x15\x06\x03\xec\0\x2e\x05\x2b\x03\x77\x20\
\x05\x1e\x06\x4a\x05\x48\x20\x05\x1e\x20\x03\x9d\x7f\x20\x05\x05\x06\x03\xe4\0\
\x4a\x05\x0c\x59\x06\x03\x9b\x7f\x4a\x05\x15\x06\x03\xec\0\x2e\x05\x1e\x21\x1f\
\x05\x11\x26\x06\x03\x8e\x7f\x2e\x05\x1f\x06\x03\xfb\0\x2e\x05\x0d\x67\x06\x03\
\x84\x7f\x20\x05\x10\x06\x03\xd3\0\x4a\x05\x09\x3d\x06\x03\xac\x7f\x20\x06\x03\
\xd5\0\x20\x06\x03\xab\x7f\x20\x05\x05\x06\x03\xb3\x01\x2e\x44\x06\x03\xc5\x7e\
\x2e\x05\x18\x06\x03\x80\x01\x3c\x06\x03\x80\x7f\x20\x05\x16\x06\x03\x88\x01\
\x2e\x1e\x1f\x2d\x2d\x3b\x2d\x1f\x05\x09\x03\x09\x2e\x05\x16\x64\x05\x09\x22\
\x05\x22\x21\x05\x09\x06\x2e\x05\x24\x06\x30\x05\x0d\x06\x2e\x06\x4b\x06\x03\
\xf3\x7e\x3c\x05\x10\x06\x03\xd3\0\x4a\x05\x09\x3d\x06\x03\xac\x7f\x20\x05\x15\
\x06\x03\x91\x01\x2e\x05\x09\x21\x06\x03\xee\x7e\x3c\x05\x11\x06\x03\xf2\0\x20\
\x05\x1f\x03\x09\x20\x05\x0d\x67\x05\x18\x24\x05\x16\x28\x3b\x3b\x1f\x2d\x2d\
\x2d\x2d\x1f\x05\x09\x03\x09\x2e\x05\x22\x75\x05\x09\x06\x2e\x05\x24\x06\x30\
\x05\x3f\x06\x2e\x05\x0d\x2e\x03\xf4\x7e\x2e\x03\x8c\x01\x20\x05\x15\x06\x25\
\x05\x09\x21\x05\x11\x03\x60\x3c\x05\x1f\x03\x09\x2e\x05\x0d\x67\x05\x18\x24\
\x05\x16\x28\x3b\x2d\x1f\x2d\x2d\x2d\x2d\x1f\x05\x09\x03\x09\x2e\x05\x22\x75\
\x05\x09\x06\x2e\x05\x24\x06\x30\x05\x3f\x06\x2e\x05\x0d\x2e\x05\x15\x06\x41\
\x05\x09\x21\x05\x11\x03\x60\x3c\x05\x1f\x03\x09\x20\x05\x0d\x67\x05\x18\x24\
\x05\x16\x28\x3b\x2d\x1f\x2d\x2d\x2d\x2d\x1f\x05\x09\x03\x09\x2e\x05\x22\x75\
\x05\x09\x06\x2e\x05\x24\x06\x30\x05\x3f\x06\x2e\x05\x0d\x2e\x05\x15\x06\x41\
\x05\x09\x21\x05\x11\x03\x60\x3c\x05\x1f\x03\x09\x20\x05\x0d\x67\x05\x18\x24\
\x05\x16\x28\x3b\x2d\x1f\x2d\x2d\x2d\x2d\x1f\x05\x09\x03\x09\x2e\x05\x22\x75\
\x05\x09\x06\x2e\x05\x24\x06\x30\x05\x3f\x06\x2e\x05\x0d\x2e\x05\x15\x06\x41\
\x05\x09\x21\x05\x11\x03\x60\x3c\x05\x1f\x03\x09\x20\x05\x0d\x67\x05\x18\x24\
\x05\x16\x28\x3b\x2d\x1f\x2d\x2d\x2d\x2d\x1f\x05\x09\x03\x09\x2e\x05\x22\x75\
\x05\x09\x06\x2e\x05\x24\x06\x30\x05\x3f\x06\x2e\x05\x0d\x2e\x05\x15\x06\x41\
\x05\x09\x21\x05\x11\x03\x60\x3c\x05\x1f\x03\x09\x20\x05\x0d\x67\x05\x18\x24\
\x05\x16\x28\x3b\x2d\x1f\x2d\x2d\x2d\x2d\x1f\x05\x09\x03\x09\x2e\x05\x22\x75\
\x05\x09\x06\x2e\x05\x24\x06\x30\x05\x3f\x06\x2e\x05\x0d\x2e\x05\x15\x06\x41\
\x05\x09\x21\x05\x11\x03\x60\x3c\x05\x1f\x03\x09\x20\x05\x0d\x67\x05\x18\x24\
\x05\x16\x28\x3b\x1f\x2d\x2d\x2d\x2d\x2d\x1f\x05\x09\x03\x09\x2e\x05\x22\x75\
\x05\x09\x06\x2e\x05\x24\x06\x30\x05\x3f\x06\x3c\x05\x0d\x20\x05\x15\x06\x41\
\x05\x09\x21\x06\x03\xee\x7e\x3c\x02\x01\0\x01\x01\x04\0\x05\x05\x0a\0\x09\x02\
\xf8\x0f\0\0\0\0\0\0\x03\xc0\x01\x01\x05\x10\x03\x61\x20\x05\x0b\x06\x20\x03\
\xde\x7e\x20\x05\x1b\x06\x03\xa3\x01\x2e\x05\x09\x3d\x05\x0c\x24\x05\x09\x06\
\x20\x05\x16\x06\x21\x05\x1c\x06\x20\x05\x16\x20\x03\xd7\x7e\x20\x05\x13\x06\
\x03\xaa\x01\x2e\x06\x03\xd6\x7e\x20\x05\x0d\x06\x03\xab\x01\x2e\x05\x13\x2f\
\x06\x03\xd4\x7e\x3c\x05\x09\x06\x03\xb1\x01\x3c\x05\x34\x21\x05\x27\x06\x20\
\x05\x11\x20\x05\x10\x06\x03\xb8\x7f\x20\x06\x03\x96\x7f\x20\x05\x19\x06\x03\
\xda\0\x20\x05\x28\x03\x11\x3c\x05\x19\x03\x6f\x2e\x05\x1c\x3d\x05\x09\x3d\x05\
\x15\x03\x10\x3c\x06\x03\x94\x7f\x20\x05\x14\x06\x03\xae\x01\x20\x06\x03\xd2\
\x7e\x2e\x05\x0b\x06\x03\xdf\0\x20\x05\x12\x3d\x05\x09\x3d\x06\x03\x9f\x7f\x20\
\x05\x15\x06\x03\xec\0\x2e\x05\x2b\x03\x77\x20\x05\x1e\x06\x4a\x05\x48\x20\x05\
\x1e\x20\x03\x9d\x7f\x20\x05\x05\x06\x03\xe4\0\x4a\x05\x0c\x59\x06\x03\x9b\x7f\
\x4a\x05\x15\x06\x03\xec\0\x2e\x05\x1e\x21\x1f\x05\x11\x26\x06\x03\x8e\x7f\x2e\
\x05\x1f\x06\x03\xfb\0\x2e\x05\x0d\x67\x06\x03\x84\x7f\x20\x05\x10\x06\x03\xd3\
\0\x4a\x05\x09\x3d\x06\x03\xac\x7f\x20\x06\x03\xd5\0\x20\x06\x03\xab\x7f\x20\
\x05\x05\x06\x03\xb3\x01\x2e\x03\x0e\x3c\x06\x03\xbf\x7e\x2e\x05\x18\x06\x03\
\x80\x01\x3c\x06\x03\x80\x7f\x20\x05\x16\x06\x03\x88\x01\x2e\x1e\x1f\x2d\x2d\
\x3b\x2d\x1f\x05\x09\x03\x09\x2e\x05\x16\x64\x05\x09\x22\x05\x22\x21\x05\x09\
\x06\x2e\x05\x24\x06\x30\x05\x0d\x06\x2e\x06\x4b\x06\x03\xf3\x7e\x3c\x05\x10\
\x06\x03\xd3\0\x4a\x05\x09\x3d\x06\x03\xac\x7f\x20\x05\x15\x06\x03\x91\x01\x2e\
\x05\x09\x21\x06\x03\xee\x7e\x3c\x05\x11\x06\x03\xf2\0\x20\x05\x1f\x03\x09\x20\
\x05\x0d\x67\x05\x18\x24\x05\x16\x28\x3b\x3b\x1f\x2d\x2d\x2d\x2d\x1f\x05\x09\
\x03\x09\x2e\x05\x22\x75\x05\x09\x06\x2e\x05\x24\x06\x30\x05\x3f\x06\x2e\x05\
\x0d\x2e\x03\xf4\x7e\x2e\x03\x8c\x01\x20\x05\x15\x06\x25\x05\x09\x21\x05\x11\
\x03\x60\x3c\x05\x1f\x03\x09\x2e\x05\x0d\x67\x05\x18\x24\x05\x16\x28\x3b\x2d\
\x1f\x2d\x2d\x2d\x2d\x1f\x05\x09\x03\x09\x2e\x05\x22\x75\x05\x09\x06\x2e\x05\
\x24\x06\x30\x05\x3f\x06\x2e\x05\x0d\x2e\x05\x15\x06\x41\x05\x09\x21\x05\x11\
\x03\x60\x3c\x05\x1f\x03\x09\x20\x05\x0d\x67\x05\x18\x24\x05\x16\x28\x3b\x2d\
\x1f\x2d\x2d\x2d\x2d\x1f\x05\x09\x03\x09\x2e\x05\x22\x75\x05\x09\x06\x2e\x05\
\x24\x06\x30\x05\x3f\x06\x2e\x05\x0d\x2e\x05\x15\x06\x41\x05\x09\x21\x05\x11\
\x03\x60\x3c\x05\x1f\x03\x09\x20\x05\x0d\x67\x05\x18\x24\x05\x16\x28\x3b\x2d\
\x1f\x2d\x2d\x2d\x2d\x1f\x05\x09\x03\x09\x2e\x05\x22\x75\x05\x09\x06\x2e\x05\
\x24\x06\x30\x05\x3f\x06\x2e\x05\x0d\x2e\x05\x15\x06\x41\x05\x09\x21\x05\x11\
\x03\x60\x3c\x05\x1f\x03\x09\x20\x05\x0d\x67\x05\x18\x24\x05\x16\x28\x3b\x2d\
\x1f\x2d\x2d\x2d\x2d\x1f\x05\x09\x03\x09\x2e\x05\x22\x75\x05\x09\x06\x2e\x05\
\x24\x06\x30\x05\x3f\x06\x2e\x05\x0d\x2e\x05\x15\x06\x41\x05\x09\x21\x05\x11\
\x03\x60\x3c\x05\x1f\x03\x09\x20\x05\x0d\x67\x05\x18\x24\x05\x16\x28\x3b\x2d\
\x1f\x2d\x2d\x2d\x2d\x1f\x05\x09\x03\x09\x2e\x05\x22\x75\x05\x09\x06\x2e\x05\
\x24\x06\x30\x05\x3f\x06\x2e\x05\x0d\x2e\x05\x15\x06\x41\x05\x09\x21\x05\x11\
\x03\x60\x3c\x05\x1f\x03\x09\x20\x05\x0d\x67\x05\x18\x24\x05\x16\x28\x3b\x1f\
\x2d\x2d\x2d\x2d\x2d\x1f\x05\x09\x03\x09\x2e\x05\x22\x75\x05\x09\x06\x2e\x05\
\x24\x06\x30\x05\x3f\x06\x3c\x05\x0d\x20\x05\x15\x06\x41\x05\x09\x21\x06\x03\
\xee\x7e\x3c\x02\x01\0\x01\x01\x04\0\x05\x05\x0a\0\x09\x02\xf0\x1f\0\0\0\0\0\0\
\x03\xc7\x01\x01\x05\x10\x03\x5a\x20\x05\x0b\x06\x20\x03\xde\x7e\x20\x05\x1b\
\x06\x03\xa3\x01\x2e\x05\x09\x3d\x05\x0c\x24\x05\x09\x06\x20\x05\x16\x06\x21\
\x05\x1c\x06\x20\x05\x16\x20\x03\xd7\x7e\x20\x05\x13\x06\x03\xaa\x01\x2e\x06\
\x03\xd6\x7e\x20\x05\x0d\x06\x03\xab\x01\x2e\x05\x13\x2f\x06\x03\xd4\x7e\x3c\
\x05\x09\x06\x03\xb1\x01\x3c\x05\x34\x21\x05\x27\x06\x20\x05\x11\x20\x05\x10\
\x06\x03\xb8\x7f\x20\x06\x03\x96\x7f\x20\x05\x19\x06\x03\xda\0\x20\x05\x28\x03\
\x11\x3c\x05\x19\x03\x6f\x2e\x05\x1c\x3d\x05\x09\x3d\x05\x15\x03\x10\x3c\x06\
\x03\x94\x7f\x20\x05\x14\x06\x03\xae\x01\x20\x06\x03\xd2\x7e\x2e\x05\x0b\x06\
\x03\xdf\0\x20\x05\x12\x3d\x05\x09\x3d\x06\x03\x9f\x7f\x20\x05\x15\x06\x03\xec\
\0\x2e\x05\x2b\x03\x77\x20\x05\x1e\x06\x4a\x05\x48\x20\x05\x1e\x20\x03\x9d\x7f\
\x20\x05\x05\x06\x03\xe4\0\x4a\x05\x0c\x59\x06\x03\x9b\x7f\x4a\x05\x15\x06\x03\
\xec\0\x2e\x05\x1e\x21\x1f\x05\x11\x26\x06\x03\x8e\x7f\x2e\x05\x1f\x06\x03\xfb\
\0\x2e\x05\x0d\x67\x06\x03\x84\x7f\x20\x05\x10\x06\x03\xd3\0\x4a\x05\x09\x3d\
\x06\x03\xac\x7f\x20\x06\x03\xd5\0\x20\x06\x03\xab\x7f\x20\x05\x05\x06\x03\xb3\
\x01\x2e\x03\x15\x3c\x06\x03\xb8\x7e\x2e\x05\x18\x06\x03\x80\x01\x3c\x06\x03\
\x80\x7f\x20\x05\x16\x06\x03\x88\x01\x2e\x1e\x1f\x2d\x2d\x3b\x2d\x1f\x05\x09\
\x03\x09\x2e\x05\x16\x64\x05\x09\x22\x05\x22\x21\x05\x09\x06\x2e\x05\x24\x06\
\x30\x05\x0d\x06\x2e\x06\x4b\x06\x03\xf3\x7e\x3c\x05\x10\x06\x03\xd3\0\x4a\x05\
\x09\x3d\x06\x03\xac\x7f\x20\x05\x15\x06\x03\x91\x01\x2e\x05\x09\x21\x06\x03\
\xee\x7e\x3c\x05\x11\x06\x03\xf2\0\x20\x05\x1f\x03\x09\x20\x05\x0d\x67\x05\x18\
\x24\x05\x16\x28\x3b\x3b\x1f\x2d\x2d\x2d\x2d\x1f\x05\x09\x03\x09\x2e\x05\x22\
\x75\x05\x09\x06\x2e\x05\x24\x06\x30\x05\x3f\x06\x2e\x05\x0d\x2e\x03\xf4\x7e\
\x2e\x03\x8c\x01\x20\x05\x15\x06\x25\x05\x09\x21\x05\x11\x03\x60\x3c\x05\x1f\
\x03\x09\x2e\x05\x0d\x67\x05\x18\x24\x05\x16\x28\x3b\x2d\x1f\x2d\x2d\x2d\x2d\
\x1f\x05\x09\x03\x09\x2e\x05\x22\x75\x05\x09\x06\x2e\x05\x24\x06\x30\x05\x3f\
\x06\x2e\x05\x0d\x2e\x05\x15\x06\x41\x05\x09\x21\x05\x11\x03\x60\x3c\x05\x1f\
\x03\x09\x20\x05\x0d\x67\x05\x18\x24\x05\x16\x28\x3b\x2d\x1f\x2d\x2d\x2d\x2d\
\x1f\x05\x09\x03\x09\x2e\x05\x22\x75\x05\x09\x06\x2e\x05\x24\x06\x30\x05\x3f\
\x06\x2e\x05\x0d\x2e\x05\x15\x06\x41\x05\x09\x21\x05\x11\x03\x60\x3c\x05\x1f\
\x03\x09\x20\x05\x0d\x67\x05\x18\x24\x05\x16\x28\x3b\x2d\x1f\x2d\x2d\x2d\x2d\
\x1f\x05\x09\x03\x09\x2e\x05\x22\x75\x05\x09\x06\x2e\x05\x24\x06\x30\x05\x3f\
\x06\x2e\x05\x0d\x2e\x05\x15\x06\x41\x05\x09\x21\x05\x11\x03\x60\x3c\x05\x1f\
\x03\x09\x20\x05\x0d\x67\x05\x18\x24\x05\x16\x28\x3b\x2d\x1f\x2d\x2d\x2d\x2d\
\x1f\x05\x09\x03\x09\x2e\x05\x22\x75\x05\x09\x06\x2e\x05\x24\x06\x30\x05\x3f\
\x06\x2e\x05\x0d\x2e\x05\x15\x06\x41\x05\x09\x21\x05\x11\x03\x60\x3c\x05\x1f\
\x03\x09\x20\x05\x0d\x67\x05\x18\x24\x05\x16\x28\x3b\x2d\x1f\x2d\x2d\x2d\x2d\
\x1f\x05\x09\x03\x09\x2e\x05\x22\x75\x05\x09\x06\x2e\x05\x24\x06\x30\x05\x3f\
\x06\x2e\x05\x0d\x2e\x05\x15\x06\x41\x05\x09\x21\x05\x11\x03\x60\x3c\x05\x1f\
\x03\x09\x20\x05\x0d\x67\x05\x18\x24\x05\x16\x28\x3b\x1f\x2d\x2d\x2d\x2d\x2d\
\x1f\x05\x09\x03\x09\x2e\x05\x22\x75\x05\x09\x06\x2e\x05\x24\x06\x30\x05\x3f\
\x06\x3c\x05\x0d\x20\x05\x15\x06\x41\x05\x09\x21\x06\x03\xee\x7e\x3c\x02\x01\0\
\x01\x01\x04\0\x05\x05\x0a\0\x09\x02\xe8\x2f\0\0\0\0\0\0\x03\xce\x01\x01\x05\
\x10\x03\x53\x20\x05\x0b\x06\x20\x03\xde\x7e\x20\x05\x1b\x06\x03\xa3\x01\x2e\
\x05\x09\x3d\x05\x0c\x24\x05\x09\x06\x20\x05\x16\x06\x21\x05\x1c\x06\x20\x05\
\x16\x20\x03\xd7\x7e\x20\x05\x13\x06\x03\xaa\x01\x2e\x06\x03\xd6\x7e\x20\x05\
\x0d\x06\x03\xab\x01\x2e\x05\x13\x2f\x06\x03\xd4\x7e\x3c\x05\x09\x06\x03\xb1\
\x01\x3c\x05\x34\x21\x05\x27\x06\x20\x05\x11\x20\x05\x10\x06\x03\xb8\x7f\x20\
\x06\x03\x96\x7f\x20\x05\x19\x06\x03\xda\0\x20\x05\x28\x03\x11\x3c\x05\x19\x03\
\x6f\x2e\x05\x1c\x3d\x05\x09\x3d\x05\x15\x03\x10\x3c\x06\x03\x94\x7f\x20\x05\
\x14\x06\x03\xae\x01\x20\x06\x03\xd2\x7e\x2e\x05\x0b\x06\x03\xdf\0\x20\x05\x12\
\x3d\x05\x09\x3d\x06\x03\x9f\x7f\x20\x05\x15\x06\x03\xec\0\x2e\x05\x2b\x03\x77\
\x20\x05\x1e\x06\x4a\x05\x48\x20\x05\x1e\x20\x03\x9d\x7f\x20\x05\x05\x06\x03\
\xe4\0\x4a\x05\x0c\x59\x06\x03\x9b\x7f\x4a\x05\x15\x06\x03\xec\0\x2e\x05\x1e\
\x21\x1f\x05\x11\x26\x06\x03\x8e\x7f\x2e\x05\x1f\x06\x03\xfb\0\x2e\x05\x0d\x67\
\x06\x03\x84\x7f\x20\x05\x10\x06\x03\xd3\0\x4a\x05\x09\x3d\x06\x03\xac\x7f\x20\
\x06\x03\xd5\0\x20\x06\x03\xab\x7f\x20\x05\x05\x06\x03\xb3\x01\x2e\x03\x1c\x3c\
\x06\x03\xb1\x7e\x2e\x05\x18\x06\x03\x80\x01\x3c\x06\x03\x80\x7f\x20\x05\x16\
\x06\x03\x88\x01\x2e\x1e\x1f\x2d\x2d\x3b\x2d\x1f\x05\x09\x03\x09\x2e\x05\x16\
\x64\x05\x09\x22\x05\x22\x21\x05\x09\x06\x2e\x05\x24\x06\x30\x05\x0d\x06\x2e\
\x06\x4b\x06\x03\xf3\x7e\x3c\x05\x10\x06\x03\xd3\0\x4a\x05\x09\x3d\x06\x03\xac\
\x7f\x20\x05\x15\x06\x03\x91\x01\x2e\x05\x09\x21\x06\x03\xee\x7e\x3c\x05\x11\
\x06\x03\xf2\0\x20\x05\x1f\x03\x09\x20\x05\x0d\x67\x05\x18\x24\x05\x16\x28\x3b\
\x3b\x1f\x2d\x2d\x2d\x2d\x1f\x05\x09\x03\x09\x2e\x05\x22\x75\x05\x09\x06\x2e\
\x05\x24\x06\x30\x05\x3f\x06\x2e\x05\x0d\x2e\x03\xf4\x7e\x2e\x03\x8c\x01\x20\
\x05\x15\x06\x25\x05\x09\x21\x05\x11\x03\x60\x3c\x05\x1f\x03\x09\x2e\x05\x0d\
\x67\x05\x18\x24\x05\x16\x28\x3b\x2d\x1f\x2d\x2d\x2d\x2d\x1f\x05\x09\x03\x09\
\x2e\x05\x22\x75\x05\x09\x06\x2e\x05\x24\x06\x30\x05\x3f\x06\x2e\x05\x0d\x2e\
\x05\x15\x06\x41\x05\x09\x21\x05\x11\x03\x60\x3c\x05\x1f\x03\x09\x20\x05\x0d\
\x67\x05\x18\x24\x05\x16\x28\x3b\x2d\x1f\x2d\x2d\x2d\x2d\x1f\x05\x09\x03\x09\
\x2e\x05\x22\x75\x05\x09\x06\x2e\x05\x24\x06\x30\x05\x3f\x06\x2e\x05\x0d\x2e\
\x05\x15\x06\x41\x05\x09\x21\x05\x11\x03\x60\x3c\x05\x1f\x03\x09\x20\x05\x0d\
\x67\x05\x18\x24\x05\x16\x28\x3b\x2d\x1f\x2d\x2d\x2d\x2d\x1f\x05\x09\x03\x09\
\x2e\x05\x22\x75\x05\x09\x06\x2e\x05\x24\x06\x30\x05\x3f\x06\x2e\x05\x0d\x2e\
\x05\x15\x06\x41\x05\x09\x21\x05\x11\x03\x60\x3c\x05\x1f\x03\x09\x20\x05\x0d\
\x67\x05\x18\x24\x05\x16\x28\x3b\x2d\x1f\x2d\x2d\x2d\x2d\x1f\x05\x09\x03\x09\
\x2e\x05\x22\x75\x05\x09\x06\x2e\x05\x24\x06\x30\x05\x3f\x06\x2e\x05\x0d\x2e\
\x05\x15\x06\x41\x05\x09\x21\x05\x11\x03\x60\x3c\x05\x1f\x03\x09\x20\x05\x0d\
\x67\x05\x18\x24\x05\x16\x28\x3b\x2d\x1f\x2d\x2d\x2d\x2d\x1f\x05\x09\x03\x09\
\x2e\x05\x22\x75\x05\x09\x06\x2e\x05\x24\x06\x30\x05\x3f\x06\x2e\x05\x0d\x2e\
\x05\x15\x06\x41\x05\x09\x21\x05\x11\x03\x60\x3c\x05\x1f\x03\x09\x20\x05\x0d\
\x67\x05\x18\x24\x05\x16\x28\x3b\x1f\x2d\x2d\x2d\x2d\x2d\x1f\x05\x09\x03\x09\
\x2e\x05\x22\x75\x05\x09\x06\x2e\x05\x24\x06\x30\x05\x3f\x06\x3c\x05\x0d\x20\
\x05\x15\x06\x41\x05\x09\x21\x06\x03\xee\x7e\x3c\x02\x01\0\x01\x01\x2f\x68\x6f\
\x6d\x65\x2f\x6d\x6f\x69\x6e\x75\x64\x64\x69\x6e\x2f\x6d\x63\x70\x2d\x74\x6c\
\x73\x2d\x67\x75\x61\x72\x64\x2f\x6d\x6f\x64\x75\x6c\x65\x31\x2d\x69\x6e\x74\
\x65\x72\x63\x65\x70\x74\x6f\x72\0\x2e\0\x2f\x75\x73\x72\x2f\x69\x6e\x63\x6c\
\x75\x64\x65\x2f\x62\x70\x66\0\x73\x73\x6c\x73\x6e\x69\x66\x66\x2e\x62\x70\x66\
\x2e\x63\0\x76\x6d\x6c\x69\x6e\x75\x78\x2e\x68\0\x62\x70\x66\x5f\x68\x65\x6c\
\x70\x65\x72\x5f\x64\x65\x66\x73\x2e\x68\0\x63\x6f\x6d\x6d\x6f\x6e\x2e\x68\0\0\
\0\0\0\0\0\0\0\0\0\0\0\0\0\0\0\0\0\0\0\0\0\0\0\0\0\0\0\0\xb2\x01\0\0\x04\0\xf1\
\xff\0\0\0\0\0\0\0\0\0\0\0\0\0\0\0\0\0\0\0\0\x03\0\x03\0\0\0\0\0\0\0\0\0\0\0\0\
\0\0\0\0\0\0\0\0\0\x03\0\x05\0\0\0\0\0\0\0\0\0\0\0\0\0\0\0\0\0\0\0\0\0\x03\0\
\x09\0\0\0\0\0\0\0\0\0\0\0\0\0\0\0\0\0\0\0\0\0\x03\0\x0a\0\0\0\0\0\0\0\0\0\0\0\
\0\0\0\0\0\0\0\0\0\0\x03\0\x0d\0\0\0\0\0\0\0\0\0\0\0\0\0\0\0\0\0\0\0\0\0\x03\0\
\x0e\0\0\0\0\0\0\0\0\0\0\0\0\0\0\0\0\0\0\0\0\0\x03\0\x10\0\0\0\0\0\0\0\0\0\0\0\
\0\0\0\0\0\0\0\0\0\0\x03\0\x11\0\0\0\0\0\0\0\0\0\0\0\0\0\0\0\0\0\0\0\0\0\x03\0\
\x17\0\0\0\0\0\0\0\0\0\0\0\0\0\0\0\0\0\0\0\0\0\x03\0\x19\0\0\0\0\0\0\0\0\0\0\0\
\0\0\0\0\0\0\0\0\0\0\x03\0\x1b\0\0\0\0\0\0\0\0\0\0\0\0\0\0\0\0\0\xbf\0\0\0\x12\
\0\x03\0\0\0\0\0\0\0\0\0\xb8\0\0\0\0\0\0\0\x72\0\0\0\x11\0\x08\0\x30\0\0\0\0\0\
\0\0\x20\0\0\0\0\0\0\0\x51\x01\0\0\x12\0\x05\0\0\0\0\0\0\0\0\0\xf8\x0f\0\0\0\0\
\0\0\x6c\0\0\0\x11\0\x08\0\x50\0\0\0\0\0\0\0\x20\0\0\0\0\0\0\0\x60\0\0\0\x11\0\
\x08\0\x10\0\0\0\0\0\0\0\x20\0\0\0\0\0\0\0\x42\0\0\0\x11\0\x08\0\0\0\0\0\0\0\0\
\0\x10\0\0\0\0\0\0\0\xef\0\0\0\x12\0\x03\0\xb8\0\0\0\0\0\0\0\xc0\0\0\0\0\0\0\0\
\x61\x01\0\0\x12\0\x05\0\xf8\x0f\0\0\0\0\0\0\xf8\x0f\0\0\0\0\0\0\x9a\0\0\0\x12\
\0\x03\0\x78\x01\0\0\0\0\0\0\xb8\0\0\0\0\0\0\0\x2c\x01\0\0\x12\0\x05\0\xf0\x1f\
\0\0\0\0\0\0\xf8\x0f\0\0\0\0\0\0\xad\0\0\0\x12\0\x03\0\x30\x02\0\0\0\0\0\0\xb8\
\0\0\0\0\0\0\0\x3f\x01\0\0\x12\0\x05\0\xe8\x2f\0\0\0\0\0\0\xf8\x0f\0\0\0\0\0\0\
\xde\0\0\0\x12\0\x03\0\xe8\x02\0\0\0\0\0\0\x80\x01\0\0\0\0\0\0\xcf\0\0\0\x12\0\
\x03\0\x68\x04\0\0\0\0\0\0\x38\x02\0\0\0\0\0\0\xda\x01\0\0\x11\0\x07\0\0\0\0\0\
\0\0\0\0\x04\0\0\0\0\0\0\0\x88\0\0\0\0\0\0\0\x01\0\0\0\x0e\0\0\0\x48\x01\0\0\0\
\0\0\0\x01\0\0\0\x0e\0\0\0\0\x02\0\0\0\0\0\0\x01\0\0\0\x0e\0\0\0\xb8\x02\0\0\0\
\0\0\0\x01\0\0\0\x0e\0\0\0\x38\x03\0\0\0\0\0\0\x01\0\0\0\x10\0\0\0\x80\x03\0\0\
\0\0\0\0\x01\0\0\0\x11\0\0\0\0\x04\0\0\0\0\0\0\x01\0\0\0\x10\0\0\0\x28\x04\0\0\
\0\0\0\0\x01\0\0\0\x10\0\0\0\xc0\x04\0\0\0\0\0\0\x01\0\0\0\x10\0\0\0\xf8\x04\0\
\0\0\0\0\0\x01\0\0\0\x12\0\0\0\x38\x06\0\0\0\0\0\0\x01\0\0\0\x11\0\0\0\x78\x06\
\0\0\0\0\0\0\x01\0\0\0\x10\0\0\0\x28\0\0\0\0\0\0\0\x01\0\0\0\x0e\0\0\0\x48\x01\
\0\0\0\0\0\0\x01\0\0\0\x10\0\0\0\xb8\x01\0\0\0\0\0\0\x01\0\0\0\x11\0\0\0\x48\
\x02\0\0\0\0\0\0\x01\0\0\0\x10\0\0\0\x70\x02\0\0\0\0\0\0\x01\0\0\0\x10\0\0\0\
\xd8\x02\0\0\0\0\0\0\x01\0\0\0\x12\0\0\0\x30\x03\0\0\0\0\0\0\x01\0\0\0\x11\0\0\
\0\x70\x03\0\0\0\0\0\0\x01\0\0\0\x0e\0\0\0\0\x05\0\0\0\0\0\0\x01\0\0\0\x11\0\0\
\0\x60\x05\0\0\0\0\0\0\x01\0\0\0\x12\0\0\0\xf8\x06\0\0\0\0\0\0\x01\0\0\0\x12\0\
\0\0\x78\x08\0\0\0\0\0\0\x01\0\0\0\x12\0\0\0\xf8\x09\0\0\0\0\0\0\x01\0\0\0\x12\
\0\0\0\x78\x0b\0\0\0\0\0\0\x01\0\0\0\x12\0\0\0\xf8\x0c\0\0\0\0\0\0\x01\0\0\0\
\x12\0\0\0\x78\x0e\0\0\0\0\0\0\x01\0\0\0\x12\0\0\0\x20\x10\0\0\0\0\0\0\x01\0\0\
\0\x0e\0\0\0\x40\x11\0\0\0\0\0\0\x01\0\0\0\x10\0\0\0\xb0\x11\0\0\0\0\0\0\x01\0\
\0\0\x11\0\0\0\x40\x12\0\0\0\0\0\0\x01\0\0\0\x10\0\0\0\x68\x12\0\0\0\0\0\0\x01\
\0\0\0\x10\0\0\0\xd0\x12\0\0\0\0\0\0\x01\0\0\0\x12\0\0\0\x28\x13\0\0\0\0\0\0\
\x01\0\0\0\x11\0\0\0\x68\x13\0\0\0\0\0\0\x01\0\0\0\x0e\0\0\0\xf8\x14\0\0\0\0\0\
\0\x01\0\0\0\x11\0\0\0\x58\x15\0\0\0\0\0\0\x01\0\0\0\x12\0\0\0\xf0\x16\0\0\0\0\
\0\0\x01\0\0\0\x12\0\0\0\x70\x18\0\0\0\0\0\0\x01\0\0\0\x12\0\0\0\xf0\x19\0\0\0\
\0\0\0\x01\0\0\0\x12\0\0\0\x70\x1b\0\0\0\0\0\0\x01\0\0\0\x12\0\0\0\xf0\x1c\0\0\
\0\0\0\0\x01\0\0\0\x12\0\0\0\x70\x1e\0\0\0\0\0\0\x01\0\0\0\x12\0\0\0\x18\x20\0\
\0\0\0\0\0\x01\0\0\0\x0e\0\0\0\x38\x21\0\0\0\0\0\0\x01\0\0\0\x10\0\0\0\xa8\x21\
\0\0\0\0\0\0\x01\0\0\0\x11\0\0\0\x38\x22\0\0\0\0\0\0\x01\0\0\0\x10\0\0\0\x60\
\x22\0\0\0\0\0\0\x01\0\0\0\x10\0\0\0\xc8\x22\0\0\0\0\0\0\x01\0\0\0\x12\0\0\0\
\x20\x23\0\0\0\0\0\0\x01\0\0\0\x11\0\0\0\x60\x23\0\0\0\0\0\0\x01\0\0\0\x0e\0\0\
\0\xf0\x24\0\0\0\0\0\0\x01\0\0\0\x11\0\0\0\x50\x25\0\0\0\0\0\0\x01\0\0\0\x12\0\
\0\0\xe8\x26\0\0\0\0\0\0\x01\0\0\0\x12\0\0\0\x68\x28\0\0\0\0\0\0\x01\0\0\0\x12\
\0\0\0\xe8\x29\0\0\0\0\0\0\x01\0\0\0\x12\0\0\0\x68\x2b\0\0\0\0\0\0\x01\0\0\0\
\x12\0\0\0\xe8\x2c\0\0\0\0\0\0\x01\0\0\0\x12\0\0\0\x68\x2e\0\0\0\0\0\0\x01\0\0\
\0\x12\0\0\0\x10\x30\0\0\0\0\0\0\x01\0\0\0\x0e\0\0\0\x30\x31\0\0\0\0\0\0\x01\0\
\0\0\x10\0\0\0\xa0\x31\0\0\0\0\0\0\x01\0\0\0\x11\0\0\0\x30\x32\0\0\0\0\0\0\x01\
\0\0\0\x10\0\0\0\x58\x32\0\0\0\0\0\0\x01\0\0\0\x10\0\0\0\xc0\x32\0\0\0\0\0\0\
\x01\0\0\0\x12\0\0\0\x18\x33\0\0\0\0\0\0\x01\0\0\0\x11\0\0\0\x58\x33\0\0\0\0\0\
\0\x01\0\0\0\x0e\0\0\0\xe8\x34\0\0\0\0\0\0\x01\0\0\0\x11\0\0\0\x48\x35\0\0\0\0\
\0\0\x01\0\0\0\x12\0\0\0\xe0\x36\0\0\0\0\0\0\x01\0\0\0\x12\0\0\0\x60\x38\0\0\0\
\0\0\0\x01\0\0\0\x12\0\0\0\xe0\x39\0\0\0\0\0\0\x01\0\0\0\x12\0\0\0\x60\x3b\0\0\
\0\0\0\0\x01\0\0\0\x12\0\0\0\xe0\x3c\0\0\0\0\0\0\x01\0\0\0\x12\0\0\0\x60\x3e\0\
\0\0\0\0\0\x01\0\0\0\x12\0\0\0\x08\0\0\0\0\0\0\0\x03\0\0\0\x05\0\0\0\x11\0\0\0\
\0\0\0\0\x03\0\0\0\x07\0\0\0\x15\0\0\0\0\0\0\0\x03\0\0\0\x0b\0\0\0\x23\0\0\0\0\
\0\0\0\x03\0\0\0\x09\0\0\0\x27\0\0\0\0\0\0\0\x03\0\0\0\x06\0\0\0\x2b\0\0\0\0\0\
\0\0\x03\0\0\0\x04\0\0\0\x08\0\0\0\0\0\0\0\x03\0\0\0\x08\0\0\0\x0c\0\0\0\0\0\0\
\0\x03\0\0\0\x08\0\0\0\x10\0\0\0\0\0\0\0\x03\0\0\0\x08\0\0\0\x14\0\0\0\0\0\0\0\
\x03\0\0\0\x08\0\0\0\x18\0\0\0\0\0\0\0\x03\0\0\0\x08\0\0\0\x1c\0\0\0\0\0\0\0\
\x03\0\0\0\x08\0\0\0\x20\0\0\0\0\0\0\0\x03\0\0\0\x08\0\0\0\x24\0\0\0\0\0\0\0\
\x03\0\0\0\x08\0\0\0\x28\0\0\0\0\0\0\0\x03\0\0\0\x08\0\0\0\x2c\0\0\0\0\0\0\0\
\x03\0\0\0\x08\0\0\0\x30\0\0\0\0\0\0\0\x03\0\0\0\x08\0\0\0\x34\0\0\0\0\0\0\0\
\x03\0\0\0\x08\0\0\0\x38\0\0\0\0\0\0\0\x03\0\0\0\x08\0\0\0\x3c\0\0\0\0\0\0\0\
\x03\0\0\0\x08\0\0\0\x40\0\0\0\0\0\0\0\x03\0\0\0\x08\0\0\0\x44\0\0\0\0\0\0\0\
\x03\0\0\0\x08\0\0\0\x48\0\0\0\0\0\0\0\x03\0\0\0\x08\0\0\0\x4c\0\0\0\0\0\0\0\
\x03\0\0\0\x08\0\0\0\x50\0\0\0\0\0\0\0\x03\0\0\0\x08\0\0\0\x54\0\0\0\0\0\0\0\
\x03\0\0\0\x08\0\0\0\x58\0\0\0\0\0\0\0\x03\0\0\0\x08\0\0\0\x5c\0\0\0\0\0\0\0\
\x03\0\0\0\x08\0\0\0\x60\0\0\0\0\0\0\0\x03\0\0\0\x08\0\0\0\x64\0\0\0\0\0\0\0\
\x03\0\0\0\x08\0\0\0\x68\0\0\0\0\0\0\0\x03\0\0\0\x08\0\0\0\x6c\0\0\0\0\0\0\0\
\x03\0\0\0\x08\0\0\0\x70\0\0\0\0\0\0\0\x03\0\0\0\x08\0\0\0\x74\0\0\0\0\0\0\0\
\x03\0\0\0\x08\0\0\0\x78\0\0\0\0\0\0\0\x03\0\0\0\x08\0\0\0\x7c\0\0\0\0\0\0\0\
\x03\0\0\0\x08\0\0\0\x80\0\0\0\0\0\0\0\x03\0\0\0\x08\0\0\0\x84\0\0\0\0\0\0\0\
\x03\0\0\0\x08\0\0\0\x88\0\0\0\0\0\0\0\x03\0\0\0\x08\0\0\0\x8c\0\0\0\0\0\0\0\
\x03\0\0\0\x08\0\0\0\x90\0\0\0\0\0\0\0\x03\0\0\0\x08\0\0\0\x94\0\0\0\0\0\0\0\
\x03\0\0\0\x08\0\0\0\x98\0\0\0\0\0\0\0\x03\0\0\0\x08\0\0\0\x9c\0\0\0\0\0\0\0\
\x03\0\0\0\x08\0\0\0\xa0\0\0\0\0\0\0\0\x03\0\0\0\x08\0\0\0\xa4\0\0\0\0\0\0\0\
\x03\0\0\0\x08\0\0\0\xa8\0\0\0\0\0\0\0\x03\0\0\0\x08\0\0\0\xac\0\0\0\0\0\0\0\
\x03\0\0\0\x08\0\0\0\xb0\0\0\0\0\0\0\0\x03\0\0\0\x08\0\0\0\xb4\0\0\0\0\0\0\0\
\x03\0\0\0\x08\0\0\0\xb8\0\0\0\0\0\0\0\x03\0\0\0\x08\0\0\0\xbc\0\0\0\0\0\0\0\
\x03\0\0\0\x08\0\0\0\xc0\0\0\0\0\0\0\0\x03\0\0\0\x08\0\0\0\xc4\0\0\0\0\0\0\0\
\x03\0\0\0\x08\0\0\0\xc8\0\0\0\0\0\0\0\x03\0\0\0\x08\0\0\0\xcc\0\0\0\0\0\0\0\
\x03\0\0\0\x08\0\0\0\xd0\0\0\0\0\0\0\0\x03\0\0\0\x08\0\0\0\xd4\0\0\0\0\0\0\0\
\x03\0\0\0\x08\0\0\0\xd8\0\0\0\0\0\0\0\x03\0\0\0\x08\0\0\0\xdc\0\0\0\0\0\0\0\
\x03\0\0\0\x08\0\0\0\xe0\0\0\0\0\0\0\0\x03\0\0\0\x08\0\0\0\xe4\0\0\0\0\0\0\0\
\x03\0\0\0\x08\0\0\0\xe8\0\0\0\0\0\0\0\x03\0\0\0\x08\0\0\0\xec\0\0\0\0\0\0\0\
\x03\0\0\0\x08\0\0\0\xf0\0\0\0\0\0\0\0\x03\0\0\0\x08\0\0\0\xf4\0\0\0\0\0\0\0\
\x03\0\0\0\x08\0\0\0\xf8\0\0\0\0\0\0\0\x03\0\0\0\x08\0\0\0\xfc\0\0\0\0\0\0\0\
\x03\0\0\0\x08\0\0\0\0\x01\0\0\0\0\0\0\x03\0\0\0\x08\0\0\0\x04\x01\0\0\0\0\0\0\
\x03\0\0\0\x08\0\0\0\x08\x01\0\0\0\0\0\0\x03\0\0\0\x08\0\0\0\x0c\x01\0\0\0\0\0\
\0\x03\0\0\0\x08\0\0\0\x10\x01\0\0\0\0\0\0\x03\0\0\0\x08\0\0\0\x14\x01\0\0\0\0\
\0\0\x03\0\0\0\x08\0\0\0\x18\x01\0\0\0\0\0\0\x03\0\0\0\x08\0\0\0\x1c\x01\0\0\0\
\0\0\0\x03\0\0\0\x08\0\0\0\x20\x01\0\0\0\0\0\0\x03\0\0\0\x08\0\0\0\x24\x01\0\0\
\0\0\0\0\x03\0\0\0\x08\0\0\0\x28\x01\0\0\0\0\0\0\x03\0\0\0\x08\0\0\0\x2c\x01\0\
\0\0\0\0\0\x03\0\0\0\x08\0\0\0\x30\x01\0\0\0\0\0\0\x03\0\0\0\x08\0\0\0\x34\x01\
\0\0\0\0\0\0\x03\0\0\0\x08\0\0\0\x38\x01\0\0\0\0\0\0\x03\0\0\0\x08\0\0\0\x3c\
\x01\0\0\0\0\0\0\x03\0\0\0\x08\0\0\0\x40\x01\0\0\0\0\0\0\x03\0\0\0\x08\0\0\0\
\x44\x01\0\0\0\0\0\0\x03\0\0\0\x08\0\0\0\x48\x01\0\0\0\0\0\0\x03\0\0\0\x08\0\0\
\0\x4c\x01\0\0\0\0\0\0\x03\0\0\0\x08\0\0\0\x50\x01\0\0\0\0\0\0\x03\0\0\0\x08\0\
\0\0\x54\x01\0\0\0\0\0\0\x03\0\0\0\x08\0\0\0\x58\x01\0\0\0\0\0\0\x03\0\0\0\x08\
\0\0\0\x5c\x01\0\0\0\0\0\0\x03\0\0\0\x08\0\0\0\x60\x01\0\0\0\0\0\0\x03\0\0\0\
\x08\0\0\0\x64\x01\0\0\0\0\0\0\x03\0\0\0\x08\0\0\0\x68\x01\0\0\0\0\0\0\x03\0\0\
\0\x08\0\0\0\x6c\x01\0\0\0\0\0\0\x03\0\0\0\x08\0\0\0\x70\x01\0\0\0\0\0\0\x03\0\
\0\0\x08\0\0\0\x74\x01\0\0\0\0\0\0\x03\0\0\0\x08\0\0\0\x78\x01\0\0\0\0\0\0\x03\
\0\0\0\x08\0\0\0\x7c\x01\0\0\0\0\0\0\x03\0\0\0\x08\0\0\0\x80\x01\0\0\0\0\0\0\
\x03\0\0\0\x08\0\0\0\x84\x01\0\0\0\0\0\0\x03\0\0\0\x08\0\0\0\x88\x01\0\0\0\0\0\
\0\x03\0\0\0\x08\0\0\0\x8c\x01\0\0\0\0\0\0\x03\0\0\0\x08\0\0\0\x90\x01\0\0\0\0\
\0\0\x03\0\0\0\x08\0\0\0\x94\x01\0\0\0\0\0\0\x03\0\0\0\x08\0\0\0\x98\x01\0\0\0\
\0\0\0\x03\0\0\0\x08\0\0\0\x9c\x01\0\0\0\0\0\0\x03\0\0\0\x08\0\0\0\xa0\x01\0\0\
\0\0\0\0\x03\0\0\0\x08\0\0\0\xa4\x01\0\0\0\0\0\0\x03\0\0\0\x08\0\0\0\xa8\x01\0\
\0\0\0\0\0\x03\0\0\0\x08\0\0\0\xac\x01\0\0\0\0\0\0\x03\0\0\0\x08\0\0\0\xb0\x01\
\0\0\0\0\0\0\x03\0\0\0\x08\0\0\0\xb4\x01\0\0\0\0\0\0\x03\0\0\0\x08\0\0\0\xb8\
\x01\0\0\0\0\0\0\x03\0\0\0\x08\0\0\0\xbc\x01\0\0\0\0\0\0\x03\0\0\0\x08\0\0\0\
\xc0\x01\0\0\0\0\0\0\x03\0\0\0\x08\0\0\0\xc4\x01\0\0\0\0\0\0\x03\0\0\0\x08\0\0\
\0\xc8\x01\0\0\0\0\0\0\x03\0\0\0\x08\0\0\0\xcc\x01\0\0\0\0\0\0\x03\0\0\0\x08\0\
\0\0\xd0\x01\0\0\0\0\0\0\x03\0\0\0\x08\0\0\0\xd4\x01\0\0\0\0\0\0\x03\0\0\0\x08\
\0\0\0\xd8\x01\0\0\0\0\0\0\x03\0\0\0\x08\0\0\0\xdc\x01\0\0\0\0\0\0\x03\0\0\0\
\x08\0\0\0\xe0\x01\0\0\0\0\0\0\x03\0\0\0\x08\0\0\0\xe4\x01\0\0\0\0\0\0\x03\0\0\
\0\x08\0\0\0\xe8\x01\0\0\0\0\0\0\x03\0\0\0\x08\0\0\0\xec\x01\0\0\0\0\0\0\x03\0\
\0\0\x08\0\0\0\xf0\x01\0\0\0\0\0\0\x03\0\0\0\x08\0\0\0\xf4\x01\0\0\0\0\0\0\x03\
\0\0\0\x08\0\0\0\xf8\x01\0\0\0\0\0\0\x03\0\0\0\x08\0\0\0\xfc\x01\0\0\0\0\0\0\
\x03\0\0\0\x08\0\0\0\0\x02\0\0\0\0\0\0\x03\0\0\0\x08\0\0\0\x04\x02\0\0\0\0\0\0\
\x03\0\0\0\x08\0\0\0\x08\x02\0\0\0\0\0\0\x03\0\0\0\x08\0\0\0\x0c\x02\0\0\0\0\0\
\0\x03\0\0\0\x08\0\0\0\x10\x02\0\0\0\0\0\0\x03\0\0\0\x08\0\0\0\x14\x02\0\0\0\0\
\0\0\x03\0\0\0\x08\0\0\0\x18\x02\0\0\0\0\0\0\x03\0\0\0\x08\0\0\0\x1c\x02\0\0\0\
\0\0\0\x03\0\0\0\x08\0\0\0\x20\x02\0\0\0\0\0\0\x03\0\0\0\x08\0\0\0\x24\x02\0\0\
\0\0\0\0\x03\0\0\0\x08\0\0\0\x28\x02\0\0\0\0\0\0\x03\0\0\0\x08\0\0\0\x2c\x02\0\
\0\0\0\0\0\x03\0\0\0\x08\0\0\0\x30\x02\0\0\0\0\0\0\x03\0\0\0\x08\0\0\0\x34\x02\
\0\0\0\0\0\0\x03\0\0\0\x08\0\0\0\x38\x02\0\0\0\0\0\0\x03\0\0\0\x08\0\0\0\x3c\
\x02\0\0\0\0\0\0\x03\0\0\0\x08\0\0\0\x40\x02\0\0\0\0\0\0\x03\0\0\0\x08\0\0\0\
\x44\x02\0\0\0\0\0\0\x03\0\0\0\x08\0\0\0\x48\x02\0\0\0\0\0\0\x03\0\0\0\x08\0\0\
\0\x4c\x02\0\0\0\0\0\0\x03\0\0\0\x08\0\0\0\x50\x02\0\0\0\0\0\0\x03\0\0\0\x08\0\
\0\0\x54\x02\0\0\0\0\0\0\x03\0\0\0\x08\0\0\0\x58\x02\0\0\0\0\0\0\x03\0\0\0\x08\
\0\0\0\x5c\x02\0\0\0\0\0\0\x03\0\0\0\x08\0\0\0\x60\x02\0\0\0\0\0\0\x03\0\0\0\
\x08\0\0\0\x64\x02\0\0\0\0\0\0\x03\0\0\0\x08\0\0\0\x68\x02\0\0\0\0\0\0\x03\0\0\
\0\x08\0\0\0\x6c\x02\0\0\0\0\0\0\x03\0\0\0\x08\0\0\0\x70\x02\0\0\0\0\0\0\x03\0\
\0\0\x08\0\0\0\x74\x02\0\0\0\0\0\0\x03\0\0\0\x08\0\0\0\x78\x02\0\0\0\0\0\0\x03\
\0\0\0\x08\0\0\0\x7c\x02\0\0\0\0\0\0\x03\0\0\0\x08\0\0\0\x80\x02\0\0\0\0\0\0\
\x03\0\0\0\x08\0\0\0\x84\x02\0\0\0\0\0\0\x03\0\0\0\x08\0\0\0\x88\x02\0\0\0\0\0\
\0\x03\0\0\0\x08\0\0\0\x08\0\0\0\0\0\0\0\x02\0\0\0\x1b\0\0\0\x10\0\0\0\0\0\0\0\
\x02\0\0\0\x12\0\0\0\x18\0\0\0\0\0\0\0\x02\0\0\0\x11\0\0\0\x20\0\0\0\0\0\0\0\
\x02\0\0\0\x0e\0\0\0\x28\0\0\0\0\0\0\0\x02\0\0\0\x10\0\0\0\x30\0\0\0\0\0\0\0\
\x02\0\0\0\x02\0\0\0\x38\0\0\0\0\0\0\0\x02\0\0\0\x02\0\0\0\x40\0\0\0\0\0\0\0\
\x02\0\0\0\x03\0\0\0\x48\0\0\0\0\0\0\0\x02\0\0\0\x03\0\0\0\x50\0\0\0\0\0\0\0\
\x02\0\0\0\x03\0\0\0\x58\0\0\0\0\0\0\0\x02\0\0\0\x03\0\0\0\x60\0\0\0\0\0\0\0\
\x02\0\0\0\x03\0\0\0\x68\0\0\0\0\0\0\0\x02\0\0\0\x02\0\0\0\x70\0\0\0\0\0\0\0\
\x02\0\0\0\x02\0\0\0\x78\0\0\0\0\0\0\0\x02\0\0\0\x03\0\0\0\x80\0\0\0\0\0\0\0\
\x02\0\0\0\x03\0\0\0\x88\0\0\0\0\0\0\0\x02\0\0\0\x03\0\0\0\x90\0\0\0\0\0\0\0\
\x02\0\0\0\x03\0\0\0\x98\0\0\0\0\0\0\0\x02\0\0\0\x03\0\0\0\xa0\0\0\0\0\0\0\0\
\x02\0\0\0\x02\0\0\0\xa8\0\0\0\0\0\0\0\x02\0\0\0\x02\0\0\0\xb0\0\0\0\0\0\0\0\
\x02\0\0\0\x03\0\0\0\xb8\0\0\0\0\0\0\0\x02\0\0\0\x03\0\0\0\xc0\0\0\0\0\0\0\0\
\x02\0\0\0\x03\0\0\0\xc8\0\0\0\0\0\0\0\x02\0\0\0\x03\0\0\0\xd0\0\0\0\0\0\0\0\
\x02\0\0\0\x03\0\0\0\xd8\0\0\0\0\0\0\0\x02\0\0\0\x02\0\0\0\xe0\0\0\0\0\0\0\0\
\x02\0\0\0\x02\0\0\0\xe8\0\0\0\0\0\0\0\x02\0\0\0\x03\0\0\0\xf0\0\0\0\0\0\0\0\
\x02\0\0\0\x03\0\0\0\xf8\0\0\0\0\0\0\0\x02\0\0\0\x03\0\0\0\0\x01\0\0\0\0\0\0\
\x02\0\0\0\x03\0\0\0\x08\x01\0\0\0\0\0\0\x02\0\0\0\x03\0\0\0\x10\x01\0\0\0\0\0\
\0\x02\0\0\0\x02\0\0\0\x18\x01\0\0\0\0\0\0\x02\0\0\0\x02\0\0\0\x20\x01\0\0\0\0\
\0\0\x02\0\0\0\x02\0\0\0\x28\x01\0\0\0\0\0\0\x02\0\0\0\x02\0\0\0\x30\x01\0\0\0\
\0\0\0\x02\0\0\0\x02\0\0\0\x74\x07\0\0\0\0\0\0\x04\0\0\0\x12\0\0\0\x80\x07\0\0\
\0\0\0\0\x04\0\0\0\x11\0\0\0\x8c\x07\0\0\0\0\0\0\x04\0\0\0\x0e\0\0\0\x98\x07\0\
\0\0\0\0\0\x04\0\0\0\x10\0\0\0\xb0\x07\0\0\0\0\0\0\x04\0\0\0\x1b\0\0\0\x2c\0\0\
\0\0\0\0\0\x04\0\0\0\x02\0\0\0\x34\0\0\0\0\0\0\0\x04\0\0\0\x02\0\0\0\x3c\0\0\0\
\0\0\0\0\x04\0\0\0\x02\0\0\0\x44\0\0\0\0\0\0\0\x04\0\0\0\x02\0\0\0\x4c\0\0\0\0\
\0\0\0\x04\0\0\0\x02\0\0\0\x54\0\0\0\0\0\0\0\x04\0\0\0\x02\0\0\0\x64\0\0\0\0\0\
\0\0\x04\0\0\0\x03\0\0\0\x6c\0\0\0\0\0\0\0\x04\0\0\0\x03\0\0\0\x74\0\0\0\0\0\0\
\0\x04\0\0\0\x03\0\0\0\x7c\0\0\0\0\0\0\0\x04\0\0\0\x03\0\0\0\x90\0\0\0\0\0\0\0\
\x04\0\0\0\x02\0\0\0\xa0\0\0\0\0\0\0\0\x04\0\0\0\x02\0\0\0\xb0\0\0\0\0\0\0\0\
\x04\0\0\0\x02\0\0\0\xc0\0\0\0\0\0\0\0\x04\0\0\0\x02\0\0\0\xd0\0\0\0\0\0\0\0\
\x04\0\0\0\x02\0\0\0\xe0\0\0\0\0\0\0\0\x04\0\0\0\x02\0\0\0\xf0\0\0\0\0\0\0\0\
\x04\0\0\0\x02\0\0\0\0\x01\0\0\0\0\0\0\x04\0\0\0\x02\0\0\0\x10\x01\0\0\0\0\0\0\
\x04\0\0\0\x02\0\0\0\x20\x01\0\0\0\0\0\0\x04\0\0\0\x02\0\0\0\x30\x01\0\0\0\0\0\
\0\x04\0\0\0\x02\0\0\0\x40\x01\0\0\0\0\0\0\x04\0\0\0\x02\0\0\0\x50\x01\0\0\0\0\
\0\0\x04\0\0\0\x02\0\0\0\x60\x01\0\0\0\0\0\0\x04\0\0\0\x02\0\0\0\x70\x01\0\0\0\
\0\0\0\x04\0\0\0\x02\0\0\0\x80\x01\0\0\0\0\0\0\x04\0\0\0\x02\0\0\0\x90\x01\0\0\
\0\0\0\0\x04\0\0\0\x02\0\0\0\xa0\x01\0\0\0\0\0\0\x04\0\0\0\x02\0\0\0\xb0\x01\0\
\0\0\0\0\0\x04\0\0\0\x02\0\0\0\xc0\x01\0\0\0\0\0\0\x04\0\0\0\x02\0\0\0\xd0\x01\
\0\0\0\0\0\0\x04\0\0\0\x02\0\0\0\xe0\x01\0\0\0\0\0\0\x04\0\0\0\x02\0\0\0\xf0\
\x01\0\0\0\0\0\0\x04\0\0\0\x02\0\0\0\0\x02\0\0\0\0\0\0\x04\0\0\0\x02\0\0\0\x10\
\x02\0\0\0\0\0\0\x04\0\0\0\x02\0\0\0\x20\x02\0\0\0\0\0\0\x04\0\0\0\x02\0\0\0\
\x30\x02\0\0\0\0\0\0\x04\0\0\0\x02\0\0\0\x40\x02\0\0\0\0\0\0\x04\0\0\0\x02\0\0\
\0\x50\x02\0\0\0\0\0\0\x04\0\0\0\x02\0\0\0\x60\x02\0\0\0\0\0\0\x04\0\0\0\x02\0\
\0\0\x70\x02\0\0\0\0\0\0\x04\0\0\0\x02\0\0\0\x80\x02\0\0\0\0\0\0\x04\0\0\0\x02\
\0\0\0\x90\x02\0\0\0\0\0\0\x04\0\0\0\x02\0\0\0\xa0\x02\0\0\0\0\0\0\x04\0\0\0\
\x02\0\0\0\xb0\x02\0\0\0\0\0\0\x04\0\0\0\x02\0\0\0\xc0\x02\0\0\0\0\0\0\x04\0\0\
\0\x02\0\0\0\xd0\x02\0\0\0\0\0\0\x04\0\0\0\x02\0\0\0\xe0\x02\0\0\0\0\0\0\x04\0\
\0\0\x02\0\0\0\xf0\x02\0\0\0\0\0\0\x04\0\0\0\x02\0\0\0\0\x03\0\0\0\0\0\0\x04\0\
\0\0\x02\0\0\0\x10\x03\0\0\0\0\0\0\x04\0\0\0\x02\0\0\0\x20\x03\0\0\0\0\0\0\x04\
\0\0\0\x02\0\0\0\x30\x03\0\0\0\0\0\0\x04\0\0\0\x02\0\0\0\x40\x03\0\0\0\0\0\0\
\x04\0\0\0\x02\0\0\0\x50\x03\0\0\0\0\0\0\x04\0\0\0\x02\0\0\0\x60\x03\0\0\0\0\0\
\0\x04\0\0\0\x02\0\0\0\x70\x03\0\0\0\0\0\0\x04\0\0\0\x02\0\0\0\x80\x03\0\0\0\0\
\0\0\x04\0\0\0\x02\0\0\0\x90\x03\0\0\0\0\0\0\x04\0\0\0\x02\0\0\0\xa0\x03\0\0\0\
\0\0\0\x04\0\0\0\x02\0\0\0\xb0\x03\0\0\0\0\0\0\x04\0\0\0\x02\0\0\0\xc0\x03\0\0\
\0\0\0\0\x04\0\0\0\x02\0\0\0\xd0\x03\0\0\0\0\0\0\x04\0\0\0\x02\0\0\0\xe0\x03\0\
\0\0\0\0\0\x04\0\0\0\x02\0\0\0\xf0\x03\0\0\0\0\0\0\x04\0\0\0\x02\0\0\0\0\x04\0\
\0\0\0\0\0\x04\0\0\0\x02\0\0\0\x10\x04\0\0\0\0\0\0\x04\0\0\0\x02\0\0\0\x20\x04\
\0\0\0\0\0\0\x04\0\0\0\x02\0\0\0\x30\x04\0\0\0\0\0\0\x04\0\0\0\x02\0\0\0\x40\
\x04\0\0\0\0\0\0\x04\0\0\0\x02\0\0\0\x50\x04\0\0\0\0\0\0\x04\0\0\0\x02\0\0\0\
\x60\x04\0\0\0\0\0\0\x04\0\0\0\x02\0\0\0\x70\x04\0\0\0\0\0\0\x04\0\0\0\x02\0\0\
\0\x80\x04\0\0\0\0\0\0\x04\0\0\0\x02\0\0\0\x90\x04\0\0\0\0\0\0\x04\0\0\0\x02\0\
\0\0\xa0\x04\0\0\0\0\0\0\x04\0\0\0\x02\0\0\0\xb0\x04\0\0\0\0\0\0\x04\0\0\0\x02\
\0\0\0\xc0\x04\0\0\0\0\0\0\x04\0\0\0\x02\0\0\0\xd0\x04\0\0\0\0\0\0\x04\0\0\0\
\x02\0\0\0\xe0\x04\0\0\0\0\0\0\x04\0\0\0\x02\0\0\0\xf0\x04\0\0\0\0\0\0\x04\0\0\
\0\x02\0\0\0\0\x05\0\0\0\0\0\0\x04\0\0\0\x02\0\0\0\x10\x05\0\0\0\0\0\0\x04\0\0\
\0\x02\0\0\0\x20\x05\0\0\0\0\0\0\x04\0\0\0\x02\0\0\0\x30\x05\0\0\0\0\0\0\x04\0\
\0\0\x02\0\0\0\x40\x05\0\0\0\0\0\0\x04\0\0\0\x02\0\0\0\x50\x05\0\0\0\0\0\0\x04\
\0\0\0\x02\0\0\0\x68\x05\0\0\0\0\0\0\x04\0\0\0\x03\0\0\0\x78\x05\0\0\0\0\0\0\
\x04\0\0\0\x03\0\0\0\x88\x05\0\0\0\0\0\0\x04\0\0\0\x03\0\0\0\x98\x05\0\0\0\0\0\
\0\x04\0\0\0\x03\0\0\0\xa8\x05\0\0\0\0\0\0\x04\0\0\0\x03\0\0\0\xb8\x05\0\0\0\0\
\0\0\x04\0\0\0\x03\0\0\0\xc8\x05\0\0\0\0\0\0\x04\0\0\0\x03\0\0\0\xd8\x05\0\0\0\
\0\0\0\x04\0\0\0\x03\0\0\0\xe8\x05\0\0\0\0\0\0\x04\0\0\0\x03\0\0\0\xf8\x05\0\0\
\0\0\0\0\x04\0\0\0\x03\0\0\0\x08\x06\0\0\0\0\0\0\x04\0\0\0\x03\0\0\0\x18\x06\0\
\0\0\0\0\0\x04\0\0\0\x03\0\0\0\x28\x06\0\0\0\0\0\0\x04\0\0\0\x03\0\0\0\x38\x06\
\0\0\0\0\0\0\x04\0\0\0\x03\0\0\0\x48\x06\0\0\0\0\0\0\x04\0\0\0\x03\0\0\0\x58\
\x06\0\0\0\0\0\0\x04\0\0\0\x03\0\0\0\x68\x06\0\0\0\0\0\0\x04\0\0\0\x03\0\0\0\
\x78\x06\0\0\0\0\0\0\x04\0\0\0\x03\0\0\0\x88\x06\0\0\0\0\0\0\x04\0\0\0\x03\0\0\
\0\x98\x06\0\0\0\0\0\0\x04\0\0\0\x03\0\0\0\xa8\x06\0\0\0\0\0\0\x04\0\0\0\x03\0\
\0\0\xb8\x06\0\0\0\0\0\0\x04\0\0\0\x03\0\0\0\xc8\x06\0\0\0\0\0\0\x04\0\0\0\x03\
\0\0\0\xd8\x06\0\0\0\0\0\0\x04\0\0\0\x03\0\0\0\xe8\x06\0\0\0\0\0\0\x04\0\0\0\
\x03\0\0\0\xf8\x06\0\0\0\0\0\0\x04\0\0\0\x03\0\0\0\x08\x07\0\0\0\0\0\0\x04\0\0\
\0\x03\0\0\0\x18\x07\0\0\0\0\0\0\x04\0\0\0\x03\0\0\0\x28\x07\0\0\0\0\0\0\x04\0\
\0\0\x03\0\0\0\x38\x07\0\0\0\0\0\0\x04\0\0\0\x03\0\0\0\x48\x07\0\0\0\0\0\0\x04\
\0\0\0\x03\0\0\0\x58\x07\0\0\0\0\0\0\x04\0\0\0\x03\0\0\0\x68\x07\0\0\0\0\0\0\
\x04\0\0\0\x03\0\0\0\x78\x07\0\0\0\0\0\0\x04\0\0\0\x03\0\0\0\x88\x07\0\0\0\0\0\
\0\x04\0\0\0\x03\0\0\0\x98\x07\0\0\0\0\0\0\x04\0\0\0\x03\0\0\0\xa8\x07\0\0\0\0\
\0\0\x04\0\0\0\x03\0\0\0\xb8\x07\0\0\0\0\0\0\x04\0\0\0\x03\0\0\0\xc8\x07\0\0\0\
\0\0\0\x04\0\0\0\x03\0\0\0\xd8\x07\0\0\0\0\0\0\x04\0\0\0\x03\0\0\0\xe8\x07\0\0\
\0\0\0\0\x04\0\0\0\x03\0\0\0\xf8\x07\0\0\0\0\0\0\x04\0\0\0\x03\0\0\0\x08\x08\0\
\0\0\0\0\0\x04\0\0\0\x03\0\0\0\x18\x08\0\0\0\0\0\0\x04\0\0\0\x03\0\0\0\x28\x08\
\0\0\0\0\0\0\x04\0\0\0\x03\0\0\0\x38\x08\0\0\0\0\0\0\x04\0\0\0\x03\0\0\0\x48\
\x08\0\0\0\0\0\0\x04\0\0\0\x03\0\0\0\x58\x08\0\0\0\0\0\0\x04\0\0\0\x03\0\0\0\
\x68\x08\0\0\0\0\0\0\x04\0\0\0\x03\0\0\0\x78\x08\0\0\0\0\0\0\x04\0\0\0\x03\0\0\
\0\x88\x08\0\0\0\0\0\0\x04\0\0\0\x03\0\0\0\x98\x08\0\0\0\0\0\0\x04\0\0\0\x03\0\
\0\0\xa8\x08\0\0\0\0\0\0\x04\0\0\0\x03\0\0\0\xb8\x08\0\0\0\0\0\0\x04\0\0\0\x03\
\0\0\0\xc8\x08\0\0\0\0\0\0\x04\0\0\0\x03\0\0\0\xd8\x08\0\0\0\0\0\0\x04\0\0\0\
\x03\0\0\0\xe8\x08\0\0\0\0\0\0\x04\0\0\0\x03\0\0\0\xf8\x08\0\0\0\0\0\0\x04\0\0\
\0\x03\0\0\0\x08\x09\0\0\0\0\0\0\x04\0\0\0\x03\0\0\0\x18\x09\0\0\0\0\0\0\x04\0\
\0\0\x03\0\0\0\x28\x09\0\0\0\0\0\0\x04\0\0\0\x03\0\0\0\x38\x09\0\0\0\0\0\0\x04\
\0\0\0\x03\0\0\0\x48\x09\0\0\0\0\0\0\x04\0\0\0\x03\0\0\0\x58\x09\0\0\0\0\0\0\
\x04\0\0\0\x03\0\0\0\x68\x09\0\0\0\0\0\0\x04\0\0\0\x03\0\0\0\x78\x09\0\0\0\0\0\
\0\x04\0\0\0\x03\0\0\0\x88\x09\0\0\0\0\0\0\x04\0\0\0\x03\0\0\0\x98\x09\0\0\0\0\
\0\0\x04\0\0\0\x03\0\0\0\xa8\x09\0\0\0\0\0\0\x04\0\0\0\x03\0\0\0\xb8\x09\0\0\0\
\0\0\0\x04\0\0\0\x03\0\0\0\xc8\x09\0\0\0\0\0\0\x04\0\0\0\x03\0\0\0\xd8\x09\0\0\
\0\0\0\0\x04\0\0\0\x03\0\0\0\xe8\x09\0\0\0\0\0\0\x04\0\0\0\x03\0\0\0\xf8\x09\0\
\0\0\0\0\0\x04\0\0\0\x03\0\0\0\x08\x0a\0\0\0\0\0\0\x04\0\0\0\x03\0\0\0\x18\x0a\
\0\0\0\0\0\0\x04\0\0\0\x03\0\0\0\x28\x0a\0\0\0\0\0\0\x04\0\0\0\x03\0\0\0\x38\
\x0a\0\0\0\0\0\0\x04\0\0\0\x03\0\0\0\x48\x0a\0\0\0\0\0\0\x04\0\0\0\x03\0\0\0\
\x58\x0a\0\0\0\0\0\0\x04\0\0\0\x03\0\0\0\x68\x0a\0\0\0\0\0\0\x04\0\0\0\x03\0\0\
\0\x78\x0a\0\0\0\0\0\0\x04\0\0\0\x03\0\0\0\x88\x0a\0\0\0\0\0\0\x04\0\0\0\x03\0\
\0\0\x98\x0a\0\0\0\0\0\0\x04\0\0\0\x03\0\0\0\xa8\x0a\0\0\0\0\0\0\x04\0\0\0\x03\
\0\0\0\xb8\x0a\0\0\0\0\0\0\x04\0\0\0\x03\0\0\0\xc8\x0a\0\0\0\0\0\0\x04\0\0\0\
\x03\0\0\0\xd8\x0a\0\0\0\0\0\0\x04\0\0\0\x03\0\0\0\xe8\x0a\0\0\0\0\0\0\x04\0\0\
\0\x03\0\0\0\xf8\x0a\0\0\0\0\0\0\x04\0\0\0\x03\0\0\0\x08\x0b\0\0\0\0\0\0\x04\0\
\0\0\x03\0\0\0\x18\x0b\0\0\0\0\0\0\x04\0\0\0\x03\0\0\0\x28\x0b\0\0\0\0\0\0\x04\
\0\0\0\x03\0\0\0\x38\x0b\0\0\0\0\0\0\x04\0\0\0\x03\0\0\0\x48\x0b\0\0\0\0\0\0\
\x04\0\0\0\x03\0\0\0\x58\x0b\0\0\0\0\0\0\x04\0\0\0\x03\0\0\0\x68\x0b\0\0\0\0\0\
\0\x04\0\0\0\x03\0\0\0\x78\x0b\0\0\0\0\0\0\x04\0\0\0\x03\0\0\0\x88\x0b\0\0\0\0\
\0\0\x04\0\0\0\x03\0\0\0\x98\x0b\0\0\0\0\0\0\x04\0\0\0\x03\0\0\0\xa8\x0b\0\0\0\
\0\0\0\x04\0\0\0\x03\0\0\0\xb8\x0b\0\0\0\0\0\0\x04\0\0\0\x03\0\0\0\xc8\x0b\0\0\
\0\0\0\0\x04\0\0\0\x03\0\0\0\xd8\x0b\0\0\0\0\0\0\x04\0\0\0\x03\0\0\0\xe8\x0b\0\
\0\0\0\0\0\x04\0\0\0\x03\0\0\0\xf8\x0b\0\0\0\0\0\0\x04\0\0\0\x03\0\0\0\x08\x0c\
\0\0\0\0\0\0\x04\0\0\0\x03\0\0\0\x18\x0c\0\0\0\0\0\0\x04\0\0\0\x03\0\0\0\x28\
\x0c\0\0\0\0\0\0\x04\0\0\0\x03\0\0\0\x38\x0c\0\0\0\0\0\0\x04\0\0\0\x03\0\0\0\
\x48\x0c\0\0\0\0\0\0\x04\0\0\0\x03\0\0\0\x58\x0c\0\0\0\0\0\0\x04\0\0\0\x03\0\0\
\0\x68\x0c\0\0\0\0\0\0\x04\0\0\0\x03\0\0\0\x78\x0c\0\0\0\0\0\0\x04\0\0\0\x03\0\
\0\0\x88\x0c\0\0\0\0\0\0\x04\0\0\0\x03\0\0\0\x98\x0c\0\0\0\0\0\0\x04\0\0\0\x03\
\0\0\0\xa8\x0c\0\0\0\0\0\0\x04\0\0\0\x03\0\0\0\xb8\x0c\0\0\0\0\0\0\x04\0\0\0\
\x03\0\0\0\xc8\x0c\0\0\0\0\0\0\x04\0\0\0\x03\0\0\0\xd8\x0c\0\0\0\0\0\0\x04\0\0\
\0\x03\0\0\0\xe8\x0c\0\0\0\0\0\0\x04\0\0\0\x03\0\0\0\xf8\x0c\0\0\0\0\0\0\x04\0\
\0\0\x03\0\0\0\x08\x0d\0\0\0\0\0\0\x04\0\0\0\x03\0\0\0\x18\x0d\0\0\0\0\0\0\x04\
\0\0\0\x03\0\0\0\x28\x0d\0\0\0\0\0\0\x04\0\0\0\x03\0\0\0\x38\x0d\0\0\0\0\0\0\
\x04\0\0\0\x03\0\0\0\x48\x0d\0\0\0\0\0\0\x04\0\0\0\x03\0\0\0\x58\x0d\0\0\0\0\0\
\0\x04\0\0\0\x03\0\0\0\x68\x0d\0\0\0\0\0\0\x04\0\0\0\x03\0\0\0\x78\x0d\0\0\0\0\
\0\0\x04\0\0\0\x03\0\0\0\x88\x0d\0\0\0\0\0\0\x04\0\0\0\x03\0\0\0\x98\x0d\0\0\0\
\0\0\0\x04\0\0\0\x03\0\0\0\xa8\x0d\0\0\0\0\0\0\x04\0\0\0\x03\0\0\0\xb8\x0d\0\0\
\0\0\0\0\x04\0\0\0\x03\0\0\0\xc8\x0d\0\0\0\0\0\0\x04\0\0\0\x03\0\0\0\xd8\x0d\0\
\0\0\0\0\0\x04\0\0\0\x03\0\0\0\xe8\x0d\0\0\0\0\0\0\x04\0\0\0\x03\0\0\0\xf8\x0d\
\0\0\0\0\0\0\x04\0\0\0\x03\0\0\0\x08\x0e\0\0\0\0\0\0\x04\0\0\0\x03\0\0\0\x18\
\x0e\0\0\0\0\0\0\x04\0\0\0\x03\0\0\0\x28\x0e\0\0\0\0\0\0\x04\0\0\0\x03\0\0\0\
\x38\x0e\0\0\0\0\0\0\x04\0\0\0\x03\0\0\0\x48\x0e\0\0\0\0\0\0\x04\0\0\0\x03\0\0\
\0\x58\x0e\0\0\0\0\0\0\x04\0\0\0\x03\0\0\0\x68\x0e\0\0\0\0\0\0\x04\0\0\0\x03\0\
\0\0\x78\x0e\0\0\0\0\0\0\x04\0\0\0\x03\0\0\0\x88\x0e\0\0\0\0\0\0\x04\0\0\0\x03\
\0\0\0\x98\x0e\0\0\0\0\0\0\x04\0\0\0\x03\0\0\0\xa8\x0e\0\0\0\0\0\0\x04\0\0\0\
\x03\0\0\0\xb8\x0e\0\0\0\0\0\0\x04\0\0\0\x03\0\0\0\xc8\x0e\0\0\0\0\0\0\x04\0\0\
\0\x03\0\0\0\xd8\x0e\0\0\0\0\0\0\x04\0\0\0\x03\0\0\0\xe8\x0e\0\0\0\0\0\0\x04\0\
\0\0\x03\0\0\0\xf8\x0e\0\0\0\0\0\0\x04\0\0\0\x03\0\0\0\x08\x0f\0\0\0\0\0\0\x04\
\0\0\0\x03\0\0\0\x18\x0f\0\0\0\0\0\0\x04\0\0\0\x03\0\0\0\x28\x0f\0\0\0\0\0\0\
\x04\0\0\0\x03\0\0\0\x38\x0f\0\0\0\0\0\0\x04\0\0\0\x03\0\0\0\x48\x0f\0\0\0\0\0\
\0\x04\0\0\0\x03\0\0\0\x58\x0f\0\0\0\0\0\0\x04\0\0\0\x03\0\0\0\x68\x0f\0\0\0\0\
\0\0\x04\0\0\0\x03\0\0\0\x78\x0f\0\0\0\0\0\0\x04\0\0\0\x03\0\0\0\x88\x0f\0\0\0\
\0\0\0\x04\0\0\0\x03\0\0\0\x98\x0f\0\0\0\0\0\0\x04\0\0\0\x03\0\0\0\xa8\x0f\0\0\
\0\0\0\0\x04\0\0\0\x03\0\0\0\xb8\x0f\0\0\0\0\0\0\x04\0\0\0\x03\0\0\0\xc8\x0f\0\
\0\0\0\0\0\x04\0\0\0\x03\0\0\0\xd8\x0f\0\0\0\0\0\0\x04\0\0\0\x03\0\0\0\xe8\x0f\
\0\0\0\0\0\0\x04\0\0\0\x03\0\0\0\xf8\x0f\0\0\0\0\0\0\x04\0\0\0\x03\0\0\0\x08\
\x10\0\0\0\0\0\0\x04\0\0\0\x03\0\0\0\x18\x10\0\0\0\0\0\0\x04\0\0\0\x03\0\0\0\
\x28\x10\0\0\0\0\0\0\x04\0\0\0\x03\0\0\0\x38\x10\0\0\0\0\0\0\x04\0\0\0\x03\0\0\
\0\x48\x10\0\0\0\0\0\0\x04\0\0\0\x03\0\0\0\x58\x10\0\0\0\0\0\0\x04\0\0\0\x03\0\
\0\0\x68\x10\0\0\0\0\0\0\x04\0\0\0\x03\0\0\0\x78\x10\0\0\0\0\0\0\x04\0\0\0\x03\
\0\0\0\x88\x10\0\0\0\0\0\0\x04\0\0\0\x03\0\0\0\x98\x10\0\0\0\0\0\0\x04\0\0\0\
\x03\0\0\0\xa8\x10\0\0\0\0\0\0\x04\0\0\0\x03\0\0\0\xb8\x10\0\0\0\0\0\0\x04\0\0\
\0\x03\0\0\0\xc8\x10\0\0\0\0\0\0\x04\0\0\0\x03\0\0\0\xd8\x10\0\0\0\0\0\0\x04\0\
\0\0\x03\0\0\0\xe8\x10\0\0\0\0\0\0\x04\0\0\0\x03\0\0\0\xf8\x10\0\0\0\0\0\0\x04\
\0\0\0\x03\0\0\0\x08\x11\0\0\0\0\0\0\x04\0\0\0\x03\0\0\0\x18\x11\0\0\0\0\0\0\
\x04\0\0\0\x03\0\0\0\x28\x11\0\0\0\0\0\0\x04\0\0\0\x03\0\0\0\x38\x11\0\0\0\0\0\
\0\x04\0\0\0\x03\0\0\0\x48\x11\0\0\0\0\0\0\x04\0\0\0\x03\0\0\0\x58\x11\0\0\0\0\
\0\0\x04\0\0\0\x03\0\0\0\x68\x11\0\0\0\0\0\0\x04\0\0\0\x03\0\0\0\x78\x11\0\0\0\
\0\0\0\x04\0\0\0\x03\0\0\0\x88\x11\0\0\0\0\0\0\x04\0\0\0\x03\0\0\0\x98\x11\0\0\
\0\0\0\0\x04\0\0\0\x03\0\0\0\xa8\x11\0\0\0\0\0\0\x04\0\0\0\x03\0\0\0\xb8\x11\0\
\0\0\0\0\0\x04\0\0\0\x03\0\0\0\xc8\x11\0\0\0\0\0\0\x04\0\0\0\x03\0\0\0\xd8\x11\
\0\0\0\0\0\0\x04\0\0\0\x03\0\0\0\xe8\x11\0\0\0\0\0\0\x04\0\0\0\x03\0\0\0\xf8\
\x11\0\0\0\0\0\0\x04\0\0\0\x03\0\0\0\x08\x12\0\0\0\0\0\0\x04\0\0\0\x03\0\0\0\
\x18\x12\0\0\0\0\0\0\x04\0\0\0\x03\0\0\0\x28\x12\0\0\0\0\0\0\x04\0\0\0\x03\0\0\
\0\x38\x12\0\0\0\0\0\0\x04\0\0\0\x03\0\0\0\x48\x12\0\0\0\0\0\0\x04\0\0\0\x03\0\
\0\0\x58\x12\0\0\0\0\0\0\x04\0\0\0\x03\0\0\0\x68\x12\0\0\0\0\0\0\x04\0\0\0\x03\
\0\0\0\x78\x12\0\0\0\0\0\0\x04\0\0\0\x03\0\0\0\x88\x12\0\0\0\0\0\0\x04\0\0\0\
\x03\0\0\0\x98\x12\0\0\0\0\0\0\x04\0\0\0\x03\0\0\0\xa8\x12\0\0\0\0\0\0\x04\0\0\
\0\x03\0\0\0\xb8\x12\0\0\0\0\0\0\x04\0\0\0\x03\0\0\0\xc8\x12\0\0\0\0\0\0\x04\0\
\0\0\x03\0\0\0\xd8\x12\0\0\0\0\0\0\x04\0\0\0\x03\0\0\0\xe8\x12\0\0\0\0\0\0\x04\
\0\0\0\x03\0\0\0\xf8\x12\0\0\0\0\0\0\x04\0\0\0\x03\0\0\0\x08\x13\0\0\0\0\0\0\
\x04\0\0\0\x03\0\0\0\x18\x13\0\0\0\0\0\0\x04\0\0\0\x03\0\0\0\x28\x13\0\0\0\0\0\
\0\x04\0\0\0\x03\0\0\0\x38\x13\0\0\0\0\0\0\x04\0\0\0\x03\0\0\0\x48\x13\0\0\0\0\
\0\0\x04\0\0\0\x03\0\0\0\x58\x13\0\0\0\0\0\0\x04\0\0\0\x03\0\0\0\x68\x13\0\0\0\
\0\0\0\x04\0\0\0\x03\0\0\0\x78\x13\0\0\0\0\0\0\x04\0\0\0\x03\0\0\0\x88\x13\0\0\
\0\0\0\0\x04\0\0\0\x03\0\0\0\x98\x13\0\0\0\0\0\0\x04\0\0\0\x03\0\0\0\xa8\x13\0\
\0\0\0\0\0\x04\0\0\0\x03\0\0\0\xb8\x13\0\0\0\0\0\0\x04\0\0\0\x03\0\0\0\xc8\x13\
\0\0\0\0\0\0\x04\0\0\0\x03\0\0\0\xd8\x13\0\0\0\0\0\0\x04\0\0\0\x03\0\0\0\xe8\
\x13\0\0\0\0\0\0\x04\0\0\0\x03\0\0\0\xf8\x13\0\0\0\0\0\0\x04\0\0\0\x03\0\0\0\
\x08\x14\0\0\0\0\0\0\x04\0\0\0\x03\0\0\0\x18\x14\0\0\0\0\0\0\x04\0\0\0\x03\0\0\
\0\x28\x14\0\0\0\0\0\0\x04\0\0\0\x03\0\0\0\x38\x14\0\0\0\0\0\0\x04\0\0\0\x03\0\
\0\0\x48\x14\0\0\0\0\0\0\x04\0\0\0\x03\0\0\0\x58\x14\0\0\0\0\0\0\x04\0\0\0\x03\
\0\0\0\x68\x14\0\0\0\0\0\0\x04\0\0\0\x03\0\0\0\x78\x14\0\0\0\0\0\0\x04\0\0\0\
\x03\0\0\0\x88\x14\0\0\0\0\0\0\x04\0\0\0\x03\0\0\0\x98\x14\0\0\0\0\0\0\x04\0\0\
\0\x03\0\0\0\xa8\x14\0\0\0\0\0\0\x04\0\0\0\x03\0\0\0\xb8\x14\0\0\0\0\0\0\x04\0\
\0\0\x03\0\0\0\xc8\x14\0\0\0\0\0\0\x04\0\0\0\x03\0\0\0\xd8\x14\0\0\0\0\0\0\x04\
\0\0\0\x03\0\0\0\xe8\x14\0\0\0\0\0\0\x04\0\0\0\x03\0\0\0\xf8\x14\0\0\0\0\0\0\
\x04\0\0\0\x03\0\0\0\x08\x15\0\0\0\0\0\0\x04\0\0\0\x03\0\0\0\x18\x15\0\0\0\0\0\
\0\x04\0\0\0\x03\0\0\0\x28\x15\0\0\0\0\0\0\x04\0\0\0\x03\0\0\0\x38\x15\0\0\0\0\
\0\0\x04\0\0\0\x03\0\0\0\x48\x15\0\0\0\0\0\0\x04\0\0\0\x03\0\0\0\x58\x15\0\0\0\
\0\0\0\x04\0\0\0\x03\0\0\0\x68\x15\0\0\0\0\0\0\x04\0\0\0\x03\0\0\0\x78\x15\0\0\
\0\0\0\0\x04\0\0\0\x03\0\0\0\x88\x15\0\0\0\0\0\0\x04\0\0\0\x03\0\0\0\x98\x15\0\
\0\0\0\0\0\x04\0\0\0\x03\0\0\0\xa8\x15\0\0\0\0\0\0\x04\0\0\0\x03\0\0\0\xb8\x15\
\0\0\0\0\0\0\x04\0\0\0\x03\0\0\0\xc8\x15\0\0\0\0\0\0\x04\0\0\0\x03\0\0\0\xd8\
\x15\0\0\0\0\0\0\x04\0\0\0\x03\0\0\0\xe8\x15\0\0\0\0\0\0\x04\0\0\0\x03\0\0\0\
\xf8\x15\0\0\0\0\0\0\x04\0\0\0\x03\0\0\0\x08\x16\0\0\0\0\0\0\x04\0\0\0\x03\0\0\
\0\x18\x16\0\0\0\0\0\0\x04\0\0\0\x03\0\0\0\x28\x16\0\0\0\0\0\0\x04\0\0\0\x03\0\
\0\0\x38\x16\0\0\0\0\0\0\x04\0\0\0\x03\0\0\0\x48\x16\0\0\0\0\0\0\x04\0\0\0\x03\
\0\0\0\x58\x16\0\0\0\0\0\0\x04\0\0\0\x03\0\0\0\x68\x16\0\0\0\0\0\0\x04\0\0\0\
\x03\0\0\0\x78\x16\0\0\0\0\0\0\x04\0\0\0\x03\0\0\0\x88\x16\0\0\0\0\0\0\x04\0\0\
\0\x03\0\0\0\x98\x16\0\0\0\0\0\0\x04\0\0\0\x03\0\0\0\xa8\x16\0\0\0\0\0\0\x04\0\
\0\0\x03\0\0\0\xb8\x16\0\0\0\0\0\0\x04\0\0\0\x03\0\0\0\xc8\x16\0\0\0\0\0\0\x04\
\0\0\0\x03\0\0\0\xd8\x16\0\0\0\0\0\0\x04\0\0\0\x03\0\0\0\xe8\x16\0\0\0\0\0\0\
\x04\0\0\0\x03\0\0\0\xf8\x16\0\0\0\0\0\0\x04\0\0\0\x03\0\0\0\x08\x17\0\0\0\0\0\
\0\x04\0\0\0\x03\0\0\0\x18\x17\0\0\0\0\0\0\x04\0\0\0\x03\0\0\0\x28\x17\0\0\0\0\
\0\0\x04\0\0\0\x03\0\0\0\x38\x17\0\0\0\0\0\0\x04\0\0\0\x03\0\0\0\x48\x17\0\0\0\
\0\0\0\x04\0\0\0\x03\0\0\0\x58\x17\0\0\0\0\0\0\x04\0\0\0\x03\0\0\0\x68\x17\0\0\
\0\0\0\0\x04\0\0\0\x03\0\0\0\x78\x17\0\0\0\0\0\0\x04\0\0\0\x03\0\0\0\x88\x17\0\
\0\0\0\0\0\x04\0\0\0\x03\0\0\0\x98\x17\0\0\0\0\0\0\x04\0\0\0\x03\0\0\0\xa8\x17\
\0\0\0\0\0\0\x04\0\0\0\x03\0\0\0\xb8\x17\0\0\0\0\0\0\x04\0\0\0\x03\0\0\0\xc8\
\x17\0\0\0\0\0\0\x04\0\0\0\x03\0\0\0\xd8\x17\0\0\0\0\0\0\x04\0\0\0\x03\0\0\0\
\xe8\x17\0\0\0\0\0\0\x04\0\0\0\x03\0\0\0\xf8\x17\0\0\0\0\0\0\x04\0\0\0\x03\0\0\
\0\x08\x18\0\0\0\0\0\0\x04\0\0\0\x03\0\0\0\x18\x18\0\0\0\0\0\0\x04\0\0\0\x03\0\
\0\0\x28\x18\0\0\0\0\0\0\x04\0\0\0\x03\0\0\0\x38\x18\0\0\0\0\0\0\x04\0\0\0\x03\
\0\0\0\x48\x18\0\0\0\0\0\0\x04\0\0\0\x03\0\0\0\x58\x18\0\0\0\0\0\0\x04\0\0\0\
\x03\0\0\0\x68\x18\0\0\0\0\0\0\x04\0\0\0\x03\0\0\0\x78\x18\0\0\0\0\0\0\x04\0\0\
\0\x03\0\0\0\x88\x18\0\0\0\0\0\0\x04\0\0\0\x03\0\0\0\x98\x18\0\0\0\0\0\0\x04\0\
\0\0\x03\0\0\0\xa8\x18\0\0\0\0\0\0\x04\0\0\0\x03\0\0\0\xb8\x18\0\0\0\0\0\0\x04\
\0\0\0\x03\0\0\0\xc8\x18\0\0\0\0\0\0\x04\0\0\0\x03\0\0\0\xd8\x18\0\0\0\0\0\0\
\x04\0\0\0\x03\0\0\0\xe8\x18\0\0\0\0\0\0\x04\0\0\0\x03\0\0\0\xf8\x18\0\0\0\0\0\
\0\x04\0\0\0\x03\0\0\0\x08\x19\0\0\0\0\0\0\x04\0\0\0\x03\0\0\0\x18\x19\0\0\0\0\
\0\0\x04\0\0\0\x03\0\0\0\x28\x19\0\0\0\0\0\0\x04\0\0\0\x03\0\0\0\x38\x19\0\0\0\
\0\0\0\x04\0\0\0\x03\0\0\0\x48\x19\0\0\0\0\0\0\x04\0\0\0\x03\0\0\0\x58\x19\0\0\
\0\0\0\0\x04\0\0\0\x03\0\0\0\x68\x19\0\0\0\0\0\0\x04\0\0\0\x03\0\0\0\x78\x19\0\
\0\0\0\0\0\x04\0\0\0\x03\0\0\0\x88\x19\0\0\0\0\0\0\x04\0\0\0\x03\0\0\0\x98\x19\
\0\0\0\0\0\0\x04\0\0\0\x03\0\0\0\xa8\x19\0\0\0\0\0\0\x04\0\0\0\x03\0\0\0\xb8\
\x19\0\0\0\0\0\0\x04\0\0\0\x03\0\0\0\xc8\x19\0\0\0\0\0\0\x04\0\0\0\x03\0\0\0\
\xd8\x19\0\0\0\0\0\0\x04\0\0\0\x03\0\0\0\xe8\x19\0\0\0\0\0\0\x04\0\0\0\x03\0\0\
\0\xf8\x19\0\0\0\0\0\0\x04\0\0\0\x03\0\0\0\x08\x1a\0\0\0\0\0\0\x04\0\0\0\x03\0\
\0\0\x18\x1a\0\0\0\0\0\0\x04\0\0\0\x03\0\0\0\x28\x1a\0\0\0\0\0\0\x04\0\0\0\x03\
\0\0\0\x38\x1a\0\0\0\0\0\0\x04\0\0\0\x03\0\0\0\x48\x1a\0\0\0\0\0\0\x04\0\0\0\
\x03\0\0\0\x58\x1a\0\0\0\0\0\0\x04\0\0\0\x03\0\0\0\x68\x1a\0\0\0\0\0\0\x04\0\0\
\0\x03\0\0\0\x78\x1a\0\0\0\0\0\0\x04\0\0\0\x03\0\0\0\x88\x1a\0\0\0\0\0\0\x04\0\
\0\0\x03\0\0\0\x98\x1a\0\0\0\0\0\0\x04\0\0\0\x03\0\0\0\xa8\x1a\0\0\0\0\0\0\x04\
\0\0\0\x03\0\0\0\xb8\x1a\0\0\0\0\0\0\x04\0\0\0\x03\0\0\0\xc8\x1a\0\0\0\0\0\0\
\x04\0\0\0\x03\0\0\0\xd8\x1a\0\0\0\0\0\0\x04\0\0\0\x03\0\0\0\xe8\x1a\0\0\0\0\0\
\0\x04\0\0\0\x03\0\0\0\xf8\x1a\0\0\0\0\0\0\x04\0\0\0\x03\0\0\0\x08\x1b\0\0\0\0\
\0\0\x04\0\0\0\x03\0\0\0\x18\x1b\0\0\0\0\0\0\x04\0\0\0\x03\0\0\0\x28\x1b\0\0\0\
\0\0\0\x04\0\0\0\x03\0\0\0\x38\x1b\0\0\0\0\0\0\x04\0\0\0\x03\0\0\0\x48\x1b\0\0\
\0\0\0\0\x04\0\0\0\x03\0\0\0\x58\x1b\0\0\0\0\0\0\x04\0\0\0\x03\0\0\0\x68\x1b\0\
\0\0\0\0\0\x04\0\0\0\x03\0\0\0\x78\x1b\0\0\0\0\0\0\x04\0\0\0\x03\0\0\0\x88\x1b\
\0\0\0\0\0\0\x04\0\0\0\x03\0\0\0\x98\x1b\0\0\0\0\0\0\x04\0\0\0\x03\0\0\0\xa8\
\x1b\0\0\0\0\0\0\x04\0\0\0\x03\0\0\0\xb8\x1b\0\0\0\0\0\0\x04\0\0\0\x03\0\0\0\
\xc8\x1b\0\0\0\0\0\0\x04\0\0\0\x03\0\0\0\xd8\x1b\0\0\0\0\0\0\x04\0\0\0\x03\0\0\
\0\xe8\x1b\0\0\0\0\0\0\x04\0\0\0\x03\0\0\0\xf8\x1b\0\0\0\0\0\0\x04\0\0\0\x03\0\
\0\0\x08\x1c\0\0\0\0\0\0\x04\0\0\0\x03\0\0\0\x18\x1c\0\0\0\0\0\0\x04\0\0\0\x03\
\0\0\0\x28\x1c\0\0\0\0\0\0\x04\0\0\0\x03\0\0\0\x38\x1c\0\0\0\0\0\0\x04\0\0\0\
\x03\0\0\0\x48\x1c\0\0\0\0\0\0\x04\0\0\0\x03\0\0\0\x58\x1c\0\0\0\0\0\0\x04\0\0\
\0\x03\0\0\0\x68\x1c\0\0\0\0\0\0\x04\0\0\0\x03\0\0\0\x78\x1c\0\0\0\0\0\0\x04\0\
\0\0\x03\0\0\0\x88\x1c\0\0\0\0\0\0\x04\0\0\0\x03\0\0\0\x98\x1c\0\0\0\0\0\0\x04\
\0\0\0\x03\0\0\0\xa8\x1c\0\0\0\0\0\0\x04\0\0\0\x03\0\0\0\xb8\x1c\0\0\0\0\0\0\
\x04\0\0\0\x03\0\0\0\xc8\x1c\0\0\0\0\0\0\x04\0\0\0\x03\0\0\0\xd8\x1c\0\0\0\0\0\
\0\x04\0\0\0\x03\0\0\0\xe8\x1c\0\0\0\0\0\0\x04\0\0\0\x03\0\0\0\xf8\x1c\0\0\0\0\
\0\0\x04\0\0\0\x03\0\0\0\x08\x1d\0\0\0\0\0\0\x04\0\0\0\x03\0\0\0\x18\x1d\0\0\0\
\0\0\0\x04\0\0\0\x03\0\0\0\x28\x1d\0\0\0\0\0\0\x04\0\0\0\x03\0\0\0\x38\x1d\0\0\
\0\0\0\0\x04\0\0\0\x03\0\0\0\x48\x1d\0\0\0\0\0\0\x04\0\0\0\x03\0\0\0\x58\x1d\0\
\0\0\0\0\0\x04\0\0\0\x03\0\0\0\x68\x1d\0\0\0\0\0\0\x04\0\0\0\x03\0\0\0\x78\x1d\
\0\0\0\0\0\0\x04\0\0\0\x03\0\0\0\x88\x1d\0\0\0\0\0\0\x04\0\0\0\x03\0\0\0\x98\
\x1d\0\0\0\0\0\0\x04\0\0\0\x03\0\0\0\xa8\x1d\0\0\0\0\0\0\x04\0\0\0\x03\0\0\0\
\xb8\x1d\0\0\0\0\0\0\x04\0\0\0\x03\0\0\0\xc8\x1d\0\0\0\0\0\0\x04\0\0\0\x03\0\0\
\0\xd8\x1d\0\0\0\0\0\0\x04\0\0\0\x03\0\0\0\xe8\x1d\0\0\0\0\0\0\x04\0\0\0\x03\0\
\0\0\xf8\x1d\0\0\0\0\0\0\x04\0\0\0\x03\0\0\0\x08\x1e\0\0\0\0\0\0\x04\0\0\0\x03\
\0\0\0\x18\x1e\0\0\0\0\0\0\x04\0\0\0\x03\0\0\0\x28\x1e\0\0\0\0\0\0\x04\0\0\0\
\x03\0\0\0\x38\x1e\0\0\0\0\0\0\x04\0\0\0\x03\0\0\0\x48\x1e\0\0\0\0\0\0\x04\0\0\
\0\x03\0\0\0\x58\x1e\0\0\0\0\0\0\x04\0\0\0\x03\0\0\0\x68\x1e\0\0\0\0\0\0\x04\0\
\0\0\x03\0\0\0\x78\x1e\0\0\0\0\0\0\x04\0\0\0\x03\0\0\0\x88\x1e\0\0\0\0\0\0\x04\
\0\0\0\x03\0\0\0\x98\x1e\0\0\0\0\0\0\x04\0\0\0\x03\0\0\0\xa8\x1e\0\0\0\0\0\0\
\x04\0\0\0\x03\0\0\0\xb8\x1e\0\0\0\0\0\0\x04\0\0\0\x03\0\0\0\xc8\x1e\0\0\0\0\0\
\0\x04\0\0\0\x03\0\0\0\xd8\x1e\0\0\0\0\0\0\x04\0\0\0\x03\0\0\0\xe8\x1e\0\0\0\0\
\0\0\x04\0\0\0\x03\0\0\0\xf8\x1e\0\0\0\0\0\0\x04\0\0\0\x03\0\0\0\x08\x1f\0\0\0\
\0\0\0\x04\0\0\0\x03\0\0\0\x18\x1f\0\0\0\0\0\0\x04\0\0\0\x03\0\0\0\x28\x1f\0\0\
\0\0\0\0\x04\0\0\0\x03\0\0\0\x38\x1f\0\0\0\0\0\0\x04\0\0\0\x03\0\0\0\x48\x1f\0\
\0\0\0\0\0\x04\0\0\0\x03\0\0\0\x58\x1f\0\0\0\0\0\0\x04\0\0\0\x03\0\0\0\x68\x1f\
\0\0\0\0\0\0\x04\0\0\0\x03\0\0\0\x78\x1f\0\0\0\0\0\0\x04\0\0\0\x03\0\0\0\x88\
\x1f\0\0\0\0\0\0\x04\0\0\0\x03\0\0\0\x98\x1f\0\0\0\0\0\0\x04\0\0\0\x03\0\0\0\
\xa8\x1f\0\0\0\0\0\0\x04\0\0\0\x03\0\0\0\xb8\x1f\0\0\0\0\0\0\x04\0\0\0\x03\0\0\
\0\xc8\x1f\0\0\0\0\0\0\x04\0\0\0\x03\0\0\0\xd8\x1f\0\0\0\0\0\0\x04\0\0\0\x03\0\
\0\0\xe8\x1f\0\0\0\0\0\0\x04\0\0\0\x03\0\0\0\xf8\x1f\0\0\0\0\0\0\x04\0\0\0\x03\
\0\0\0\x08\x20\0\0\0\0\0\0\x04\0\0\0\x03\0\0\0\x18\x20\0\0\0\0\0\0\x04\0\0\0\
\x03\0\0\0\x28\x20\0\0\0\0\0\0\x04\0\0\0\x03\0\0\0\x38\x20\0\0\0\0\0\0\x04\0\0\
\0\x03\0\0\0\x48\x20\0\0\0\0\0\0\x04\0\0\0\x03\0\0\0\x58\x20\0\0\0\0\0\0\x04\0\
\0\0\x03\0\0\0\x68\x20\0\0\0\0\0\0\x04\0\0\0\x03\0\0\0\x78\x20\0\0\0\0\0\0\x04\
\0\0\0\x03\0\0\0\x88\x20\0\0\0\0\0\0\x04\0\0\0\x03\0\0\0\x98\x20\0\0\0\0\0\0\
\x04\0\0\0\x03\0\0\0\xa8\x20\0\0\0\0\0\0\x04\0\0\0\x03\0\0\0\xb8\x20\0\0\0\0\0\
\0\x04\0\0\0\x03\0\0\0\xc8\x20\0\0\0\0\0\0\x04\0\0\0\x03\0\0\0\xd8\x20\0\0\0\0\
\0\0\x04\0\0\0\x03\0\0\0\xe8\x20\0\0\0\0\0\0\x04\0\0\0\x03\0\0\0\xf8\x20\0\0\0\
\0\0\0\x04\0\0\0\x03\0\0\0\x08\x21\0\0\0\0\0\0\x04\0\0\0\x03\0\0\0\x18\x21\0\0\
\0\0\0\0\x04\0\0\0\x03\0\0\0\x28\x21\0\0\0\0\0\0\x04\0\0\0\x03\0\0\0\x38\x21\0\
\0\0\0\0\0\x04\0\0\0\x03\0\0\0\x48\x21\0\0\0\0\0\0\x04\0\0\0\x03\0\0\0\x58\x21\
\0\0\0\0\0\0\x04\0\0\0\x03\0\0\0\x68\x21\0\0\0\0\0\0\x04\0\0\0\x03\0\0\0\x78\
\x21\0\0\0\0\0\0\x04\0\0\0\x03\0\0\0\x88\x21\0\0\0\0\0\0\x04\0\0\0\x03\0\0\0\
\x98\x21\0\0\0\0\0\0\x04\0\0\0\x03\0\0\0\xa8\x21\0\0\0\0\0\0\x04\0\0\0\x03\0\0\
\0\xb8\x21\0\0\0\0\0\0\x04\0\0\0\x03\0\0\0\xc8\x21\0\0\0\0\0\0\x04\0\0\0\x03\0\
\0\0\xd8\x21\0\0\0\0\0\0\x04\0\0\0\x03\0\0\0\xe8\x21\0\0\0\0\0\0\x04\0\0\0\x03\
\0\0\0\xf8\x21\0\0\0\0\0\0\x04\0\0\0\x03\0\0\0\x08\x22\0\0\0\0\0\0\x04\0\0\0\
\x03\0\0\0\x18\x22\0\0\0\0\0\0\x04\0\0\0\x03\0\0\0\x28\x22\0\0\0\0\0\0\x04\0\0\
\0\x03\0\0\0\x38\x22\0\0\0\0\0\0\x04\0\0\0\x03\0\0\0\x48\x22\0\0\0\0\0\0\x04\0\
\0\0\x03\0\0\0\x58\x22\0\0\0\0\0\0\x04\0\0\0\x03\0\0\0\x68\x22\0\0\0\0\0\0\x04\
\0\0\0\x03\0\0\0\x78\x22\0\0\0\0\0\0\x04\0\0\0\x03\0\0\0\x88\x22\0\0\0\0\0\0\
\x04\0\0\0\x03\0\0\0\x98\x22\0\0\0\0\0\0\x04\0\0\0\x03\0\0\0\xa8\x22\0\0\0\0\0\
\0\x04\0\0\0\x03\0\0\0\xb8\x22\0\0\0\0\0\0\x04\0\0\0\x03\0\0\0\xc8\x22\0\0\0\0\
\0\0\x04\0\0\0\x03\0\0\0\xd8\x22\0\0\0\0\0\0\x04\0\0\0\x03\0\0\0\xe8\x22\0\0\0\
\0\0\0\x04\0\0\0\x03\0\0\0\xf8\x22\0\0\0\0\0\0\x04\0\0\0\x03\0\0\0\x08\x23\0\0\
\0\0\0\0\x04\0\0\0\x03\0\0\0\x18\x23\0\0\0\0\0\0\x04\0\0\0\x03\0\0\0\x28\x23\0\
\0\0\0\0\0\x04\0\0\0\x03\0\0\0\x38\x23\0\0\0\0\0\0\x04\0\0\0\x03\0\0\0\x48\x23\
\0\0\0\0\0\0\x04\0\0\0\x03\0\0\0\x58\x23\0\0\0\0\0\0\x04\0\0\0\x03\0\0\0\x68\
\x23\0\0\0\0\0\0\x04\0\0\0\x03\0\0\0\x78\x23\0\0\0\0\0\0\x04\0\0\0\x03\0\0\0\
\x88\x23\0\0\0\0\0\0\x04\0\0\0\x03\0\0\0\x98\x23\0\0\0\0\0\0\x04\0\0\0\x03\0\0\
\0\xa8\x23\0\0\0\0\0\0\x04\0\0\0\x03\0\0\0\xb8\x23\0\0\0\0\0\0\x04\0\0\0\x03\0\
\0\0\xc8\x23\0\0\0\0\0\0\x04\0\0\0\x03\0\0\0\xd8\x23\0\0\0\0\0\0\x04\0\0\0\x03\
\0\0\0\xe8\x23\0\0\0\0\0\0\x04\0\0\0\x03\0\0\0\xf8\x23\0\0\0\0\0\0\x04\0\0\0\
\x03\0\0\0\x08\x24\0\0\0\0\0\0\x04\0\0\0\x03\0\0\0\x18\x24\0\0\0\0\0\0\x04\0\0\
\0\x03\0\0\0\x28\x24\0\0\0\0\0\0\x04\0\0\0\x03\0\0\0\x38\x24\0\0\0\0\0\0\x04\0\
\0\0\x03\0\0\0\x48\x24\0\0\0\0\0\0\x04\0\0\0\x03\0\0\0\x58\x24\0\0\0\0\0\0\x04\
\0\0\0\x03\0\0\0\x68\x24\0\0\0\0\0\0\x04\0\0\0\x03\0\0\0\x78\x24\0\0\0\0\0\0\
\x04\0\0\0\x03\0\0\0\x88\x24\0\0\0\0\0\0\x04\0\0\0\x03\0\0\0\x98\x24\0\0\0\0\0\
\0\x04\0\0\0\x03\0\0\0\xa8\x24\0\0\0\0\0\0\x04\0\0\0\x03\0\0\0\xb8\x24\0\0\0\0\
\0\0\x04\0\0\0\x03\0\0\0\xc8\x24\0\0\0\0\0\0\x04\0\0\0\x03\0\0\0\xd8\x24\0\0\0\
\0\0\0\x04\0\0\0\x03\0\0\0\xe8\x24\0\0\0\0\0\0\x04\0\0\0\x03\0\0\0\xf8\x24\0\0\
\0\0\0\0\x04\0\0\0\x03\0\0\0\x08\x25\0\0\0\0\0\0\x04\0\0\0\x03\0\0\0\x18\x25\0\
\0\0\0\0\0\x04\0\0\0\x03\0\0\0\x28\x25\0\0\0\0\0\0\x04\0\0\0\x03\0\0\0\x38\x25\
\0\0\0\0\0\0\x04\0\0\0\x03\0\0\0\x48\x25\0\0\0\0\0\0\x04\0\0\0\x03\0\0\0\x58\
\x25\0\0\0\0\0\0\x04\0\0\0\x03\0\0\0\x68\x25\0\0\0\0\0\0\x04\0\0\0\x03\0\0\0\
\x78\x25\0\0\0\0\0\0\x04\0\0\0\x03\0\0\0\x88\x25\0\0\0\0\0\0\x04\0\0\0\x03\0\0\
\0\x98\x25\0\0\0\0\0\0\x04\0\0\0\x03\0\0\0\xa8\x25\0\0\0\0\0\0\x04\0\0\0\x03\0\
\0\0\xb8\x25\0\0\0\0\0\0\x04\0\0\0\x03\0\0\0\xc8\x25\0\0\0\0\0\0\x04\0\0\0\x03\
\0\0\0\xd8\x25\0\0\0\0\0\0\x04\0\0\0\x03\0\0\0\xe8\x25\0\0\0\0\0\0\x04\0\0\0\
\x03\0\0\0\xf8\x25\0\0\0\0\0\0\x04\0\0\0\x03\0\0\0\x08\x26\0\0\0\0\0\0\x04\0\0\
\0\x03\0\0\0\x18\x26\0\0\0\0\0\0\x04\0\0\0\x03\0\0\0\x28\x26\0\0\0\0\0\0\x04\0\
\0\0\x03\0\0\0\x38\x26\0\0\0\0\0\0\x04\0\0\0\x03\0\0\0\x48\x26\0\0\0\0\0\0\x04\
\0\0\0\x03\0\0\0\x58\x26\0\0\0\0\0\0\x04\0\0\0\x03\0\0\0\x68\x26\0\0\0\0\0\0\
\x04\0\0\0\x03\0\0\0\x78\x26\0\0\0\0\0\0\x04\0\0\0\x03\0\0\0\x88\x26\0\0\0\0\0\
\0\x04\0\0\0\x03\0\0\0\x98\x26\0\0\0\0\0\0\x04\0\0\0\x03\0\0\0\xa8\x26\0\0\0\0\
\0\0\x04\0\0\0\x03\0\0\0\xb8\x26\0\0\0\0\0\0\x04\0\0\0\x03\0\0\0\xc8\x26\0\0\0\
\0\0\0\x04\0\0\0\x03\0\0\0\xd8\x26\0\0\0\0\0\0\x04\0\0\0\x03\0\0\0\xe8\x26\0\0\
\0\0\0\0\x04\0\0\0\x03\0\0\0\xf8\x26\0\0\0\0\0\0\x04\0\0\0\x03\0\0\0\x08\x27\0\
\0\0\0\0\0\x04\0\0\0\x03\0\0\0\x18\x27\0\0\0\0\0\0\x04\0\0\0\x03\0\0\0\x28\x27\
\0\0\0\0\0\0\x04\0\0\0\x03\0\0\0\x38\x27\0\0\0\0\0\0\x04\0\0\0\x03\0\0\0\x48\
\x27\0\0\0\0\0\0\x04\0\0\0\x03\0\0\0\x58\x27\0\0\0\0\0\0\x04\0\0\0\x03\0\0\0\
\x68\x27\0\0\0\0\0\0\x04\0\0\0\x03\0\0\0\x78\x27\0\0\0\0\0\0\x04\0\0\0\x03\0\0\
\0\x88\x27\0\0\0\0\0\0\x04\0\0\0\x03\0\0\0\x98\x27\0\0\0\0\0\0\x04\0\0\0\x03\0\
\0\0\xa8\x27\0\0\0\0\0\0\x04\0\0\0\x03\0\0\0\xb8\x27\0\0\0\0\0\0\x04\0\0\0\x03\
\0\0\0\xc8\x27\0\0\0\0\0\0\x04\0\0\0\x03\0\0\0\xd8\x27\0\0\0\0\0\0\x04\0\0\0\
\x03\0\0\0\xe8\x27\0\0\0\0\0\0\x04\0\0\0\x03\0\0\0\xf8\x27\0\0\0\0\0\0\x04\0\0\
\0\x03\0\0\0\x08\x28\0\0\0\0\0\0\x04\0\0\0\x03\0\0\0\x18\x28\0\0\0\0\0\0\x04\0\
\0\0\x03\0\0\0\x28\x28\0\0\0\0\0\0\x04\0\0\0\x03\0\0\0\x38\x28\0\0\0\0\0\0\x04\
\0\0\0\x03\0\0\0\x48\x28\0\0\0\0\0\0\x04\0\0\0\x03\0\0\0\x58\x28\0\0\0\0\0\0\
\x04\0\0\0\x03\0\0\0\x68\x28\0\0\0\0\0\0\x04\0\0\0\x03\0\0\0\x78\x28\0\0\0\0\0\
\0\x04\0\0\0\x03\0\0\0\x88\x28\0\0\0\0\0\0\x04\0\0\0\x03\0\0\0\x98\x28\0\0\0\0\
\0\0\x04\0\0\0\x03\0\0\0\xa8\x28\0\0\0\0\0\0\x04\0\0\0\x03\0\0\0\xb8\x28\0\0\0\
\0\0\0\x04\0\0\0\x03\0\0\0\xc8\x28\0\0\0\0\0\0\x04\0\0\0\x03\0\0\0\xd8\x28\0\0\
\0\0\0\0\x04\0\0\0\x03\0\0\0\xe8\x28\0\0\0\0\0\0\x04\0\0\0\x03\0\0\0\xf8\x28\0\
\0\0\0\0\0\x04\0\0\0\x03\0\0\0\x08\x29\0\0\0\0\0\0\x04\0\0\0\x03\0\0\0\x18\x29\
\0\0\0\0\0\0\x04\0\0\0\x03\0\0\0\x28\x29\0\0\0\0\0\0\x04\0\0\0\x03\0\0\0\x38\
\x29\0\0\0\0\0\0\x04\0\0\0\x03\0\0\0\x48\x29\0\0\0\0\0\0\x04\0\0\0\x03\0\0\0\
\x58\x29\0\0\0\0\0\0\x04\0\0\0\x03\0\0\0\x68\x29\0\0\0\0\0\0\x04\0\0\0\x03\0\0\
\0\x78\x29\0\0\0\0\0\0\x04\0\0\0\x03\0\0\0\x88\x29\0\0\0\0\0\0\x04\0\0\0\x03\0\
\0\0\x98\x29\0\0\0\0\0\0\x04\0\0\0\x03\0\0\0\xa8\x29\0\0\0\0\0\0\x04\0\0\0\x03\
\0\0\0\xb8\x29\0\0\0\0\0\0\x04\0\0\0\x03\0\0\0\xc8\x29\0\0\0\0\0\0\x04\0\0\0\
\x03\0\0\0\xd8\x29\0\0\0\0\0\0\x04\0\0\0\x03\0\0\0\xe8\x29\0\0\0\0\0\0\x04\0\0\
\0\x03\0\0\0\xf8\x29\0\0\0\0\0\0\x04\0\0\0\x03\0\0\0\x08\x2a\0\0\0\0\0\0\x04\0\
\0\0\x03\0\0\0\x18\x2a\0\0\0\0\0\0\x04\0\0\0\x03\0\0\0\x28\x2a\0\0\0\0\0\0\x04\
\0\0\0\x03\0\0\0\x38\x2a\0\0\0\0\0\0\x04\0\0\0\x03\0\0\0\x48\x2a\0\0\0\0\0\0\
\x04\0\0\0\x03\0\0\0\x58\x2a\0\0\0\0\0\0\x04\0\0\0\x03\0\0\0\x68\x2a\0\0\0\0\0\
\0\x04\0\0\0\x03\0\0\0\x78\x2a\0\0\0\0\0\0\x04\0\0\0\x03\0\0\0\x88\x2a\0\0\0\0\
\0\0\x04\0\0\0\x03\0\0\0\x98\x2a\0\0\0\0\0\0\x04\0\0\0\x03\0\0\0\xa8\x2a\0\0\0\
\0\0\0\x04\0\0\0\x03\0\0\0\xb8\x2a\0\0\0\0\0\0\x04\0\0\0\x03\0\0\0\xc8\x2a\0\0\
\0\0\0\0\x04\0\0\0\x03\0\0\0\xd8\x2a\0\0\0\0\0\0\x04\0\0\0\x03\0\0\0\xe8\x2a\0\
\0\0\0\0\0\x04\0\0\0\x03\0\0\0\xf8\x2a\0\0\0\0\0\0\x04\0\0\0\x03\0\0\0\x08\x2b\
\0\0\0\0\0\0\x04\0\0\0\x03\0\0\0\x18\x2b\0\0\0\0\0\0\x04\0\0\0\x03\0\0\0\x28\
\x2b\0\0\0\0\0\0\x04\0\0\0\x03\0\0\0\x38\x2b\0\0\0\0\0\0\x04\0\0\0\x03\0\0\0\
\x48\x2b\0\0\0\0\0\0\x04\0\0\0\x03\0\0\0\x58\x2b\0\0\0\0\0\0\x04\0\0\0\x03\0\0\
\0\x68\x2b\0\0\0\0\0\0\x04\0\0\0\x03\0\0\0\x78\x2b\0\0\0\0\0\0\x04\0\0\0\x03\0\
\0\0\x88\x2b\0\0\0\0\0\0\x04\0\0\0\x03\0\0\0\x98\x2b\0\0\0\0\0\0\x04\0\0\0\x03\
\0\0\0\xa8\x2b\0\0\0\0\0\0\x04\0\0\0\x03\0\0\0\xb8\x2b\0\0\0\0\0\0\x04\0\0\0\
\x03\0\0\0\xc8\x2b\0\0\0\0\0\0\x04\0\0\0\x03\0\0\0\xd8\x2b\0\0\0\0\0\0\x04\0\0\
\0\x03\0\0\0\xe8\x2b\0\0\0\0\0\0\x04\0\0\0\x03\0\0\0\xf8\x2b\0\0\0\0\0\0\x04\0\
\0\0\x03\0\0\0\x08\x2c\0\0\0\0\0\0\x04\0\0\0\x03\0\0\0\x18\x2c\0\0\0\0\0\0\x04\
\0\0\0\x03\0\0\0\x28\x2c\0\0\0\0\0\0\x04\0\0\0\x03\0\0\0\x38\x2c\0\0\0\0\0\0\
\x04\0\0\0\x03\0\0\0\x48\x2c\0\0\0\0\0\0\x04\0\0\0\x03\0\0\0\x58\x2c\0\0\0\0\0\
\0\x04\0\0\0\x03\0\0\0\x68\x2c\0\0\0\0\0\0\x04\0\0\0\x03\0\0\0\x78\x2c\0\0\0\0\
\0\0\x04\0\0\0\x03\0\0\0\x88\x2c\0\0\0\0\0\0\x04\0\0\0\x03\0\0\0\x98\x2c\0\0\0\
\0\0\0\x04\0\0\0\x03\0\0\0\xa8\x2c\0\0\0\0\0\0\x04\0\0\0\x03\0\0\0\xb8\x2c\0\0\
\0\0\0\0\x04\0\0\0\x03\0\0\0\xc8\x2c\0\0\0\0\0\0\x04\0\0\0\x03\0\0\0\xd8\x2c\0\
\0\0\0\0\0\x04\0\0\0\x03\0\0\0\xe8\x2c\0\0\0\0\0\0\x04\0\0\0\x03\0\0\0\xf8\x2c\
\0\0\0\0\0\0\x04\0\0\0\x03\0\0\0\x08\x2d\0\0\0\0\0\0\x04\0\0\0\x03\0\0\0\x18\
\x2d\0\0\0\0\0\0\x04\0\0\0\x03\0\0\0\x28\x2d\0\0\0\0\0\0\x04\0\0\0\x03\0\0\0\
\x38\x2d\0\0\0\0\0\0\x04\0\0\0\x03\0\0\0\x48\x2d\0\0\0\0\0\0\x04\0\0\0\x03\0\0\
\0\x58\x2d\0\0\0\0\0\0\x04\0\0\0\x03\0\0\0\x68\x2d\0\0\0\0\0\0\x04\0\0\0\x03\0\
\0\0\x78\x2d\0\0\0\0\0\0\x04\0\0\0\x03\0\0\0\x88\x2d\0\0\0\0\0\0\x04\0\0\0\x03\
\0\0\0\x98\x2d\0\0\0\0\0\0\x04\0\0\0\x03\0\0\0\xa8\x2d\0\0\0\0\0\0\x04\0\0\0\
\x03\0\0\0\xb8\x2d\0\0\0\0\0\0\x04\0\0\0\x03\0\0\0\xc8\x2d\0\0\0\0\0\0\x04\0\0\
\0\x03\0\0\0\xd8\x2d\0\0\0\0\0\0\x04\0\0\0\x03\0\0\0\xe8\x2d\0\0\0\0\0\0\x04\0\
\0\0\x03\0\0\0\xf8\x2d\0\0\0\0\0\0\x04\0\0\0\x03\0\0\0\x08\x2e\0\0\0\0\0\0\x04\
\0\0\0\x03\0\0\0\x18\x2e\0\0\0\0\0\0\x04\0\0\0\x03\0\0\0\x28\x2e\0\0\0\0\0\0\
\x04\0\0\0\x03\0\0\0\x38\x2e\0\0\0\0\0\0\x04\0\0\0\x03\0\0\0\x48\x2e\0\0\0\0\0\
\0\x04\0\0\0\x03\0\0\0\x58\x2e\0\0\0\0\0\0\x04\0\0\0\x03\0\0\0\x68\x2e\0\0\0\0\
\0\0\x04\0\0\0\x03\0\0\0\x78\x2e\0\0\0\0\0\0\x04\0\0\0\x03\0\0\0\x88\x2e\0\0\0\
\0\0\0\x04\0\0\0\x03\0\0\0\x98\x2e\0\0\0\0\0\0\x04\0\0\0\x03\0\0\0\xa8\x2e\0\0\
\0\0\0\0\x04\0\0\0\x03\0\0\0\xb8\x2e\0\0\0\0\0\0\x04\0\0\0\x03\0\0\0\xc8\x2e\0\
\0\0\0\0\0\x04\0\0\0\x03\0\0\0\xd8\x2e\0\0\0\0\0\0\x04\0\0\0\x03\0\0\0\xe8\x2e\
\0\0\0\0\0\0\x04\0\0\0\x03\0\0\0\xf8\x2e\0\0\0\0\0\0\x04\0\0\0\x03\0\0\0\x08\
\x2f\0\0\0\0\0\0\x04\0\0\0\x03\0\0\0\x18\x2f\0\0\0\0\0\0\x04\0\0\0\x03\0\0\0\
\x28\x2f\0\0\0\0\0\0\x04\0\0\0\x03\0\0\0\x38\x2f\0\0\0\0\0\0\x04\0\0\0\x03\0\0\
\0\x48\x2f\0\0\0\0\0\0\x04\0\0\0\x03\0\0\0\x58\x2f\0\0\0\0\0\0\x04\0\0\0\x03\0\
\0\0\x68\x2f\0\0\0\0\0\0\x04\0\0\0\x03\0\0\0\x78\x2f\0\0\0\0\0\0\x04\0\0\0\x03\
\0\0\0\x88\x2f\0\0\0\0\0\0\x04\0\0\0\x03\0\0\0\x98\x2f\0\0\0\0\0\0\x04\0\0\0\
\x03\0\0\0\xa8\x2f\0\0\0\0\0\0\x04\0\0\0\x03\0\0\0\xb8\x2f\0\0\0\0\0\0\x04\0\0\
\0\x03\0\0\0\xc8\x2f\0\0\0\0\0\0\x04\0\0\0\x03\0\0\0\xd8\x2f\0\0\0\0\0\0\x04\0\
\0\0\x03\0\0\0\xe8\x2f\0\0\0\0\0\0\x04\0\0\0\x03\0\0\0\xf8\x2f\0\0\0\0\0\0\x04\
\0\0\0\x03\0\0\0\x08\x30\0\0\0\0\0\0\x04\0\0\0\x03\0\0\0\x18\x30\0\0\0\0\0\0\
\x04\0\0\0\x03\0\0\0\x28\x30\0\0\0\0\0\0\x04\0\0\0\x03\0\0\0\x38\x30\0\0\0\0\0\
\0\x04\0\0\0\x03\0\0\0\x48\x30\0\0\0\0\0\0\x04\0\0\0\x03\0\0\0\x58\x30\0\0\0\0\
\0\0\x04\0\0\0\x03\0\0\0\x68\x30\0\0\0\0\0\0\x04\0\0\0\x03\0\0\0\x78\x30\0\0\0\
\0\0\0\x04\0\0\0\x03\0\0\0\x88\x30\0\0\0\0\0\0\x04\0\0\0\x03\0\0\0\x98\x30\0\0\
\0\0\0\0\x04\0\0\0\x03\0\0\0\xa8\x30\0\0\0\0\0\0\x04\0\0\0\x03\0\0\0\xb8\x30\0\
\0\0\0\0\0\x04\0\0\0\x03\0\0\0\xc8\x30\0\0\0\0\0\0\x04\0\0\0\x03\0\0\0\xd8\x30\
\0\0\0\0\0\0\x04\0\0\0\x03\0\0\0\xe8\x30\0\0\0\0\0\0\x04\0\0\0\x03\0\0\0\xf8\
\x30\0\0\0\0\0\0\x04\0\0\0\x03\0\0\0\x08\x31\0\0\0\0\0\0\x04\0\0\0\x03\0\0\0\
\x18\x31\0\0\0\0\0\0\x04\0\0\0\x03\0\0\0\x28\x31\0\0\0\0\0\0\x04\0\0\0\x03\0\0\
\0\x38\x31\0\0\0\0\0\0\x04\0\0\0\x03\0\0\0\x48\x31\0\0\0\0\0\0\x04\0\0\0\x03\0\
\0\0\x58\x31\0\0\0\0\0\0\x04\0\0\0\x03\0\0\0\x68\x31\0\0\0\0\0\0\x04\0\0\0\x03\
\0\0\0\x78\x31\0\0\0\0\0\0\x04\0\0\0\x03\0\0\0\x88\x31\0\0\0\0\0\0\x04\0\0\0\
\x03\0\0\0\x98\x31\0\0\0\0\0\0\x04\0\0\0\x03\0\0\0\xa8\x31\0\0\0\0\0\0\x04\0\0\
\0\x03\0\0\0\xb8\x31\0\0\0\0\0\0\x04\0\0\0\x03\0\0\0\xc8\x31\0\0\0\0\0\0\x04\0\
\0\0\x03\0\0\0\xd8\x31\0\0\0\0\0\0\x04\0\0\0\x03\0\0\0\xe8\x31\0\0\0\0\0\0\x04\
\0\0\0\x03\0\0\0\xf8\x31\0\0\0\0\0\0\x04\0\0\0\x03\0\0\0\x08\x32\0\0\0\0\0\0\
\x04\0\0\0\x03\0\0\0\x18\x32\0\0\0\0\0\0\x04\0\0\0\x03\0\0\0\x28\x32\0\0\0\0\0\
\0\x04\0\0\0\x03\0\0\0\x38\x32\0\0\0\0\0\0\x04\0\0\0\x03\0\0\0\x48\x32\0\0\0\0\
\0\0\x04\0\0\0\x03\0\0\0\x58\x32\0\0\0\0\0\0\x04\0\0\0\x03\0\0\0\x68\x32\0\0\0\
\0\0\0\x04\0\0\0\x03\0\0\0\x78\x32\0\0\0\0\0\0\x04\0\0\0\x03\0\0\0\x88\x32\0\0\
\0\0\0\0\x04\0\0\0\x03\0\0\0\x98\x32\0\0\0\0\0\0\x04\0\0\0\x03\0\0\0\xa8\x32\0\
\0\0\0\0\0\x04\0\0\0\x03\0\0\0\xb8\x32\0\0\0\0\0\0\x04\0\0\0\x03\0\0\0\xc8\x32\
\0\0\0\0\0\0\x04\0\0\0\x03\0\0\0\xd8\x32\0\0\0\0\0\0\x04\0\0\0\x03\0\0\0\xe8\
\x32\0\0\0\0\0\0\x04\0\0\0\x03\0\0\0\xf8\x32\0\0\0\0\0\0\x04\0\0\0\x03\0\0\0\
\x08\x33\0\0\0\0\0\0\x04\0\0\0\x03\0\0\0\x18\x33\0\0\0\0\0\0\x04\0\0\0\x03\0\0\
\0\x28\x33\0\0\0\0\0\0\x04\0\0\0\x03\0\0\0\x38\x33\0\0\0\0\0\0\x04\0\0\0\x03\0\
\0\0\x48\x33\0\0\0\0\0\0\x04\0\0\0\x03\0\0\0\x58\x33\0\0\0\0\0\0\x04\0\0\0\x03\
\0\0\0\x68\x33\0\0\0\0\0\0\x04\0\0\0\x03\0\0\0\x78\x33\0\0\0\0\0\0\x04\0\0\0\
\x03\0\0\0\x88\x33\0\0\0\0\0\0\x04\0\0\0\x03\0\0\0\x98\x33\0\0\0\0\0\0\x04\0\0\
\0\x03\0\0\0\xa8\x33\0\0\0\0\0\0\x04\0\0\0\x03\0\0\0\xb8\x33\0\0\0\0\0\0\x04\0\
\0\0\x03\0\0\0\xc8\x33\0\0\0\0\0\0\x04\0\0\0\x03\0\0\0\xd8\x33\0\0\0\0\0\0\x04\
\0\0\0\x03\0\0\0\xe8\x33\0\0\0\0\0\0\x04\0\0\0\x03\0\0\0\xf8\x33\0\0\0\0\0\0\
\x04\0\0\0\x03\0\0\0\x08\x34\0\0\0\0\0\0\x04\0\0\0\x03\0\0\0\x18\x34\0\0\0\0\0\
\0\x04\0\0\0\x03\0\0\0\x28\x34\0\0\0\0\0\0\x04\0\0\0\x03\0\0\0\x38\x34\0\0\0\0\
\0\0\x04\0\0\0\x03\0\0\0\x48\x34\0\0\0\0\0\0\x04\0\0\0\x03\0\0\0\x58\x34\0\0\0\
\0\0\0\x04\0\0\0\x03\0\0\0\x68\x34\0\0\0\0\0\0\x04\0\0\0\x03\0\0\0\x78\x34\0\0\
\0\0\0\0\x04\0\0\0\x03\0\0\0\x88\x34\0\0\0\0\0\0\x04\0\0\0\x03\0\0\0\x98\x34\0\
\0\0\0\0\0\x04\0\0\0\x03\0\0\0\xa8\x34\0\0\0\0\0\0\x04\0\0\0\x03\0\0\0\xb8\x34\
\0\0\0\0\0\0\x04\0\0\0\x03\0\0\0\xc8\x34\0\0\0\0\0\0\x04\0\0\0\x03\0\0\0\xd8\
\x34\0\0\0\0\0\0\x04\0\0\0\x03\0\0\0\xe8\x34\0\0\0\0\0\0\x04\0\0\0\x03\0\0\0\
\xf8\x34\0\0\0\0\0\0\x04\0\0\0\x03\0\0\0\x08\x35\0\0\0\0\0\0\x04\0\0\0\x03\0\0\
\0\x18\x35\0\0\0\0\0\0\x04\0\0\0\x03\0\0\0\x28\x35\0\0\0\0\0\0\x04\0\0\0\x03\0\
\0\0\x38\x35\0\0\0\0\0\0\x04\0\0\0\x03\0\0\0\x48\x35\0\0\0\0\0\0\x04\0\0\0\x03\
\0\0\0\x58\x35\0\0\0\0\0\0\x04\0\0\0\x03\0\0\0\x68\x35\0\0\0\0\0\0\x04\0\0\0\
\x03\0\0\0\x78\x35\0\0\0\0\0\0\x04\0\0\0\x03\0\0\0\x88\x35\0\0\0\0\0\0\x04\0\0\
\0\x03\0\0\0\x98\x35\0\0\0\0\0\0\x04\0\0\0\x03\0\0\0\xa8\x35\0\0\0\0\0\0\x04\0\
\0\0\x03\0\0\0\xb8\x35\0\0\0\0\0\0\x04\0\0\0\x03\0\0\0\xc8\x35\0\0\0\0\0\0\x04\
\0\0\0\x03\0\0\0\xd8\x35\0\0\0\0\0\0\x04\0\0\0\x03\0\0\0\xe8\x35\0\0\0\0\0\0\
\x04\0\0\0\x03\0\0\0\xf8\x35\0\0\0\0\0\0\x04\0\0\0\x03\0\0\0\x08\x36\0\0\0\0\0\
\0\x04\0\0\0\x03\0\0\0\x18\x36\0\0\0\0\0\0\x04\0\0\0\x03\0\0\0\x28\x36\0\0\0\0\
\0\0\x04\0\0\0\x03\0\0\0\x38\x36\0\0\0\0\0\0\x04\0\0\0\x03\0\0\0\x48\x36\0\0\0\
\0\0\0\x04\0\0\0\x03\0\0\0\x58\x36\0\0\0\0\0\0\x04\0\0\0\x03\0\0\0\x68\x36\0\0\
\0\0\0\0\x04\0\0\0\x03\0\0\0\x78\x36\0\0\0\0\0\0\x04\0\0\0\x03\0\0\0\x88\x36\0\
\0\0\0\0\0\x04\0\0\0\x03\0\0\0\x98\x36\0\0\0\0\0\0\x04\0\0\0\x03\0\0\0\xa8\x36\
\0\0\0\0\0\0\x04\0\0\0\x03\0\0\0\xb8\x36\0\0\0\0\0\0\x04\0\0\0\x03\0\0\0\xc8\
\x36\0\0\0\0\0\0\x04\0\0\0\x03\0\0\0\xd8\x36\0\0\0\0\0\0\x04\0\0\0\x03\0\0\0\
\xe8\x36\0\0\0\0\0\0\x04\0\0\0\x03\0\0\0\xf8\x36\0\0\0\0\0\0\x04\0\0\0\x03\0\0\
\0\x08\x37\0\0\0\0\0\0\x04\0\0\0\x03\0\0\0\x18\x37\0\0\0\0\0\0\x04\0\0\0\x03\0\
\0\0\x28\x37\0\0\0\0\0\0\x04\0\0\0\x03\0\0\0\x38\x37\0\0\0\0\0\0\x04\0\0\0\x03\
\0\0\0\x48\x37\0\0\0\0\0\0\x04\0\0\0\x03\0\0\0\x58\x37\0\0\0\0\0\0\x04\0\0\0\
\x03\0\0\0\x68\x37\0\0\0\0\0\0\x04\0\0\0\x03\0\0\0\x78\x37\0\0\0\0\0\0\x04\0\0\
\0\x03\0\0\0\x88\x37\0\0\0\0\0\0\x04\0\0\0\x03\0\0\0\x98\x37\0\0\0\0\0\0\x04\0\
\0\0\x03\0\0\0\xa8\x37\0\0\0\0\0\0\x04\0\0\0\x03\0\0\0\xb8\x37\0\0\0\0\0\0\x04\
\0\0\0\x03\0\0\0\xc8\x37\0\0\0\0\0\0\x04\0\0\0\x03\0\0\0\xd8\x37\0\0\0\0\0\0\
\x04\0\0\0\x03\0\0\0\xe8\x37\0\0\0\0\0\0\x04\0\0\0\x03\0\0\0\xf8\x37\0\0\0\0\0\
\0\x04\0\0\0\x03\0\0\0\x08\x38\0\0\0\0\0\0\x04\0\0\0\x03\0\0\0\x18\x38\0\0\0\0\
\0\0\x04\0\0\0\x03\0\0\0\x28\x38\0\0\0\0\0\0\x04\0\0\0\x03\0\0\0\x38\x38\0\0\0\
\0\0\0\x04\0\0\0\x03\0\0\0\x48\x38\0\0\0\0\0\0\x04\0\0\0\x03\0\0\0\x58\x38\0\0\
\0\0\0\0\x04\0\0\0\x03\0\0\0\x68\x38\0\0\0\0\0\0\x04\0\0\0\x03\0\0\0\x78\x38\0\
\0\0\0\0\0\x04\0\0\0\x03\0\0\0\x88\x38\0\0\0\0\0\0\x04\0\0\0\x03\0\0\0\x98\x38\
\0\0\0\0\0\0\x04\0\0\0\x03\0\0\0\xa8\x38\0\0\0\0\0\0\x04\0\0\0\x03\0\0\0\xb8\
\x38\0\0\0\0\0\0\x04\0\0\0\x03\0\0\0\xc8\x38\0\0\0\0\0\0\x04\0\0\0\x03\0\0\0\
\xd8\x38\0\0\0\0\0\0\x04\0\0\0\x03\0\0\0\xe8\x38\0\0\0\0\0\0\x04\0\0\0\x03\0\0\
\0\xf8\x38\0\0\0\0\0\0\x04\0\0\0\x03\0\0\0\x08\x39\0\0\0\0\0\0\x04\0\0\0\x03\0\
\0\0\x18\x39\0\0\0\0\0\0\x04\0\0\0\x03\0\0\0\x28\x39\0\0\0\0\0\0\x04\0\0\0\x03\
\0\0\0\x38\x39\0\0\0\0\0\0\x04\0\0\0\x03\0\0\0\x48\x39\0\0\0\0\0\0\x04\0\0\0\
\x03\0\0\0\x58\x39\0\0\0\0\0\0\x04\0\0\0\x03\0\0\0\x68\x39\0\0\0\0\0\0\x04\0\0\
\0\x03\0\0\0\x78\x39\0\0\0\0\0\0\x04\0\0\0\x03\0\0\0\x88\x39\0\0\0\0\0\0\x04\0\
\0\0\x03\0\0\0\x98\x39\0\0\0\0\0\0\x04\0\0\0\x03\0\0\0\xa8\x39\0\0\0\0\0\0\x04\
\0\0\0\x03\0\0\0\xb8\x39\0\0\0\0\0\0\x04\0\0\0\x03\0\0\0\xc8\x39\0\0\0\0\0\0\
\x04\0\0\0\x03\0\0\0\xd8\x39\0\0\0\0\0\0\x04\0\0\0\x03\0\0\0\xe8\x39\0\0\0\0\0\
\0\x04\0\0\0\x03\0\0\0\xf8\x39\0\0\0\0\0\0\x04\0\0\0\x03\0\0\0\x08\x3a\0\0\0\0\
\0\0\x04\0\0\0\x03\0\0\0\x18\x3a\0\0\0\0\0\0\x04\0\0\0\x03\0\0\0\x28\x3a\0\0\0\
\0\0\0\x04\0\0\0\x03\0\0\0\x38\x3a\0\0\0\0\0\0\x04\0\0\0\x03\0\0\0\x48\x3a\0\0\
\0\0\0\0\x04\0\0\0\x03\0\0\0\x58\x3a\0\0\0\0\0\0\x04\0\0\0\x03\0\0\0\x68\x3a\0\
\0\0\0\0\0\x04\0\0\0\x03\0\0\0\x78\x3a\0\0\0\0\0\0\x04\0\0\0\x03\0\0\0\x88\x3a\
\0\0\0\0\0\0\x04\0\0\0\x03\0\0\0\x98\x3a\0\0\0\0\0\0\x04\0\0\0\x03\0\0\0\xa8\
\x3a\0\0\0\0\0\0\x04\0\0\0\x03\0\0\0\xb8\x3a\0\0\0\0\0\0\x04\0\0\0\x03\0\0\0\
\xc8\x3a\0\0\0\0\0\0\x04\0\0\0\x03\0\0\0\xd8\x3a\0\0\0\0\0\0\x04\0\0\0\x03\0\0\
\0\xf4\x3a\0\0\0\0\0\0\x04\0\0\0\x02\0\0\0\x04\x3b\0\0\0\0\0\0\x04\0\0\0\x02\0\
\0\0\x14\x3b\0\0\0\0\0\0\x04\0\0\0\x02\0\0\0\x24\x3b\0\0\0\0\0\0\x04\0\0\0\x02\
\0\0\0\x34\x3b\0\0\0\0\0\0\x04\0\0\0\x02\0\0\0\x44\x3b\0\0\0\0\0\0\x04\0\0\0\
\x02\0\0\0\x54\x3b\0\0\0\0\0\0\x04\0\0\0\x02\0\0\0\x64\x3b\0\0\0\0\0\0\x04\0\0\
\0\x02\0\0\0\x74\x3b\0\0\0\0\0\0\x04\0\0\0\x02\0\0\0\x84\x3b\0\0\0\0\0\0\x04\0\
\0\0\x02\0\0\0\x94\x3b\0\0\0\0\0\0\x04\0\0\0\x02\0\0\0\xa4\x3b\0\0\0\0\0\0\x04\
\0\0\0\x02\0\0\0\xb4\x3b\0\0\0\0\0\0\x04\0\0\0\x02\0\0\0\xc4\x3b\0\0\0\0\0\0\
\x04\0\0\0\x02\0\0\0\xd4\x3b\0\0\0\0\0\0\x04\0\0\0\x02\0\0\0\xe4\x3b\0\0\0\0\0\
\0\x04\0\0\0\x02\0\0\0\xf4\x3b\0\0\0\0\0\0\x04\0\0\0\x02\0\0\0\x0c\x3c\0\0\0\0\
\0\0\x04\0\0\0\x03\0\0\0\x1c\x3c\0\0\0\0\0\0\x04\0\0\0\x03\0\0\0\x2c\x3c\0\0\0\
\0\0\0\x04\0\0\0\x03\0\0\0\x3c\x3c\0\0\0\0\0\0\x04\0\0\0\x03\0\0\0\x14\0\0\0\0\
\0\0\0\x03\0\0\0\x0a\0\0\0\x18\0\0\0\0\0\0\0\x02\0\0\0\x02\0\0\0\x2c\0\0\0\0\0\
\0\0\x03\0\0\0\x0a\0\0\0\x30\0\0\0\0\0\0\0\x02\0\0\0\x03\0\0\0\x44\0\0\0\0\0\0\
\0\x03\0\0\0\x0a\0\0\0\x48\0\0\0\0\0\0\0\x02\0\0\0\x02\0\0\0\x5c\0\0\0\0\0\0\0\
\x03\0\0\0\x0a\0\0\0\x60\0\0\0\0\0\0\0\x02\0\0\0\x03\0\0\0\x74\0\0\0\0\0\0\0\
\x03\0\0\0\x0a\0\0\0\x78\0\0\0\0\0\0\0\x02\0\0\0\x02\0\0\0\x8c\0\0\0\0\0\0\0\
\x03\0\0\0\x0a\0\0\0\x90\0\0\0\0\0\0\0\x02\0\0\0\x03\0\0\0\xa4\0\0\0\0\0\0\0\
\x03\0\0\0\x0a\0\0\0\xa8\0\0\0\0\0\0\0\x02\0\0\0\x02\0\0\0\xbc\0\0\0\0\0\0\0\
\x03\0\0\0\x0a\0\0\0\xc0\0\0\0\0\0\0\0\x02\0\0\0\x03\0\0\0\xd4\0\0\0\0\0\0\0\
\x03\0\0\0\x0a\0\0\0\xd8\0\0\0\0\0\0\0\x02\0\0\0\x02\0\0\0\xec\0\0\0\0\0\0\0\
\x03\0\0\0\x0a\0\0\0\xf0\0\0\0\0\0\0\0\x02\0\0\0\x02\0\0\0\x22\0\0\0\0\0\0\0\
\x03\0\0\0\x0c\0\0\0\x26\0\0\0\0\0\0\0\x03\0\0\0\x0c\0\0\0\x2a\0\0\0\0\0\0\0\
\x03\0\0\0\x0c\0\0\0\x36\0\0\0\0\0\0\0\x03\0\0\0\x0c\0\0\0\x4b\0\0\0\0\0\0\0\
\x03\0\0\0\x0c\0\0\0\x60\0\0\0\0\0\0\0\x03\0\0\0\x0c\0\0\0\x75\0\0\0\0\0\0\0\
\x03\0\0\0\x0c\0\0\0\x92\0\0\0\0\0\0\0\x02\0\0\0\x02\0\0\0\xcc\0\0\0\0\0\0\0\
\x02\0\0\0\x02\0\0\0\x07\x01\0\0\0\0\0\0\x02\0\0\0\x02\0\0\0\x3c\x01\0\0\0\0\0\
\0\x02\0\0\0\x02\0\0\0\x71\x01\0\0\0\0\0\0\x02\0\0\0\x02\0\0\0\x78\x02\0\0\0\0\
\0\0\x02\0\0\0\x03\0\0\0\x9d\x05\0\0\0\0\0\0\x02\0\0\0\x03\0\0\0\xc4\x08\0\0\0\
\0\0\0\x02\0\0\0\x03\0\0\0\xeb\x0b\0\0\0\0\0\0\x02\0\0\0\x03\0\0\0\x0d\x0f\x13\
\x14\x15\x16\x17\x18\x19\x1a\x1b\x12\x11\x0e\x10\0\x2e\x64\x65\x62\x75\x67\x5f\
\x61\x62\x62\x72\x65\x76\0\x2e\x74\x65\x78\x74\0\x2e\x72\x65\x6c\x2e\x42\x54\
\x46\x2e\x65\x78\x74\0\x2e\x64\x65\x62\x75\x67\x5f\x72\x6e\x67\x6c\x69\x73\x74\
\x73\0\x2e\x64\x65\x62\x75\x67\x5f\x6c\x6f\x63\x6c\x69\x73\x74\x73\0\x65\x76\
\x65\x6e\x74\x73\0\x2e\x72\x65\x6c\x2e\x64\x65\x62\x75\x67\x5f\x73\x74\x72\x5f\
\x6f\x66\x66\x73\x65\x74\x73\0\x73\x74\x61\x74\x73\0\x2e\x6d\x61\x70\x73\0\x63\
\x6f\x6e\x6e\x73\0\x61\x63\x74\x69\x76\x65\x5f\x63\x61\x6c\x6c\x73\0\x2e\x64\
\x65\x62\x75\x67\x5f\x73\x74\x72\0\x2e\x64\x65\x62\x75\x67\x5f\x6c\x69\x6e\x65\
\x5f\x73\x74\x72\0\x73\x73\x6c\x5f\x77\x72\x69\x74\x65\x5f\x65\x78\x5f\x65\x6e\
\x74\x65\x72\0\x73\x73\x6c\x5f\x72\x65\x61\x64\x5f\x65\x78\x5f\x65\x6e\x74\x65\
\x72\0\x73\x73\x6c\x5f\x77\x72\x69\x74\x65\x5f\x65\x6e\x74\x65\x72\0\x73\x73\
\x6c\x5f\x66\x72\x65\x65\x5f\x65\x6e\x74\x65\x72\0\x73\x73\x6c\x5f\x73\x65\x74\
\x5f\x66\x64\x5f\x65\x6e\x74\x65\x72\0\x73\x73\x6c\x5f\x72\x65\x61\x64\x5f\x65\
\x6e\x74\x65\x72\0\x2e\x72\x65\x6c\x2e\x64\x65\x62\x75\x67\x5f\x61\x64\x64\x72\
\0\x2e\x72\x65\x6c\x2e\x64\x65\x62\x75\x67\x5f\x69\x6e\x66\x6f\0\x2e\x6c\x6c\
\x76\x6d\x5f\x61\x64\x64\x72\x73\x69\x67\0\x73\x73\x6c\x5f\x77\x72\x69\x74\x65\
\x5f\x65\x78\x5f\x6c\x65\x61\x76\x65\0\x73\x73\x6c\x5f\x72\x65\x61\x64\x5f\x65\
\x78\x5f\x6c\x65\x61\x76\x65\0\x73\x73\x6c\x5f\x77\x72\x69\x74\x65\x5f\x6c\x65\
\x61\x76\x65\0\x73\x73\x6c\x5f\x72\x65\x61\x64\x5f\x6c\x65\x61\x76\x65\0\x6c\
\x69\x63\x65\x6e\x73\x65\0\x2e\x72\x65\x6c\x2e\x64\x65\x62\x75\x67\x5f\x6c\x69\
\x6e\x65\0\x2e\x72\x65\x6c\x2e\x64\x65\x62\x75\x67\x5f\x66\x72\x61\x6d\x65\0\
\x2e\x72\x65\x6c\x75\x70\x72\x6f\x62\x65\0\x2e\x72\x65\x6c\x75\x72\x65\x74\x70\
\x72\x6f\x62\x65\0\x73\x73\x6c\x73\x6e\x69\x66\x66\x2e\x62\x70\x66\x2e\x63\0\
\x2e\x73\x74\x72\x74\x61\x62\0\x2e\x73\x79\x6d\x74\x61\x62\0\x2e\x72\x65\x6c\
\x2e\x42\x54\x46\0\x4c\x49\x43\x45\x4e\x53\x45\0\0\0\0\0\0\0\0\0\0\0\0\0\0\0\0\
\0\0\0\0\0\0\0\0\0\0\0\0\0\0\0\0\0\0\0\0\0\0\0\0\0\0\0\0\0\0\0\0\0\0\0\0\0\0\0\
\0\0\0\0\0\0\0\0\0\0\0\0\0\0\0\0\0\xc1\x01\0\0\x03\0\0\0\0\0\0\0\0\0\0\0\0\0\0\
\0\0\0\0\0\x0f\x2d\x01\0\0\0\0\0\xe2\x01\0\0\0\0\0\0\0\0\0\0\0\0\0\0\x01\0\0\0\
\0\0\0\0\0\0\0\0\0\0\0\0\x0f\0\0\0\x01\0\0\0\x06\0\0\0\0\0\0\0\0\0\0\0\0\0\0\0\
\x40\0\0\0\0\0\0\0\0\0\0\0\0\0\0\0\0\0\0\0\0\0\0\0\x04\0\0\0\0\0\0\0\0\0\0\0\0\
\0\0\0\x9d\x01\0\0\x01\0\0\0\x06\0\0\0\0\0\0\0\0\0\0\0\0\0\0\0\x40\0\0\0\0\0\0\
\0\xa0\x06\0\0\0\0\0\0\0\0\0\0\0\0\0\0\x08\0\0\0\0\0\0\0\0\0\0\0\0\0\0\0\x99\
\x01\0\0\x09\0\0\0\x40\0\0\0\0\0\0\0\0\0\0\0\0\0\0\0\xa0\xdc\0\0\0\0\0\0\xc0\0\
\0\0\0\0\0\0\x1d\0\0\0\x03\0\0\0\x08\0\0\0\0\0\0\0\x10\0\0\0\0\0\0\0\xa8\x01\0\
\0\x01\0\0\0\x06\0\0\0\0\0\0\0\0\0\0\0\0\0\0\0\xe0\x06\0\0\0\0\0\0\xe0\x3f\0\0\
\0\0\0\0\0\0\0\0\0\0\0\0\x08\0\0\0\0\0\0\0\0\0\0\0\0\0\0\0\xa4\x01\0\0\x09\0\0\
\0\x40\0\0\0\0\0\0\0\0\0\0\0\0\0\0\0\x60\xdd\0\0\0\0\0\0\0\x04\0\0\0\0\0\0\x1d\
\0\0\0\x05\0\0\0\x08\0\0\0\0\0\0\0\x10\0\0\0\0\0\0\0\x70\x01\0\0\x01\0\0\0\x03\
\0\0\0\0\0\0\0\0\0\0\0\0\0\0\0\xc0\x46\0\0\0\0\0\0\x04\0\0\0\0\0\0\0\0\0\0\0\0\
\0\0\0\x01\0\0\0\0\0\0\0\0\0\0\0\0\0\0\0\x66\0\0\0\x01\0\0\0\x03\0\0\0\0\0\0\0\
\0\0\0\0\0\0\0\0\xc8\x46\0\0\0\0\0\0\x70\0\0\0\0\0\0\0\0\0\0\0\0\0\0\0\x08\0\0\
\0\0\0\0\0\0\0\0\0\0\0\0\0\x32\0\0\0\x01\0\0\0\0\0\0\0\0\0\0\0\0\0\0\0\0\0\0\0\
\x38\x47\0\0\0\0\0\0\x8f\x0f\0\0\0\0\0\0\0\0\0\0\0\0\0\0\x01\0\0\0\0\0\0\0\0\0\
\0\0\0\0\0\0\x01\0\0\0\x01\0\0\0\0\0\0\0\0\0\0\0\0\0\0\0\0\0\0\0\xc7\x56\0\0\0\
\0\0\0\x43\x02\0\0\0\0\0\0\0\0\0\0\0\0\0\0\x01\0\0\0\0\0\0\0\0\0\0\0\0\0\0\0\
\x12\x01\0\0\x01\0\0\0\0\0\0\0\0\0\0\0\0\0\0\0\0\0\0\0\x0a\x59\0\0\0\0\0\0\x06\
\x11\0\0\0\0\0\0\0\0\0\0\0\0\0\0\x01\0\0\0\0\0\0\0\0\0\0\0\0\0\0\0\x0e\x01\0\0\
\x09\0\0\0\x40\0\0\0\0\0\0\0\0\0\0\0\0\0\0\0\x60\xe1\0\0\0\0\0\0\x60\0\0\0\0\0\
\0\0\x1d\0\0\0\x0b\0\0\0\x08\0\0\0\0\0\0\0\x10\0\0\0\0\0\0\0\x22\0\0\0\x01\0\0\
\0\0\0\0\0\0\0\0\0\0\0\0\0\0\0\0\0\x10\x6a\0\0\0\0\0\0\xc5\x01\0\0\0\0\0\0\0\0\
\0\0\0\0\0\0\x01\0\0\0\0\0\0\0\0\0\0\0\0\0\0\0\x4d\0\0\0\x01\0\0\0\0\0\0\0\0\0\
\0\0\0\0\0\0\0\0\0\0\xd5\x6b\0\0\0\0\0\0\x8c\x02\0\0\0\0\0\0\0\0\0\0\0\0\0\0\
\x01\0\0\0\0\0\0\0\0\0\0\0\0\0\0\0\x49\0\0\0\x09\0\0\0\x40\0\0\0\0\0\0\0\0\0\0\
\0\0\0\0\0\xc0\xe1\0\0\0\0\0\0\x10\x0a\0\0\0\0\0\0\x1d\0\0\0\x0e\0\0\0\x08\0\0\
\0\0\0\0\0\x10\0\0\0\0\0\0\0\x7f\0\0\0\x01\0\0\0\x30\0\0\0\0\0\0\0\0\0\0\0\0\0\
\0\0\x61\x6e\0\0\0\0\0\0\x18\x06\0\0\0\0\0\0\0\0\0\0\0\0\0\0\x01\0\0\0\0\0\0\0\
\x01\0\0\0\0\0\0\0\x02\x01\0\0\x01\0\0\0\0\0\0\0\0\0\0\0\0\0\0\0\0\0\0\0\x79\
\x74\0\0\0\0\0\0\x38\x01\0\0\0\0\0\0\0\0\0\0\0\0\0\0\x01\0\0\0\0\0\0\0\0\0\0\0\
\0\0\0\0\xfe\0\0\0\x09\0\0\0\x40\0\0\0\0\0\0\0\0\0\0\0\0\0\0\0\xd0\xeb\0\0\0\0\
\0\0\x60\x02\0\0\0\0\0\0\x1d\0\0\0\x11\0\0\0\x08\0\0\0\0\0\0\0\x10\0\0\0\0\0\0\
\0\xd5\x01\0\0\x01\0\0\0\0\0\0\0\0\0\0\0\0\0\0\0\0\0\0\0\xb4\x75\0\0\0\0\0\0\
\x72\x17\0\0\0\0\0\0\0\0\0\0\0\0\0\0\x04\0\0\0\0\0\0\0\0\0\0\0\0\0\0\0\xd1\x01\
\0\0\x09\0\0\0\x40\0\0\0\0\0\0\0\0\0\0\0\0\0\0\0\x30\xee\0\0\0\0\0\0\x50\0\0\0\
\0\0\0\0\x1d\0\0\0\x13\0\0\0\x08\0\0\0\0\0\0\0\x10\0\0\0\0\0\0\0\x19\0\0\0\x01\
\0\0\0\0\0\0\0\0\0\0\0\0\0\0\0\0\0\0\0\x28\x8d\0\0\0\0\0\0\x4c\x3c\0\0\0\0\0\0\
\0\0\0\0\0\0\0\0\x04\0\0\0\0\0\0\0\0\0\0\0\0\0\0\0\x15\0\0\0\x09\0\0\0\x40\0\0\
\0\0\0\0\0\0\0\0\0\0\0\0\0\x80\xee\0\0\0\0\0\0\x40\x3c\0\0\0\0\0\0\x1d\0\0\0\
\x15\0\0\0\x08\0\0\0\0\0\0\0\x10\0\0\0\0\0\0\0\x8c\x01\0\0\x01\0\0\0\0\0\0\0\0\
\0\0\0\0\0\0\0\0\0\0\0\x78\xc9\0\0\0\0\0\0\0\x01\0\0\0\0\0\0\0\0\0\0\0\0\0\0\
\x08\0\0\0\0\0\0\0\0\0\0\0\0\0\0\0\x88\x01\0\0\x09\0\0\0\x40\0\0\0\0\0\0\0\0\0\
\0\0\0\0\0\0\xc0\x2a\x01\0\0\0\0\0\x40\x01\0\0\0\0\0\0\x1d\0\0\0\x17\0\0\0\x08\
\0\0\0\0\0\0\0\x10\0\0\0\0\0\0\0\x7c\x01\0\0\x01\0\0\0\0\0\0\0\0\0\0\0\0\0\0\0\
\0\0\0\0\x78\xca\0\0\0\0\0\0\x0a\x0f\0\0\0\0\0\0\0\0\0\0\0\0\0\0\x01\0\0\0\0\0\
\0\0\0\0\0\0\0\0\0\0\x78\x01\0\0\x09\0\0\0\x40\0\0\0\0\0\0\0\0\0\0\0\0\0\0\0\0\
\x2c\x01\0\0\0\0\0\0\x01\0\0\0\0\0\0\x1d\0\0\0\x19\0\0\0\x08\0\0\0\0\0\0\0\x10\
\0\0\0\0\0\0\0\x8a\0\0\0\x01\0\0\0\x30\0\0\0\0\0\0\0\0\0\0\0\0\0\0\0\x82\xd9\0\
\0\0\0\0\0\x79\0\0\0\0\0\0\0\0\0\0\0\0\0\0\0\x01\0\0\0\0\0\0\0\x01\0\0\0\0\0\0\
\0\x1e\x01\0\0\x03\x4c\xff\x6f\0\0\0\x80\0\0\0\0\0\0\0\0\0\0\0\0\0\x2d\x01\0\0\
\0\0\0\x0f\0\0\0\0\0\0\0\x1d\0\0\0\0\0\0\0\x01\0\0\0\0\0\0\0\0\0\0\0\0\0\0\0\
\xc9\x01\0\0\x02\0\0\0\0\0\0\0\0\0\0\0\0\0\0\0\0\0\0\0\0\xda\0\0\0\0\0\0\xa0\
\x02\0\0\0\0\0\0\x01\0\0\0\x0d\0\0\0\x08\0\0\0\0\0\0\0\x18\0\0\0\0\0\0\0";

	*sz = sizeof(data) - 1;
	return (const void *)data;
}

#ifdef __cplusplus
struct sslsniff_bpf *sslsniff_bpf::open(const struct bpf_object_open_opts *opts) { return sslsniff_bpf__open_opts(opts); }
struct sslsniff_bpf *sslsniff_bpf::open_and_load() { return sslsniff_bpf__open_and_load(); }
int sslsniff_bpf::load(struct sslsniff_bpf *skel) { return sslsniff_bpf__load(skel); }
int sslsniff_bpf::attach(struct sslsniff_bpf *skel) { return sslsniff_bpf__attach(skel); }
void sslsniff_bpf::detach(struct sslsniff_bpf *skel) { sslsniff_bpf__detach(skel); }
void sslsniff_bpf::destroy(struct sslsniff_bpf *skel) { sslsniff_bpf__destroy(skel); }
const void *sslsniff_bpf::elf_bytes(size_t *sz) { return sslsniff_bpf__elf_bytes(sz); }
#endif /* __cplusplus */

__attribute__((unused)) static void
sslsniff_bpf__assert(struct sslsniff_bpf *s __attribute__((unused)))
{
#ifdef __cplusplus
#define _Static_assert static_assert
#endif
#ifdef __cplusplus
#undef _Static_assert
#endif
}

#endif /* __SSLSNIFF_BPF_SKEL_H__ */
